Flow Duration,Total Fwd Packets,Total Backward Packets,Flow Bytes/s,Packet Length Mean,Protocol,Source Port,Destination Port,Label
41,1,0,76648.30893227842,440.89667372792854,6,47201,443,PortScan
6550734,25,63,88267.19353006454,1058.108784793962,0,12416,443,BENIGN
4304672,51,49,81984.43517257337,816.0171734261688,6,27915,22,BENIGN
2234589,7,84,46603.41195000369,1236.9997498740008,6,27032,3389,BENIGN
9958714,6,40,53395.64085805625,1092.2968782241487,17,60502,8080,Bot
9524782,24,71,24227.619398468836,209.58890570151115,17,39512,3389,BENIGN
7204312,19,21,17285.473941878616,202.61566905354374,0,13278,80,BENIGN
9628619,83,53,82300.11748913447,1345.5599849910363,0,4951,21,BENIGN
4472571,9,4,79834.41605448302,1232.8766343825996,0,29065,6667,Bot
4523769,36,16,77735.9828436892,712.5176382808091,17,3521,443,BENIGN
7404952,40,77,46335.93063976348,212.93891946547942,17,4000,21,BENIGN
4981605,93,40,86450.77608445591,1349.8929102149918,17,1764,8080,BENIGN
1766991,24,91,92623.20693508147,361.43682491637657,6,17878,3389,BENIGN
4521473,48,94,32834.43446534448,72.59146645188898,17,51841,443,BENIGN
6019977,63,80,22469.449178035582,1387.8744969813552,17,12931,6667,Bot
3344869,69,34,46426.30307759832,1217.2247186700565,0,54166,443,BENIGN
9180451,266,39,17932.63566745925,94.5426954526513,17,30460,443,DDoS
103455,54,21,88400.28851398968,70.36492888101192,17,25709,8080,Bot
1262852,42,47,33799.05000777694,802.0781440212095,6,45864,80,BENIGN
9784733,45,52,57617.17865405768,987.3815095239813,17,54565,80,Infiltration
5664889,262,92,59471.9495907125,61.11908625929371,0,19670,3389,DDoS
9696079,14,9,51498.78803458964,717.189349501815,6,47415,8080,BENIGN
9305748,29,17,15652.570942309829,1430.9569641207042,17,47307,443,BENIGN
5743166,6,98,99100.06400933713,382.2759702402983,17,63915,3389,BENIGN
97,1,0,17260.32292411297,123.20767769549708,17,1983,443,PortScan
4721439,772,48,75150.73605709098,45.20939404509059,6,2583,3389,DDoS
9889650,53,70,79136.2874055159,999.4712080539347,6,26716,6667,Bot
3275809,18,29,14516.370836127267,1110.9926623288827,17,50856,3389,BENIGN
84754,87,18,93316.35115498803,1112.9754077299172,0,26651,6667,Bot
5147681,38,54,48775.876262772836,183.7972648816462,17,16701,3389,BENIGN
1954454,59,59,62888.29585676866,1329.9323928498395,6,63886,22,BENIGN
8242780,496,86,64218.60560347962,83.5756963444037,6,53949,21,DDoS
2428488,68,71,50495.51255923007,330.66843934157527,6,46345,3389,Infiltration
8916886,44,80,14202.20441211537,929.397065867649,0,6015,3389,BENIGN
2663146,47,20,75175.33578912991,333.53663016207355,17,49121,80,BENIGN
5499820,35,25,58178.58351234922,771.8969694254355,17,29980,21,BENIGN
6641013,87,27,11868.061525738349,622.4039508871532,6,52126,80,Infiltration
3416764,91,38,70032.19686336086,363.4107086902058,17,5718,8080,Bot
3385759,60,32,70276.32608064906,452.2482561024834,0,57233,6667,Bot
3385457,90,39,54848.64460959151,652.5627024140772,0,47622,22,BENIGN
1465789,52,82,9054.881029156802,532.3173125464933,17,5786,21,BENIGN
68248,8,28,35264.403113672925,584.7321608699525,17,43912,22,BENIGN
1825765,80,19,5092.410762670096,1108.4432399239531,17,19475,443,BENIGN
2745783,945,19,47759.60188263914,98.78624047806258,17,13051,80,DDoS
4056618,3,73,90644.71318940434,948.8755092519882,17,11124,8080,BENIGN
2670095,96,11,225.29826129237262,1023.6735079587955,17,9172,443,BENIGN
4997995,69,96,26663.86530424122,1207.0888283415825,6,43355,8080,Bot
6398086,84,24,79985.9101148085,1274.0442194582952,6,29745,22,BENIGN
1871028,14,24,986.0833821606518,254.82500433132992,6,24764,22,BENIGN
4155399,96,3,1017.3437046006705,224.6259264546433,0,44098,80,BENIGN
6249959,536,3,61081.85860943991,22.753103313562733,0,7532,3389,DDoS
2305513,70,8,78919.97567985844,1140.2364948627874,0,32969,22,BENIGN
3910297,58,14,77650.54174666706,423.0431167547301,0,12176,80,BENIGN
5558119,100,25,77957.8020749287,23.036855539722303,6,61538,22,DDoS
5414809,51,78,36100.63448176657,1162.9143573054212,17,30356,6667,Bot
271936,5,89,88272.41442744588,1155.9046001958725,17,19400,3389,BENIGN
3584802,77,91,1283.5601396736895,987.6538458483433,17,16336,21,BENIGN
22,1,0,31218.87367723004,136.60578998138018,0,37023,3389,PortScan
2299535,80,31,33718.76948353899,94.9529132080715,6,48943,443,BENIGN
8585477,1,75,16557.112581954116,594.8990588731326,17,46107,6667,Bot
74,1,0,33622.59729920992,59.497391189244055,0,19921,3389,PortScan
1271841,54,51,58588.4130052109,1358.1336111450335,0,17083,8080,BENIGN
3769415,11,31,52027.93126973825,49.814103836991826,0,19269,22,BENIGN
1046897,53,8,31942.735858453987,63.8270359701327,17,23353,22,BENIGN
3047362,8,77,74932.75136824555,264.6845199897612,6,26821,80,BENIGN
9973106,25,12,71479.05784378073,947.9823947466293,17,22736,3389,BENIGN
564785,40,55,28069.64770804404,821.500128067807,6,14772,443,BENIGN
2879290,32,43,32322.839277791747,996.0409621019196,6,3337,6667,Bot
1,1,0,28752.019863212765,1342.461608839842,17,50945,21,PortScan
9700444,28,95,12885.116651121552,693.3195632013142,17,8160,80,BENIGN
1007393,78,82,75278.16429608548,84.93644430313765,0,4586,6667,Bot
4774283,3,29,4627.651051524906,1149.9750053129576,0,43416,80,BENIGN
3366712,91,15,15058.049410342279,1221.7074049051798,17,43941,443,BENIGN
8411955,84,11,10530.451774784744,93.8347726321174,17,44288,22,BENIGN
5267280,79,73,82533.89755243344,379.41695458346135,6,35151,8080,Bot
46,1,0,4400.851538675099,1160.4832630109663,6,30553,22,PortScan
2704338,277,17,66462.72899165588,88.38256418909845,0,51432,443,DDoS
2630808,45,12,4447.459841080348,719.52406972734,6,8907,3389,BENIGN
3494779,92,92,78644.34039217993,1238.3000988677588,17,42056,21,BENIGN
5517309,25,23,91271.40863937486,160.0369168455309,6,14348,8080,BENIGN
1767740,61,11,48684.316583456144,1022.3808002086505,6,65094,8080,BENIGN
6723871,44,59,80454.18010122956,338.17689239147876,6,63992,443,BENIGN
1285260,97,59,70641.05328502283,112.72411799324442,17,38912,80,BENIGN
6080626,46,92,79563.52921734672,1000.4968114747709,0,10398,22,BENIGN
5173136,14,85,76677.51995259884,199.690134400221,6,6652,21,BENIGN
1425572,8,99,20536.788373873194,1125.5707430277246,17,9698,8080,BENIGN
49084,48,0,49955.90101547896,320.00397905772155,6,59607,6667,Bot
6556268,14,42,96041.41871263858,91.79779012962106,6,3266,6667,Bot
22,1,0,34353.29445814916,166.9602481888787,17,28983,22,PortScan
2231019,80,39,97048.70906370644,1265.079968143942,6,9618,3389,BENIGN
6940219,82,63,58316.17114337358,569.0329601836058,17,39939,8080,BENIGN
1737195,7,33,46161.14176657774,467.35462922377843,0,1788,21,BENIGN
4780550,79,33,65775.74650262021,746.9742531745393,6,58139,80,BENIGN
7469444,88,47,81583.91711776936,956.7402018981247,17,2859,8080,Bot
2109918,49,32,39420.81548507492,74.9113230633836,6,11805,3389,BENIGN
2231885,938,67,3295.417511463794,64.53718398116087,6,42787,3389,DDoS
3853439,13,29,70880.62979704114,1438.5524199341876,6,39860,8080,Bot
9467819,73,83,95616.67844973851,637.6140879092064,17,62569,6667,Bot
996207,56,89,62498.665027633804,630.6907757228759,17,13433,6667,Bot
7130244,56,78,18841.447854547332,1320.2686834714177,17,20410,8080,Bot
4545683,15,70,24824.253218111036,655.3814612434225,0,65219,80,BENIGN
3747489,57,70,90975.07186313742,1287.1611035209658,6,24534,8080,Bot
4142907,58,28,1356.2095604470637,61.93867784429433,17,28362,443,BENIGN
7988104,35,22,54874.666546341745,744.6829009765881,6,52995,80,BENIGN
6245135,88,33,15867.764519395578,1429.594986263095,6,14576,80,BENIGN
3602379,97,83,28276.44352170794,394.15089492139543,6,4148,8080,BENIGN
5516089,16,14,30698.164949326012,413.90913426959855,17,4219,80,BENIGN
2121790,580,96,21928.274773832756,90.61933933936655,0,47191,443,DDoS
491334,93,52,79235.20627061557,1390.7625073150314,0,25909,443,BENIGN
9909809,87,16,33220.917397875884,314.1385171086718,0,29427,3389,BENIGN
5401318,45,63,34548.4991265538,1384.043518259155,0,40787,443,BENIGN
6914650,970,83,45300.681369345904,75.57144615790418,17,13868,80,DDoS
6167394,40,60,90229.52887404225,1489.71002510636,0,12176,3389,BENIGN
9286129,54,56,68817.3032026683,1109.9590927498937,0,47679,22,BENIGN
6906826,14,76,6174.97041677777,1008.3448002616124,17,7865,22,BENIGN
5888894,59,87,3926.192103657411,1226.0566945007502,17,56332,8080,BENIGN
7558258,343,36,56638.92295770254,57.646852124041814,6,36048,22,DDoS
6510525,791,6,88706.05617272078,32.90767398521184,6,17842,8080,DDoS
8511117,27,7,32325.147600059114,265.0813529885726,0,12339,8080,Bot
7887839,47,86,24777.18289021684,57.99214744675224,6,9102,3389,BENIGN
769698,80,77,74819.10453130791,1052.8281249726583,17,39811,443,BENIGN
5292995,6,67,60209.13664698274,293.20123067067374,6,1873,21,Infiltration
7971479,55,20,56502.73423568051,1142.9547058551893,6,25706,8080,BENIGN
3331168,97,60,14930.119914354113,1196.6576874139187,17,52847,80,BENIGN
3256515,44,73,17596.131866098563,370.31487616998186,0,25719,8080,Bot
874471,18,85,28178.777592402428,148.34608925131278,6,7234,80,BENIGN
5654337,16,93,20683.89346819369,761.2150300926237,6,28634,80,BENIGN
973648,12,93,97144.47450464361,1337.5233956410707,0,48209,22,BENIGN
3344114,20,79,1861.101635615736,1273.9908295234811,6,41936,80,BENIGN
7064846,45,74,62605.63384293241,193.28203562039786,0,46793,6667,Bot
9602183,64,85,51759.88248754383,1447.8792314874222,17,55992,8080,BENIGN
6216304,59,28,32325.123589843628,410.64480917330474,17,60260,80,BENIGN
5193642,93,24,88758.87121039754,537.0989419941001,0,31607,8080,Bot
32,1,0,67016.25775392822,240.59435974675438,17,6812,22,PortScan
4574393,901,13,99835.43513232264,51.188891757751236,17,33710,80,DDoS
6707071,337,77,16865.595932648535,82.97160740469617,17,49779,8080,DDoS
43685,97,65,8786.783586782876,768.9958249743959,17,35953,8080,BENIGN
87,1,0,13939.726746634395,1244.7584378929218,17,53892,80,PortScan
109656,29,76,26929.096758459626,969.1252006600963,17,42743,8080,Bot
1575657,216,66,41678.69915679561,38.713403969293154,6,2670,3389,DDoS
8306561,45,29,86260.3285001943,845.0082867929124,6,30149,3389,BENIGN
2009121,77,17,28359.176632888662,115.00286631455026,6,47039,8080,BENIGN
1201582,9,53,91524.33100276822,879.5700299018024,17,9447,22,BENIGN
542435,447,99,46290.76884047166,76.98931951927409,6,43578,443,DDoS
4270170,15,20,64707.00185389826,165.6297682426249,0,31522,3389,BENIGN
6700479,106,52,26440.771405595075,39.787566330133444,0,32516,443,DDoS
3561020,13,82,15601.381602353793,1349.1687490494576,0,17969,21,BENIGN
6860106,91,15,86945.69406580493,887.3361621966799,6,56635,443,BENIGN
2484513,273,27,10950.618052016393,57.08275025304278,17,2830,3389,DDoS
2907460,71,3,77402.13057670227,627.98990072236,0,32218,6667,Bot
5895644,72,54,58098.43060768575,1468.7847270973302,6,1899,80,BENIGN
5697569,215,14,86113.77816788488,26.834560344872187,6,7538,8080,DDoS
2235100,354,63,71781.8412098177,56.39987669903161,17,27238,443,DDoS
6908631,36,64,28166.41021115418,471.99656355048415,17,26592,22,BENIGN
4322352,571,15,57442.75972572762,69.01620354472337,6,21143,21,DDoS
5822284,81,19,1307.3619605447284,1252.9237631687183,17,43540,80,BENIGN
402790,40,63,47521.834237242896,1148.6206597678363,17,21761,8080,Bot
2548521,93,32,8601.363557203567,1234.530970051089,17,46802,8080,BENIGN
1954209,27,80,42894.499781032966,463.54790689470576,17,3500,22,BENIGN
4422980,1,68,10961.18079986772,1061.4192058894362,17,61939,3389,BENIGN
7205647,34,68,95547.9806945415,345.4858146678761,6,41553,443,BENIGN
8323835,68,57,52306.79574077278,36.74107366699724,0,14345,8080,BENIGN
6457394,88,38,91321.79852766433,1302.4033879407887,6,17324,443,BENIGN
1384350,21,76,2236.6222965765846,794.8177208428697,6,1700,80,BENIGN
61187,33,35,63765.32838818979,1475.8069394734907,6,56982,21,BENIGN
6410007,7,93,30695.45019266202,589.8528284575452,6,53932,8080,BENIGN
1496276,65,67,43182.899596523624,1436.172050344416,6,9640,21,BENIGN
39453,3,86,87308.73952146897,930.2847499393879,17,2624,21,BENIGN
6484631,51,20,98002.10947587447,778.0635063185578,0,56057,3389,BENIGN
3360111,79,62,24649.195443335237,468.1582127060261,17,31231,22,BENIGN
30,1,0,94825.32853533016,1241.4089850836565,0,2364,8080,PortScan
4259722,54,5,68872.69488817191,1246.6162246292622,6,26229,22,BENIGN
4959717,80,23,95141.39143572707,637.0557076611968,6,62597,3389,BENIGN
5725670,74,52,56236.699862121,1096.393850077088,6,53184,21,BENIGN
416980,93,94,96075.62849914706,681.9121449518425,6,52241,80,BENIGN
7072795,59,82,89245.54581474337,1114.695755810681,6,63834,80,BENIGN
7433396,690,75,12859.174122544604,65.06544332881573,6,62831,443,DDoS
4965150,29,77,31078.992710173046,408.49454437088525,6,41726,443,BENIGN
813268,17,49,24306.319151251188,958.3976366260019,0,33959,8080,BENIGN
225381,60,11,57209.9326050257,582.2193883577138,6,62373,80,BENIGN
3782975,22,55,80279.94315059253,831.5899141997849,6,62380,21,BENIGN
2995865,24,14,75941.14468868812,1313.7379748390601,6,9232,80,BENIGN
7734202,81,82,72674.91322834766,534.4122867780891,0,8076,8080,BENIGN
5595208,635,91,37526.48757355859,52.51732115170459,0,2569,443,DDoS
5674819,51,39,13963.688162782795,1202.4270341595795,6,18938,8080,Bot
8658244,702,40,21058.355362859926,49.57562205898367,17,4837,443,DDoS
6609380,11,68,74167.74596483326,685.113401770259,0,2521,3389,BENIGN
5500406,56,68,14753.433905956326,291.33290940597277,6,1566,22,BENIGN
4372193,71,5,22294.67049335211,157.4220429227851,0,59094,3389,BENIGN
1561829,650,86,42455.26528734912,42.03190059807042,17,48433,443,DDoS
5031695,39,66,7211.243068746298,1083.978309754377,6,17786,21,BENIGN
5478147,69,32,21269.20607701298,629.4209743874421,0,5459,8080,BENIGN
9070377,48,42,14976.812734123656,863.9368293307197,17,31894,443,BENIGN
1119143,57,20,95132.17829118404,141.42741942121162,0,32812,443,BENIGN
7103330,294,83,19152.588554488913,81.36832525659258,0,5326,3389,DDoS
2558331,82,64,86176.97101703937,36.73262972251229,6,45477,21,BENIGN
6660008,99,16,11479.81912666084,1016.4609868126164,6,40074,443,BENIGN
3080489,941,92,86967.31323025073,82.61104781537972,0,61831,21,DDoS
1662009,15,7,59943.37862734697,1451.0513470330798,17,42829,6667,Bot
87,1,0,84970.59232246179,476.5145992842493,6,15743,21,PortScan
110178,77,89,86734.86885373575,558.1546975216966,0,4876,443,BENIGN
1915731,51,27,59637.35306674091,714.8449505426103,0,54997,8080,BENIGN
6314227,76,97,91769.4153395024,492.3283082124455,6,34465,22,BENIGN
9792812,62,89,58544.8291484623,1229.8159683782003,6,37312,22,BENIGN
2008287,303,12,71256.50778783753,58.64220399470235,0,47972,80,DDoS
1659166,37,12,41608.047716883266,36.33339722829808,6,12255,8080,Bot
2148915,6,37,91406.76944709873,988.8992102708463,0,56522,21,BENIGN
7355840,71,24,82416.25389120266,1035.4106542504935,17,3081,21,BENIGN
4506359,268,61,16671.31116169275,50.604941191562325,6,62813,3389,DDoS
7474015,8,22,57638.78502046988,568.1908119566205,6,22603,22,BENIGN
7658526,73,85,89682.73290869464,309.01435315458434,0,56041,3389,BENIGN
6404103,91,20,79306.4493658951,790.4599829224321,6,64232,21,Infiltration
4135414,4,53,96255.2780661325,682.3824131760172,17,18145,8080,BENIGN
910781,256,62,23130.16869475948,70.99383778421668,0,45942,21,DDoS
1607718,31,29,36745.9633130478,1357.8836530285998,17,29912,8080,Bot
43,1,0,50719.18880181313,148.3278809019163,17,31011,8080,PortScan
4336887,25,67,23266.917002726495,1272.937628400385,17,39939,8080,BENIGN
2755523,15,96,39404.52551888191,1365.2768997678077,17,61817,8080,Infiltration
71395,35,75,53753.92044243324,1387.721099831249,0,14996,443,BENIGN
9132682,49,72,19133.920300134065,1151.1785910997833,6,33660,80,BENIGN
7613387,43,31,25668.781870258063,1118.2821901380355,17,27324,3389,BENIGN
3445476,41,74,12484.249980879447,42.04722700358593,17,36445,21,BENIGN
5251135,37,23,71338.14098857484,1381.883601284946,0,10277,443,Infiltration
3612700,57,6,36155.192653613296,540.2277164369895,17,63051,8080,Bot
825916,42,71,22026.61531837884,80.8604069937406,17,59686,80,BENIGN
8763413,47,96,50732.414918095245,631.2093789576464,17,8280,443,BENIGN
2026893,92,88,6824.930568524767,1104.621897240413,17,32565,21,BENIGN
554694,61,0,92340.66063183948,674.0936984051425,6,59197,3389,BENIGN
8536426,14,2,29446.752115726427,1141.8564124188053,17,64786,8080,BENIGN
3504573,68,27,88646.43481838622,773.925951828629,0,61953,8080,Bot
7299795,811,42,49762.0065324647,64.61858576761372,6,45205,80,DDoS
2204764,84,96,85015.04977106405,320.3102693472283,0,7773,80,BENIGN
4341847,34,45,24706.44407896445,643.2328771234646,6,45368,80,BENIGN
9907871,76,0,17527.060224275305,72.98910853662406,6,38898,6667,Bot
687076,97,37,84941.18032348284,645.3649793976429,17,19555,443,BENIGN
2472289,884,90,21292.38823717109,73.3804373127727,17,24834,80,DDoS
8506504,986,34,74619.53492995801,44.48124257685383,0,18710,22,DDoS
1241182,69,73,34458.37946596324,871.7119271343186,6,4099,3389,BENIGN
5184602,30,75,74819.37264351614,976.1435851367843,6,64923,80,BENIGN
6561100,88,73,90764.62659883303,447.5187058565433,17,7757,80,BENIGN
6671558,7,53,98163.8431287293,354.21519321932755,6,5829,443,BENIGN
4892406,589,97,35980.94772686334,83.06796474296769,17,15685,21,DDoS
3674615,38,23,36752.58346405462,1013.9169148722999,17,11176,443,BENIGN
1579259,80,27,98138.77367848546,201.56411540386821,0,19108,443,BENIGN
12,1,0,86152.81302980383,373.18924699047284,17,57862,22,PortScan
4515588,15,15,4509.197191137804,1420.932163975911,17,28620,21,BENIGN
6041595,605,12,57344.99862265204,45.33942486816721,6,2048,443,DDoS
9056942,23,99,18124.477154843833,58.2306352726849,0,26199,8080,Bot
8767188,12,99,99401.25360932185,114.39743522260105,0,51617,443,BENIGN
6324267,93,61,13892.30123709737,1167.7322994859014,0,57523,22,BENIGN
792071,882,42,55934.761254286655,53.49786174997281,17,29705,3389,DDoS
501257,103,86,66519.83700291831,30.593818256405314,0,60790,8080,DDoS
4378827,93,77,93706.46546540564,246.7371491377705,17,17339,80,BENIGN
4124599,49,31,84725.83116441869,757.1957210390057,17,50821,80,BENIGN
5946694,760,66,24575.477132778302,88.42954578343353,17,8643,443,DDoS
5106899,15,90,57262.39512925046,573.4731548878206,17,35783,22,Infiltration
4327676,682,82,95357.39579058833,71.54189970967892,0,30829,8080,DDoS
4962240,42,85,73571.68471049376,113.02971080999842,0,61564,8080,Bot
83,1,0,68833.63483798938,1190.9157297264564,6,16815,443,PortScan
2905041,15,64,75490.10792811566,934.9668207481819,0,56014,3389,BENIGN
7983541,63,68,32250.61889878198,1255.2599831789903,6,20780,443,BENIGN
5320485,68,48,72925.22694032361,764.7389265277169,0,5771,22,BENIGN
2100121,27,32,23285.47514469159,1477.780225875553,0,64614,21,Infiltration
9749536,657,18,42810.27709077534,38.82296470323307,0,2670,3389,DDoS
6928140,93,35,88992.88171885065,422.2395609028825,17,53317,443,BENIGN
618567,53,69,1897.1146490751712,592.7258468311949,0,57204,8080,BENIGN
5333252,52,14,41431.86502523467,1134.0099311967242,0,32660,8080,BENIGN
7328241,823,99,26682.176673905957,88.13744430418492,6,64621,21,DDoS
5072248,73,96,19858.96164936094,1367.834721635531,0,54495,8080,BENIGN
71,1,0,83857.54214725122,985.8980737313351,17,15583,22,PortScan
5134307,57,26,69649.8572844978,723.1790458315463,0,19162,443,BENIGN
8517099,52,48,11263.272041148175,578.924293488886,6,1774,8080,Bot
6730986,43,74,49446.332650118944,640.384256067593,0,32374,21,BENIGN
9405734,7,22,46690.57718271111,1278.5996235648668,0,34634,21,BENIGN
5853684,42,32,14252.779402940852,1470.413088538944,6,31957,22,BENIGN
8170628,4,40,79976.27009912083,96.82559368154818,0,14883,3389,BENIGN
4301854,69,55,36667.39714541998,878.7621012998521,6,20822,80,BENIGN
2269142,5,28,76193.77751603944,789.6798786502925,6,45412,6667,Bot
1983609,75,30,19206.261508221247,576.6905667751145,17,58134,6667,Bot
7740241,92,64,31507.346161383233,1280.3331356787378,17,20918,3389,BENIGN
116481,80,97,9517.094770266587,872.099665004483,6,19711,21,BENIGN
1521801,41,17,14347.92697456082,483.41177210562137,17,61082,8080,Bot
6105625,94,81,88318.34903527329,677.2739767389083,17,51681,22,BENIGN
9588094,4,5,10911.264418557754,548.0692649281546,6,30715,6667,Bot
3438718,746,51,9573.12072859432,76.38344063856096,0,18835,3389,DDoS
7913797,209,39,94037.73108366599,55.37442044017995,0,21262,80,DDoS
2457284,21,64,64590.345966076755,185.6354080010441,0,30761,22,BENIGN
4103122,70,41,10091.598355441944,943.0636912893425,17,47491,6667,Bot
1418275,297,93,97171.67390660514,99.18742650329494,17,47132,8080,DDoS
3806788,82,67,14710.001050329713,962.1982145951074,0,28342,443,BENIGN
7265895,69,31,76634.5725285428,1149.3515881478645,6,5095,8080,BENIGN
3773062,9,9,3485.1361639586466,1416.430351787056,6,45258,80,BENIGN
4041876,84,68,62454.17973398115,1293.7150942011297,6,60976,443,BENIGN
2727523,28,8,54670.387210289584,639.3941774694403,17,3398,22,BENIGN
5709940,26,68,20800.381042530113,341.9638426434875,0,32586,3389,BENIGN
5130497,82,60,64314.614272041625,481.54127316985193,6,14389,22,BENIGN
3451456,83,10,61705.299317738856,889.8574021590324,0,39401,8080,BENIGN
9520273,3,98,79835.17154639767,1287.188334997199,0,60832,21,BENIGN
3444184,73,90,87587.40586004453,1058.5517027911696,17,53981,80,BENIGN
2927209,492,67,51010.4940653566,46.97678000488282,6,54111,80,DDoS
6979551,49,73,49029.51934841613,910.779972148851,17,47101,8080,BENIGN
8520081,17,96,62159.57709446977,801.8265963178904,0,51559,8080,Bot
7778584,63,7,72920.75892298132,1458.0087167678523,0,12836,443,BENIGN
8504002,55,48,35617.11724418746,1227.8153493382292,0,53452,8080,BENIGN
27,1,0,50464.18833662284,1176.2902787937,6,28550,21,PortScan
4842711,34,32,58510.41858231734,785.6469005583233,6,1303,8080,Bot
6357282,69,18,98837.80838359111,511.0779972029211,6,22582,80,BENIGN
4335968,15,1,58771.219645591664,48.88085961988558,0,54154,6667,Bot
9815096,47,54,22418.65507422567,84.27643605238542,0,3294,22,BENIGN
2215267,531,10,58798.98582402607,27.963965338923735,6,11371,21,DDoS
3886502,83,98,81949.95829490181,1471.1056148310336,0,40653,21,BENIGN
6545635,199,16,85740.36800111909,78.67672387058094,0,18091,443,DDoS
6842485,3,41,80025.04545930117,230.33590240419593,0,50777,21,BENIGN
9078652,4,60,88820.94152888418,736.541981437988,6,19451,21,BENIGN
26,1,0,33476.63418791274,732.4737270018752,17,51708,80,PortScan
1989273,31,85,50757.06209526621,1381.5611755819023,17,34752,22,BENIGN
3080861,45,34,77959.1096007544,128.82844287592616,17,4101,3389,BENIGN
1414566,59,84,26444.99507590984,1436.713964431914,6,34298,80,BENIGN
445201,45,88,37158.143785170105,340.25755274469316,0,43806,80,BENIGN
8106709,75,65,83115.5654556012,1455.827637771153,17,59562,8080,Bot
7413123,37,0,77008.56496204832,821.1596662278714,17,59242,3389,BENIGN
7613369,65,6,97119.9567916089,984.9788639779246,6,52491,8080,BENIGN
1105634,9,19,99597.40585146501,487.2785835377579,0,13504,8080,Bot
9972301,17,42,24074.454697137902,925.4994476274009,0,3827,3389,BENIGN
18,1,0,90044.99861736734,1072.0280742511086,6,6323,443,PortScan
4353227,3,54,9451.550135006913,35.34784759261222,17,61175,21,BENIGN
7315460,151,99,70980.02089640555,80.5639231821776,0,44101,443,DDoS
8073561,53,20,22009.938767555093,1479.9859776686828,0,17116,443,BENIGN
498963,31,50,30031.115692256273,697.1845152413669,17,38941,6667,Bot
8756362,26,45,94632.11776645418,1405.0099376461008,6,53366,22,BENIGN
2676288,23,34,26315.123673421193,1100.2484728886695,17,53964,21,BENIGN
3296090,30,99,67317.78691606302,571.9930957917303,0,30205,21,BENIGN
7783037,10,7,17812.850786325616,243.24616689462414,6,1757,22,BENIGN
6526918,72,67,9338.99775704876,1467.6645649143136,17,5579,21,BENIGN
9881493,89,15,33931.702534386444,885.054460505613,17,35453,8080,BENIGN
9185787,64,66,62419.61007894813,304.68780258537987,6,38345,443,Infiltration
5491690,22,70,24794.51437540812,1028.8464108362255,0,5686,21,BENIGN
6512540,512,63,30016.8798671674,24.717208482843755,6,21542,80,DDoS
6099728,56,1,70872.98186064551,1304.6951740154361,6,34761,443,BENIGN
6556068,74,0,10279.602298136902,153.40327393790164,0,31569,8080,BENIGN
2699115,20,57,44690.509180350746,369.5676502709301,17,1285,8080,BENIGN
9674833,47,0,94173.45298822242,155.31759203251553,6,21687,8080,Bot
8837690,87,6,39697.1662414225,173.60508093720938,6,54791,22,BENIGN
1172722,102,87,43420.10279774393,85.55352976031101,17,65491,80,DDoS
2503871,53,68,73820.43036072889,1036.7449077879005,0,32566,21,Infiltration
3177925,1,84,77901.15220328468,1186.9530393520113,17,49000,22,BENIGN
996261,2,91,76960.63897805245,1048.6818286110981,17,37391,8080,BENIGN
4183939,58,17,99786.70249135721,557.9649218133849,6,21367,443,BENIGN
666426,19,87,7145.108748705731,844.7859248296387,6,17793,8080,BENIGN
649250,62,31,98225.32846329993,1392.9428301537814,0,15935,21,BENIGN
3376057,78,44,95018.96169973988,593.6133913160024,6,46332,22,Infiltration
118934,720,32,85213.89002595581,82.07532110987944,17,2058,21,DDoS
3239676,12,73,45412.55758520417,788.5926462301621,17,65111,8080,Infiltration
5893409,26,72,87090.23716339243,460.056113526305,0,31954,80,BENIGN
5948640,27,48,22083.241230609518,407.4892369035763,6,51715,8080,BENIGN
4250013,29,32,79165.58353878303,1172.6288858548294,6,47746,21,BENIGN
4422301,15,96,18523.830312105416,1338.437068948353,0,35598,22,BENIGN
1079700,46,70,81536.20034711798,763.4286904684485,0,64871,8080,Bot
9414423,258,67,61452.91332640569,94.36770974604678,6,46147,443,DDoS
9827241,60,27,9803.127951352553,296.892350771917,0,28074,443,BENIGN
3503257,92,86,89531.95553572253,830.5116592930548,17,15184,22,BENIGN
8272974,57,52,57795.71954552444,961.5759152043856,0,52232,8080,BENIGN
8849951,3,95,65624.82781371147,746.1829683688226,17,63000,6667,Bot
1985688,18,43,28351.003565161005,192.98272019533042,17,35392,3389,BENIGN
8640159,52,79,87163.55039228065,1106.4683430922346,17,21095,3389,BENIGN
4197455,60,54,54520.07351535635,1261.8357022404589,6,38582,443,BENIGN
1752783,443,9,42112.02842915035,29.483929804231074,17,47276,80,DDoS
7716968,162,13,53428.17452283175,68.06476466247204,0,18208,443,DDoS
1004746,93,35,70331.30814677766,130.33761097584363,17,35861,8080,BENIGN
9360233,89,33,69504.78756992701,466.3737840982288,6,41001,22,BENIGN
3867600,60,87,35757.71009578127,74.74536553862079,6,12491,80,BENIGN
449495,26,17,38525.82801062605,1262.044135470342,6,29850,21,BENIGN
5144001,72,15,56223.81928384271,1060.5294513039096,6,12810,21,BENIGN
6754450,19,36,92440.7120716988,854.2592182809313,0,28457,6667,Bot
1260486,22,40,74543.02669659755,1336.6561051559231,6,18893,22,BENIGN
3054490,93,24,39041.498536555664,182.93837965970522,0,54349,80,BENIGN
7019531,33,7,33703.26265517611,1077.4004298165291,6,56423,80,BENIGN
3379669,38,87,52363.667413731455,237.01566626109903,6,56298,80,BENIGN
2900703,35,83,86999.13689145948,110.16963161765356,0,64789,22,BENIGN
8611574,67,93,867.9241595875187,216.69867090962094,17,17032,22,BENIGN
9523956,83,83,71048.60682895641,1427.3913342487544,0,54990,21,BENIGN
1646811,10,17,29451.225543776694,671.8414092938978,17,14074,443,BENIGN
5587874,91,67,20839.74802161699,92.51363040979622,0,15072,8080,Infiltration
6319807,15,47,1213.7996816758866,883.7792794171538,17,29752,6667,Bot
7967901,11,99,89659.0620625477,315.57681787619543,6,42322,3389,BENIGN
1423386,90,69,91224.84700064406,30.117887184454997,17,8990,3389,BENIGN
3696061,24,66,6141.744164382013,1142.4109757771341,17,9489,3389,BENIGN
8217416,77,17,52181.53230513606,249.19735680139897,6,40843,80,BENIGN
3178045,96,17,15257.445867360986,1414.8799790926166,6,25255,443,BENIGN
7348440,4,55,75868.75546482741,897.3438058041277,17,21369,8080,BENIGN
183162,13,22,66539.14717661469,148.7538173601475,17,60260,80,BENIGN
2842092,73,34,29713.081295514432,342.38015443480094,0,53932,6667,Bot
4294639,57,5,11696.028104036537,924.0500631445692,6,5552,443,BENIGN
6096029,98,25,83122.06628073886,520.4068375117458,6,9088,22,Infiltration
4944605,37,84,67425.2479284851,807.5717155526576,6,56929,8080,BENIGN
803428,48,60,681.9945002552786,1203.2778289626278,0,44422,3389,Infiltration
4063058,71,87,62787.17809361053,1193.0502321915787,0,43905,8080,BENIGN
1043333,1,14,81029.60276963458,1053.0204698949328,17,56184,80,BENIGN
92,1,0,59076.805957648285,1331.3603730723794,0,61781,22,PortScan
529625,12,31,42471.36766767197,315.0538235352865,0,35075,21,BENIGN
176715,21,11,58391.8378542315,282.31740305550096,0,5115,3389,BENIGN
4382032,11,4,61971.20567473473,1203.0372840550772,6,33452,21,BENIGN
6665188,44,63,64003.462394213086,494.9162324171671,17,3245,22,BENIGN
7474547,58,70,96704.50539043636,778.029971406423,0,10963,8080,Infiltration
4601120,44,85,17864.778755835832,1121.0491801049275,0,45250,3389,BENIGN
3699491,78,26,62309.31273139058,605.9798917556348,0,31496,443,Infiltration
8929960,98,78,18799.331962968445,212.6402042874358,6,40913,3389,BENIGN
7006554,34,44,20995.67202490118,1025.5966586451916,17,53688,22,BENIGN
3612710,25,34,66925.78837073669,1229.395892534977,17,7439,80,BENIGN
7031983,4,25,91595.40849719828,38.93997969968638,0,28978,21,BENIGN
2164467,64,22,15904.424709924158,852.5771319726622,17,13619,3389,BENIGN
144456,90,12,96246.5533756426,714.7195367483943,6,55944,6667,Bot
8744320,16,89,31937.2326016229,404.20208966039047,0,36434,443,BENIGN
8398143,251,2,39131.40434568001,37.55380332986953,17,25477,21,DDoS
1748114,275,28,15368.082393883753,51.95535624408268,0,34347,21,DDoS
7156820,35,65,61583.610585165035,1092.9603126525724,6,36046,21,BENIGN
2288727,199,63,59642.04946239673,41.20726632819451,0,2164,3389,DDoS
6518063,902,27,44226.97431026492,55.94381616032394,6,48005,80,DDoS
6597619,19,86,47609.13898843359,379.9815814131871,0,56324,8080,BENIGN
764221,59,35,62297.587578689076,1436.2181816458651,0,45788,80,BENIGN
7068221,53,5,58349.653496435836,782.3621478207929,17,15277,8080,BENIGN
9558456,985,10,37426.33816484115,29.030106273675536,17,58138,3389,DDoS
3502730,78,37,88411.43852998667,239.30498319495388,6,65010,22,BENIGN
5698948,10,33,66766.0523127356,920.6806259254334,6,6769,21,BENIGN
1107777,67,80,20540.63305998087,1250.5056650152007,6,51961,80,BENIGN
5738952,38,66,31990.29935057274,1126.6130573752012,17,49452,443,BENIGN
288890,29,45,78787.81017032536,990.3284671006878,0,8616,443,BENIGN
5085021,15,97,10452.538102009945,274.7199324825935,6,23539,8080,BENIGN
9797544,87,85,75023.19987242969,180.34320854098962,0,59481,8080,BENIGN
3693405,23,28,35884.24411457953,20.36707508854676,0,36891,21,BENIGN
4466371,82,59,55169.104610843555,170.65491462622555,17,63413,8080,BENIGN
4385636,46,53,28055.811717283963,1154.2225790754085,17,21023,443,BENIGN
1352795,636,92,98645.65718204278,44.28124062874303,0,2264,80,DDoS
1589328,28,68,90584.02921423042,375.7186791060194,6,62260,80,BENIGN
1100667,26,73,92844.98369442517,1196.4434758661273,17,25670,8080,BENIGN
7706458,10,73,18477.55179775167,314.29617309981194,0,8955,8080,BENIGN
49215,283,8,84169.00959617652,25.673498294389034,17,46109,3389,DDoS
721847,4,84,53539.71010240902,351.75397970046,0,49407,443,BENIGN
5392123,55,76,70785.92002736387,96.56026539277352,17,53044,22,BENIGN
5957615,66,9,21750.406674044643,307.21067678824386,6,13982,8080,Bot
6232853,67,74,71198.4645979216,572.8441500188178,6,47499,8080,BENIGN
5246980,7,67,91426.72445722962,620.0951787746694,17,18952,3389,BENIGN
1404430,55,57,26748.138584879987,478.0102925618804,17,55265,3389,BENIGN
251592,80,94,23335.985154950657,781.793422752923,17,52546,3389,BENIGN
4035951,31,51,10441.454847347775,579.4373840997387,6,25508,6667,Bot
491172,74,33,26680.667531166102,1456.1396763376463,17,60785,21,BENIGN
1086980,19,34,53579.226181561244,1214.878672410272,6,59547,6667,Bot
2055823,28,32,83271.62914375604,1397.8464719955243,17,14317,8080,BENIGN
2249088,81,71,27880.026265763947,844.9918803948007,17,56533,3389,BENIGN
9702801,28,31,62114.43890693135,1023.9426505075351,0,28313,80,BENIGN
2976342,19,54,47959.06991730399,266.6810351497677,6,34898,8080,BENIGN
4580181,87,96,28857.90406177716,1134.1229207109561,17,44436,21,BENIGN
2648890,20,7,51035.90811946472,369.2372445246046,6,54884,8080,Bot
3763124,13,45,16796.23963958772,235.8327330465808,0,40969,3389,Infiltration
4833277,77,13,63957.755984851814,81.95183613395889,6,56143,21,BENIGN
8272941,43,97,11566.272118385068,718.9007694109088,6,12567,443,BENIGN
3353697,11,7,73098.05251432282,444.44810425143845,6,50456,21,BENIGN
8454661,458,70,17771.26783855072,59.346559044092906,6,10931,3389,DDoS
75,1,0,99815.91533168718,389.7547669834033,6,10329,3389,PortScan
4197671,346,53,82367.2594760412,43.73465677185355,6,44160,3389,DDoS
6374301,54,20,34384.03038597223,488.32937831436504,6,38196,80,BENIGN
66,1,0,42620.47722893123,1128.7077414223704,17,11203,22,PortScan
2922197,28,74,25919.102110768843,996.5651389031638,17,62948,8080,BENIGN
157264,83,13,76711.45611799991,851.4396608992898,6,61546,8080,BENIGN
531931,4,74,38072.6969957774,636.9009163120701,6,4045,8080,BENIGN
2989575,632,1,75518.55098195357,67.22468414518096,17,53246,21,DDoS
3369820,754,97,1840.1554680180566,56.51569451361346,0,10744,21,DDoS
4711175,837,60,13562.095950459574,39.50824716541439,17,12055,21,DDoS
7122413,230,16,36497.43347025686,28.23521748767444,0,13594,22,DDoS
6854600,97,77,10890.853339459272,415.6857256549435,6,2154,22,BENIGN
2640428,988,88,60112.799229624085,80.26533507256299,6,56474,22,DDoS
9079803,42,47,5083.20985341233,46.71409406554865,17,41815,22,BENIGN
9222435,40,90,85976.2994589343,1281.1953102242805,17,41408,22,BENIGN
7326534,97,7,76130.79987559824,1138.8550535649395,17,31099,8080,BENIGN
81,1,0,21625.647922795244,291.6250708883251,6,32550,8080,PortScan
5063878,2,16,48379.190612971775,555.8317060126668,17,45388,22,Infiltration
3970101,28,68,45181.30784109206,643.1828348533621,17,7763,8080,BENIGN
70740,74,11,72486.46153403778,514.8804641601304,0,30565,22,BENIGN
4122363,86,37,40150.89004745089,1201.3993537770127,6,50083,22,BENIGN
4594977,81,17,3293.529782984572,1093.6226450509182,6,57419,22,BENIGN
1355631,90,25,27373.585884983866,1155.3949206089694,6,23492,8080,BENIGN
675610,67,94,46619.58052370421,1358.1124753828428,17,62724,443,BENIGN
3741296,71,36,97449.2216160639,900.8238587325613,6,8528,443,BENIGN
6990202,72,69,88115.86669543452,929.5108069615205,17,61669,3389,BENIGN
2734396,84,40,18140.614400219045,1088.4624970779046,0,2953,3389,BENIGN
6706124,76,78,72327.5940490771,1028.2242400830023,6,32527,443,BENIGN
898420,99,41,93682.54730147876,1307.3232672304634,0,24535,80,BENIGN
5781665,109,89,879.2613035258579,70.65060432686191,0,46300,443,DDoS
2007735,92,75,72094.56736708259,198.2787523886366,6,59060,6667,Bot
9615315,10,40,45933.349561115734,1393.9707508627243,6,11661,6667,Bot
3265008,86,46,68023.61962831112,1030.9869496457795,17,50889,21,BENIGN
4260638,57,13,60558.927357179025,208.17597022300356,0,44828,22,BENIGN
6486560,97,0,98466.54944557016,1162.5211288595804,0,32155,3389,Infiltration
6197423,86,16,28881.540629786785,550.4505440140227,17,5749,8080,BENIGN
3621681,37,96,78614.29818692648,1212.8473098140246,6,63092,21,BENIGN
4246338,277,54,23463.988831306116,22.634399705564814,0,40336,22,DDoS
5963235,91,92,43560.79775501729,397.75821344121596,17,28356,443,BENIGN
8814231,64,52,97538.08739674118,1288.9683482056657,0,60097,443,BENIGN
3599965,79,30,76613.62960141526,1164.870827813029,0,52003,21,BENIGN
5382387,86,61,31582.125628355905,1013.3536522966914,17,27121,8080,BENIGN
7990440,94,7,61936.92830919499,589.6824059501522,0,57959,21,BENIGN
1039558,40,29,4969.2083502774985,182.59590125780065,17,7341,21,BENIGN
3772911,98,76,26639.49166209697,736.1673053214919,17,25900,3389,BENIGN
2317436,818,79,71839.04896036146,99.14924479764916,0,37884,22,DDoS
2763742,98,65,57009.35695883249,760.2178957799212,0,40038,80,Infiltration
7689784,48,44,46967.285297677234,1234.0340407478432,6,65032,6667,Bot
3788440,99,17,69087.60600159632,1496.5044389134255,6,24739,8080,BENIGN
197875,608,98,39845.8890819826,71.39922196780964,0,51204,8080,DDoS
2386588,72,44,2615.6144532413105,327.6299026735932,6,37710,21,BENIGN
787594,33,18,44102.66235155673,1220.1073312402223,6,15176,21,BENIGN
5851344,44,76,90212.91922932616,714.2067757998707,17,39512,443,BENIGN
5332760,225,67,85661.51283141212,36.57446293891704,0,15537,21,DDoS
9589901,37,82,40899.71854095129,1158.1144316201974,6,11035,22,BENIGN
6837533,89,49,2222.1440760382684,1109.9130918006845,6,62490,443,Infiltration
5083869,947,24,63630.72726203157,87.23974984591804,6,31597,80,DDoS
533736,81,37,74119.44277828647,73.0958364576533,0,2734,22,BENIGN
4232506,88,94,29424.357608427486,488.8089730965949,17,8352,8080,Bot
2276460,21,35,47666.39996195743,341.60157405645134,0,61554,8080,BENIGN
4408349,2,67,99185.67952477084,1074.2171511741994,17,46457,22,BENIGN
4426319,31,55,57634.301298159866,687.0859117657546,6,21600,3389,BENIGN
8914538,624,38,35107.490566156666,90.56805774453169,0,24229,21,DDoS
1332497,143,62,62748.88766401331,65.89483174330583,17,26759,21,DDoS
7517936,76,6,18002.23068640845,728.1869290132498,6,34179,21,BENIGN
9106924,44,57,19925.237327458002,826.4909547919907,6,35695,8080,BENIGN
6646805,12,79,92492.47147140169,1266.6339942838727,0,32746,22,BENIGN
5462910,51,58,23920.00411693307,658.376997775119,17,21667,21,BENIGN
8906021,49,47,31078.937921574412,143.02752771212653,6,60266,3389,Infiltration
6903936,24,4,54377.72419697539,792.1237101976141,6,43422,6667,Bot
9726390,24,86,89969.26202776063,877.4552926646143,6,33481,6667,Bot
6243769,847,35,78144.88897190144,90.84577583009552,17,30640,3389,DDoS
1286743,11,95,4378.392066987491,401.91328548281376,17,22184,8080,Bot
9922292,13,87,69302.96688983693,351.06130101314943,6,2025,3389,BENIGN
8315490,91,24,50406.14826839929,567.2394304591254,17,51335,22,BENIGN
6200746,72,44,47555.28420023806,266.0185329854461,6,21661,22,BENIGN
6983996,484,91,69155.83668255432,22.333741073862335,6,56717,22,DDoS
8783248,72,18,19623.20462190441,929.7188538938735,17,10028,80,BENIGN
5409961,786,6,98148.86636617198,95.61333689338989,17,31458,443,DDoS
4939103,349,57,64530.6530272449,24.57628912695484,0,59757,3389,DDoS
6311426,154,80,36565.61746118562,71.39120511683501,0,6445,80,DDoS
5146486,73,65,60020.22080701612,1185.3375834957503,17,28610,3389,BENIGN
8415498,71,79,21647.08632896203,1041.3654233866027,17,19804,21,BENIGN
448445,78,38,63384.18648549562,1315.266176767961,17,65295,3389,BENIGN
9137782,772,17,2821.7140737797354,47.671570955184,17,46473,80,DDoS
7827594,371,0,34118.19114083662,23.144988115693224,6,18755,80,DDoS
3685601,43,62,74751.68967475064,1113.3910047770119,6,61363,8080,BENIGN
1879590,8,2,80797.784911414,1461.7493541681836,0,31793,22,BENIGN
4984545,659,20,25291.941331396807,94.34306455481439,17,14659,80,DDoS
6939805,85,29,53940.94612799864,1498.779610467855,0,18945,22,BENIGN
7002687,92,10,52849.2889689118,1337.9791949359135,17,46922,443,Infiltration
6742571,35,21,42145.60463767805,966.6832123228754,17,51662,80,BENIGN
61,1,0,22843.298275297853,30.31700716839008,17,28746,8080,PortScan
3319244,46,88,70322.82332287729,1055.3247696510791,6,2806,8080,BENIGN
8693770,15,2,25236.168174551964,373.12728388267294,0,19956,21,BENIGN
5806566,2,29,91102.57371566157,104.60737801916075,17,35542,80,BENIGN
5744688,390,87,52850.12911185026,30.828612740432597,0,40677,443,DDoS
5304609,76,44,87047.83373106219,1138.8961722207662,0,6897,22,BENIGN
7668316,64,35,29074.2720804164,995.9610178482694,6,43997,8080,Bot
4949599,52,86,80707.91562587321,560.4512800480593,6,36027,3389,BENIGN
46,1,0,11366.358489999251,776.2861036371025,17,30641,3389,PortScan
3694076,67,63,76683.03420073935,1403.7224879537061,0,23680,3389,BENIGN
6063003,69,53,38694.584992530225,1099.8242296458745,6,4588,80,BENIGN
4408324,67,67,46999.00888185868,766.9326655790171,0,23648,21,BENIGN
4035593,47,49,16680.732025957277,898.3047448875868,0,30060,8080,BENIGN
9814249,83,30,1862.7688524392338,1392.9717255526075,17,44532,3389,BENIGN
5703837,2,28,66619.74931282816,602.7981329591227,0,30884,80,BENIGN
1871503,150,58,58771.82834004182,88.29953499391831,6,55190,21,DDoS
5747472,64,35,62242.81520696574,502.22283772054567,17,52400,443,BENIGN
4848387,81,76,25500.17580269198,634.4963178097039,17,24559,3389,BENIGN
5658896,78,72,23927.7462883106,423.98652739352264,17,38516,22,BENIGN
821152,28,84,83029.63112692477,802.8791597700745,6,64209,443,BENIGN
2225400,91,66,76125.27525932332,471.1896552161944,17,1993,443,BENIGN
1855667,945,88,33679.01158413607,46.427600721277564,0,9151,3389,DDoS
1534937,74,88,63780.571597568036,298.34140013695503,17,58640,22,BENIGN
3338542,67,75,82815.00041688139,1378.8710034662458,6,33094,6667,Bot
4926303,36,92,88882.94422179488,951.8015310692732,6,40334,22,BENIGN
423670,63,10,580.6260909242633,485.17689488931455,17,59954,21,BENIGN
29,1,0,81346.23931347243,563.0385105006511,0,32154,443,PortScan
5221916,86,25,35039.23342469258,750.2070936853571,6,20232,3389,BENIGN
9246866,48,52,71837.82847761766,1016.2324496728035,6,14399,22,BENIGN
2114892,39,13,37140.136459999965,881.6262369687796,6,37310,8080,BENIGN
8441236,716,63,60624.90867940149,79.29312021898053,17,60756,22,DDoS
1873521,94,79,64678.24400060186,946.108263327018,6,21428,22,BENIGN
6550770,21,9,40499.27709162261,1367.9721298153133,6,14564,21,Infiltration
6082050,30,30,51278.53311377448,28.03663556355672,6,30200,3389,BENIGN
6925977,92,94,72631.33719191683,1338.0280184444807,17,22364,443,BENIGN
9805785,31,35,47630.52686948621,1087.7587101897457,6,25385,21,BENIGN
5967206,26,9,1398.0485085166583,274.84631208588723,6,13036,21,BENIGN
5119022,22,25,1290.4196997515771,409.29626848267566,17,44768,8080,BENIGN
7177645,21,19,66131.08500493936,823.3587987625447,17,58996,6667,Bot
5122883,1,43,84723.7537455598,204.90846991880343,0,54521,8080,Bot
5529083,37,61,78527.35375139964,1182.3450382858277,6,16453,21,BENIGN
160875,446,72,31040.030193316346,40.337663184651085,17,5631,8080,DDoS
7349469,527,78,47112.788499695445,66.67471501821251,0,33791,80,DDoS
2667967,46,8,23416.0740101667,123.32916735973804,6,50520,21,BENIGN
9952007,9,70,98914.99106666725,1483.4942396656902,17,5666,22,BENIGN
6655723,17,89,26050.644926023193,391.0787412816008,17,49424,21,BENIGN
7686941,47,23,41626.15928493666,119.9868039496707,6,42539,443,BENIGN
6978837,85,11,68112.89513243032,508.3481398876625,6,38874,6667,Bot
1344127,95,59,87601.7669650776,1454.1248280179539,0,5034,22,BENIGN
4166600,59,83,5147.568406713654,1193.5328668729526,6,53095,6667,Bot
7467148,54,77,30101.967602712142,730.8929581190122,6,16728,6667,Bot
9179975,86,85,56898.58479644604,471.8890241540068,6,50635,443,BENIGN
7884579,12,15,61831.30813761835,646.4930258502537,17,55402,443,BENIGN
497662,64,28,7002.743849986082,45.701100181350384,0,65397,6667,Bot
4578338,6,31,66407.87378420733,1083.1883125331772,0,20196,21,BENIGN
4037876,484,82,52806.43656085743,83.96430457159511,0,20219,22,DDoS
4011012,16,34,82762.73793621446,788.1756137739746,17,60903,80,BENIGN
4511832,90,42,22218.91762083007,857.4506782366032,6,4139,8080,Bot
5562167,5,95,19502.69850218761,22.500865967394958,17,28149,3389,Infiltration
5237296,73,52,79333.72219279557,1470.2203664465985,0,25509,3389,BENIGN
4885311,46,19,70386.91289396163,467.1657757795522,6,39336,21,BENIGN
6126419,14,83,79167.33605776746,134.29189146833141,6,47000,80,BENIGN
1600496,44,7,78193.41410280795,1284.4950662240456,0,48176,443,BENIGN
3311249,853,98,10400.06758304607,65.29438642641054,6,58427,22,DDoS
8511110,94,41,27858.304729915086,56.933601612243024,17,13888,21,BENIGN
9555296,52,76,26008.513613644634,752.1422057974879,0,12401,80,BENIGN
2496181,26,69,93458.72814168397,212.2771389804086,17,27394,8080,Bot
575378,53,15,48746.65740503455,1473.9861382037436,6,54620,443,BENIGN
5187580,29,68,11105.713270001737,35.40826018652342,0,40333,8080,Bot
1178149,19,52,28957.790593001875,95.77206939917532,6,19372,8080,BENIGN
3080301,47,44,87190.16485164715,1253.2602702704742,0,5793,8080,BENIGN
7136129,8,50,84706.63781653132,374.83251013627836,0,43477,8080,BENIGN
3464542,23,97,90033.94834405374,1369.1631950082374,0,13987,21,BENIGN
9663440,974,5,38852.877273702004,44.524205091437224,0,31758,3389,DDoS
3314792,95,32,64134.096148999655,123.27832401340049,0,52772,3389,BENIGN
4719707,53,78,27817.39198753237,35.67586258147272,6,5257,80,BENIGN
6285188,99,14,18082.533115237387,438.1995700446203,0,46897,3389,BENIGN
1110489,96,13,2190.107592636792,721.1212517339309,17,16290,3389,BENIGN
8416420,58,38,22344.094968934947,21.503844170583456,0,64045,8080,Bot
3913042,5,62,60437.413689227295,880.0386597649635,17,20073,3389,BENIGN
8501524,16,4,90421.03136067928,513.819106838603,6,29776,3389,BENIGN
7468910,17,89,13342.055321544178,597.4272234563689,0,29998,3389,BENIGN
1635256,32,80,91801.1560965442,406.8882033331978,0,47377,21,BENIGN
8523938,96,51,34538.52348717213,802.986904052773,17,41072,8080,BENIGN
5001145,52,15,42682.840761432075,360.58148051285286,0,61437,22,BENIGN
4463518,449,98,36497.85404687468,38.674858712898626,6,36248,22,DDoS
9771902,66,37,40860.81399197039,1338.1576814311063,6,15266,3389,BENIGN
4345860,84,52,25919.314918766522,598.0213748852177,0,44751,3389,BENIGN
7153868,390,86,69860.46783114386,33.984447742540375,17,31538,8080,DDoS
3251398,1,76,75818.3110270167,360.87767675817054,6,36204,22,BENIGN
4465250,58,96,82311.28908522648,478.7155633372089,0,12278,21,BENIGN
8389112,93,92,34128.95833599671,1159.0765378358403,17,31984,443,BENIGN
7250003,93,52,76462.68910277948,52.93813190343676,17,60504,6667,Bot
4897690,83,45,63767.53574768151,727.8092429476092,6,58038,21,BENIGN
6189673,44,97,95791.60868403928,623.3848783279425,0,39183,443,BENIGN
1323583,6,97,42478.51666985476,1453.232594419688,6,31208,8080,BENIGN
1722420,50,90,99230.97278833546,286.511018198985,17,41815,8080,BENIGN
2332617,72,14,74039.40300078715,949.2487043223039,6,54516,443,BENIGN
3196440,88,58,77627.77549589974,319.2513899372398,0,43787,6667,Bot
8551981,20,49,2570.4860109661,831.6646401743246,6,57442,21,BENIGN
5387508,14,8,49739.835133609646,841.4935841204081,17,56890,80,BENIGN
5692593,5,25,52833.67123120252,131.51316019050932,6,10312,22,BENIGN
8247852,610,2,4060.0101920599595,87.10500176345975,17,24175,22,DDoS
1087441,40,99,31213.1223490555,702.5110397807454,17,12964,6667,Bot
6195300,450,46,95564.41806277962,68.87541001074452,17,24863,80,DDoS
32,1,0,42611.14363601356,430.1946594577285,6,57272,21,PortScan
5559056,623,61,18670.198455830745,60.69423398059611,0,58578,8080,DDoS
3031856,71,83,51333.870702640816,28.792786374511223,17,34325,8080,Bot
843623,80,83,3376.5577220465248,22.688101043680497,6,10156,8080,Bot
8934945,71,4,51598.86999708573,892.8850719700795,17,62305,22,BENIGN
4040579,27,9,59426.830603008784,451.3665884882175,6,32850,3389,Infiltration
92293,78,79,35769.43625530062,268.47521055913666,17,43249,80,BENIGN
1186987,78,62,76257.61980935597,1033.4081041582035,6,17419,3389,BENIGN
8896861,44,24,13571.407700100535,802.7787628295794,17,60369,443,BENIGN
3334917,715,43,87818.34098806967,39.966454706298876,17,34308,21,DDoS
2715614,33,24,95544.49103904203,1249.9050668665645,17,63257,80,BENIGN
2658671,44,29,123.45246028885315,1095.5592028279511,0,16499,3389,BENIGN
4834457,20,13,84272.16600431594,207.34129663382134,6,30042,80,BENIGN
7102273,646,85,50610.51489073335,54.70025988325367,0,44051,443,DDoS
4892572,7,42,46140.56338385167,1047.0111355476918,6,2748,443,BENIGN
481780,325,27,23867.91068743811,69.6050246683725,17,35975,22,DDoS
5165779,778,93,44732.50411116366,25.750532280963753,6,54717,21,DDoS
6180242,739,18,95042.71496301374,48.85719492639545,6,25013,443,DDoS
5287218,93,41,21078.76339543837,935.0521182581589,17,47951,22,BENIGN
4100773,24,19,17904.123845076236,590.258873721009,17,49721,6667,Bot
1534126,86,98,24189.630405944794,1001.9903309458356,17,64449,22,BENIGN
8704534,70,85,55183.419433726645,148.30943074822008,6,58540,443,BENIGN
3467466,88,78,93029.98154332998,972.3874312605428,17,48832,80,BENIGN
327459,87,10,57388.15907652576,916.9030646347463,17,15876,3389,BENIGN
317637,54,53,24348.24766058209,331.72412273605,6,46238,80,BENIGN
6953857,38,97,44045.23153212621,1230.9561568894062,0,11030,80,BENIGN
550322,74,23,39040.013178574576,1314.1327203888009,6,47508,22,BENIGN
4975126,451,69,4656.946986243726,39.160292139825195,6,7679,80,DDoS
7795234,75,16,51064.184852905855,132.42240467106117,6,35467,8080,Bot
2573719,32,27,12600.638663367381,913.2916860414932,17,25603,8080,Bot
2453852,45,49,84224.40420838751,730.2779399352808,6,65316,3389,BENIGN
9752841,61,94,54896.290929589675,652.8394593078453,0,51786,3389,BENIGN
7265860,70,99,84460.64826173759,1146.2923284646718,6,3817,80,BENIGN
1353138,88,54,95604.46873780411,1455.1007064731944,6,23655,22,BENIGN
8639583,97,72,94318.82907502765,726.9423046767711,17,28020,3389,BENIGN
4657793,53,9,10042.933430755375,29.10951658666692,17,23176,8080,BENIGN
4264794,51,20,94481.70715500071,902.4753591167996,0,5401,21,BENIGN
707789,76,57,79574.72077895101,987.8694907521623,6,44774,22,BENIGN
1296616,56,33,77765.8105260791,1245.4670928730832,6,11546,21,BENIGN
9945325,815,94,9012.85402681754,71.72119250097421,6,35292,21,DDoS
3463451,528,92,17951.47022835991,68.50152063695947,6,49901,80,DDoS
9653748,62,42,97516.33799147684,681.7546205762609,6,5354,21,BENIGN
1855071,18,10,21337.01571552944,1003.3718825206936,6,19133,80,BENIGN
9038907,64,32,16905.333016740064,114.63573428068378,17,16561,21,Infiltration
1849496,895,57,36235.16187094679,43.95323957161367,0,21336,3389,DDoS
2691376,30,45,91335.61975348902,776.512958272652,6,30033,8080,BENIGN
9017569,49,60,47619.34635565556,1318.0272585555851,6,16885,21,BENIGN
2527054,41,61,92058.37190890865,523.5509551574442,17,22749,443,BENIGN
6549646,13,0,33433.87804152357,987.2128776681286,6,34247,6667,Bot
8007507,34,20,22652.864522699932,1435.9532209779281,17,62337,8080,BENIGN
7385134,94,61,49520.300885103556,1416.201202250474,0,17109,80,BENIGN
7063510,822,63,61547.689026188855,23.33045776854921,6,32468,8080,DDoS
9050322,569,86,39149.89986135561,34.62502006454259,0,60286,80,DDoS
8001582,18,72,34603.050959453176,616.4636814422936,6,51558,443,BENIGN
9055705,5,55,21805.928477324665,109.95626102269297,0,13721,3389,BENIGN
1072747,622,0,27500.676622177143,32.80496604759277,0,23132,443,DDoS
1631207,42,20,67311.79631523008,278.3755807388668,6,27588,8080,BENIGN
9417163,383,21,36987.35386136779,65.47154679699017,0,1581,22,DDoS
5106663,32,53,7975.704172102849,1175.5043038727865,17,13773,80,BENIGN
15,1,0,13815.538995253462,779.753508589834,17,46270,22,PortScan
6463868,10,64,37237.91883911107,1197.300148480866,0,23522,21,BENIGN
9694502,37,50,92450.2429847862,38.96367897722219,0,64325,443,BENIGN
5606694,49,73,37903.02616459803,1234.3050196956094,17,5014,80,BENIGN
1950467,843,62,6064.207745167527,33.54331650834959,6,18576,443,DDoS
1910805,13,14,41799.42578800159,702.1851340790654,17,2391,21,BENIGN
1601696,55,35,66881.75939601658,675.0267115366892,0,12903,3389,BENIGN
3791581,17,28,59359.61349482209,1312.2701831639733,17,10815,8080,BENIGN
5123222,119,51,27880.29623860301,58.58674834183185,6,9372,80,DDoS
7757302,88,45,68808.89230486941,397.57903047554754,17,28979,80,BENIGN
6348664,44,68,63062.437386533245,119.77149543793749,6,6013,80,BENIGN
4150376,78,28,17217.29688289686,982.7722380331728,0,55133,8080,BENIGN
5723701,46,46,16214.500356824501,764.2040683947484,17,24703,443,BENIGN
5354175,8,90,54718.30820679408,857.2436100278278,17,26647,8080,BENIGN
5279648,37,24,65943.85611161038,88.47991489959982,6,34722,3389,BENIGN
2382457,19,79,96191.05848602607,1167.4585359945597,17,8366,6667,Bot
7904169,63,15,42193.063073177975,363.88305432920055,17,26724,6667,Bot
2245231,92,99,76493.92396719134,515.7064357486902,6,31794,6667,Bot
4246149,46,88,11652.074729137641,357.9634945730733,17,35073,8080,BENIGN
8480573,94,40,88960.90273156471,1419.9979496762367,6,63124,8080,Bot
5455870,71,64,63310.75413988398,269.708288480066,0,63655,21,BENIGN
1072300,854,68,62903.03313512473,69.16230698585453,17,43112,8080,DDoS
2906258,46,19,14244.26338324355,383.7059950290343,6,29252,443,BENIGN
1222969,46,68,3958.3729525897947,648.8810362802978,6,44066,80,BENIGN
3125454,75,35,70144.91379846196,1494.1715782147417,17,15787,8080,Bot
9818259,14,92,11705.64589645866,168.85358147839256,6,17058,22,BENIGN
4782983,85,97,12697.014948393271,1324.4116620081295,0,62802,80,Infiltration
6501732,63,57,18750.0146346985,1420.1538464779408,0,38607,6667,Bot
9302740,471,47,9774.648313960244,90.36524663997707,17,51352,21,DDoS
3982688,3,81,62539.25204303068,34.74404080827875,0,17913,6667,Bot
8083223,28,1,42200.4805848588,1234.7819043670352,17,40015,443,BENIGN
9956146,29,79,26609.609240954822,1325.7624528639558,17,16414,21,BENIGN
6160786,87,28,44074.94003715766,1471.782552194142,6,9440,6667,Bot
9306267,18,96,84414.00020651998,1262.1873066701417,6,37630,80,BENIGN
635705,35,15,92707.94050436362,679.4687116136513,6,30928,6667,Bot
7479921,413,34,48747.61446534416,39.60220503787121,6,37844,80,DDoS
4583997,76,61,56675.291511280244,737.9901976968629,17,58547,443,BENIGN
9203839,47,80,25719.993033987288,542.4671572936153,6,30114,3389,BENIGN
7413818,907,3,51360.03786371193,34.873034899941054,6,16880,22,DDoS
67761,75,67,74811.96069352322,1159.3520106698281,0,50070,3389,BENIGN
6860091,59,50,49213.72636561695,961.1331642837259,17,59696,80,BENIGN
7585253,75,88,30207.29007891697,1243.335984116393,0,46735,21,BENIGN
5915088,59,32,58203.434722495906,281.0349624081085,0,34533,6667,Bot
6558321,47,77,94665.60308858447,573.067936372676,0,5433,80,Infiltration
1307606,95,23,88798.38539831118,482.6270028466603,6,29489,80,BENIGN
60,1,0,76924.23791754563,307.3081667083418,17,22861,22,PortScan
2966522,13,24,27620.963266520903,675.8980046783194,0,16447,443,BENIGN
3708754,78,27,24155.95072164014,1422.8518518397068,0,58675,6667,Bot
7315536,89,6,83853.71897975978,816.2522717266003,17,39975,21,BENIGN
118133,33,35,18131.747608210237,443.87921752139493,6,10482,443,BENIGN
9018973,874,9,60561.13074866436,33.860306650644816,0,15720,21,DDoS
5872454,62,35,43892.99435829642,927.352053341349,17,18676,443,BENIGN
1215602,79,94,46798.64672923982,542.0651778833588,6,9013,443,BENIGN
9810504,16,82,45454.340252754075,816.7531499225901,6,58225,3389,BENIGN
2319149,44,17,89995.01467236601,425.7566423101844,6,37472,80,BENIGN
6292618,58,5,8709.425089545497,531.9782809322751,6,12244,80,BENIGN
82,1,0,78290.14494560986,1064.4772310778126,6,8336,22,PortScan
3720564,89,6,83501.26715752833,885.2351604329535,17,32643,8080,Bot
2192714,15,11,94287.71471534901,158.3605577038017,6,21455,21,BENIGN
770273,4,40,45259.99549377113,1460.3101273889388,0,16951,80,Infiltration
5642364,56,62,50006.519188691665,93.01864597915001,17,43037,3389,BENIGN
467110,953,97,96129.45211409166,48.83434476096659,0,19051,21,DDoS
1655116,68,24,45845.1060949163,1058.051352136878,0,11244,3389,BENIGN
4221138,94,80,50354.84729762578,1067.8668463576182,6,14241,80,BENIGN
9312583,34,52,33225.4318189384,48.02458917562239,6,61141,443,BENIGN
8376530,91,32,3162.7450684649893,971.275771206125,17,8619,8080,Bot
3881093,95,86,43305.45517614926,69.22482186915556,17,44009,8080,Bot
2568203,56,72,65509.13108473859,1441.93959095724,0,32476,22,BENIGN
8469972,32,5,68994.59106135572,1050.2910388727444,6,55677,22,BENIGN
8411983,9,61,650.8646884609503,296.13558995500813,6,44014,6667,Bot
6482632,520,65,80105.27747728287,71.93449754548325,0,49604,80,DDoS
5196567,72,8,49241.561412854695,863.1002080262052,6,61376,6667,Bot
5952893,78,66,52074.53613861929,957.6077139421666,17,52839,21,BENIGN
8961443,33,15,96174.36881703674,1250.2316922101732,0,14516,80,BENIGN
2000709,87,88,28446.11586558179,1356.9153008360713,6,43992,8080,Bot
9301534,21,87,76165.19889681673,600.9494972061457,0,13809,80,BENIGN
2697243,55,92,57477.62456722708,1269.2455667098045,6,27262,8080,BENIGN
9251230,76,54,70079.84615580384,822.7224522687661,6,40133,21,BENIGN
9192400,57,39,41781.745178112425,716.4615680909891,6,20822,443,BENIGN
9549865,2,25,27920.753896426842,1054.476556165526,17,1056,6667,Bot
1314632,13,37,54612.595236893445,172.7285427900876,0,40269,8080,Bot
421340,4,34,37494.1146352647,412.77202848411855,17,36073,22,Infiltration
944889,84,86,22291.117882966395,1228.8087744088548,17,49699,80,BENIGN
2213673,50,67,83923.61481137625,766.0366807393652,0,58897,22,BENIGN
8914601,48,58,47583.15950012912,1363.9042859934991,0,6006,3389,BENIGN
2255463,78,13,84731.57411908994,151.28152614670807,6,55090,443,BENIGN
8375841,30,46,47403.15823689203,483.8509602504668,6,16312,8080,BENIGN
5056961,29,70,55679.769771240804,546.2138413499741,0,57063,443,BENIGN
6436546,8,71,99528.02413139549,645.626077630268,6,30123,80,BENIGN
4148987,12,41,95150.42120351597,1480.4936763150874,6,2313,8080,Bot
9595802,41,50,27168.987066689064,479.78081682093847,0,22508,80,BENIGN
9057114,867,18,86865.53864492218,73.74899365757848,17,18726,8080,DDoS
3668966,50,65,39040.34836971932,813.3855593290826,0,18871,80,BENIGN
4612438,2,46,7124.8737910392765,1160.7809491389025,0,18992,443,BENIGN
1033355,55,64,57578.101482540034,786.4461112469957,17,17977,443,BENIGN
7082312,56,41,97705.18594542354,916.4913529183557,6,49483,8080,Bot
8202887,14,37,97431.36870052852,1134.925515126149,17,41829,443,BENIGN
4989947,6,12,12646.537816246806,169.67536692631907,17,25750,8080,BENIGN
8929385,95,43,77123.66666178498,1445.9387428169546,0,23174,21,BENIGN
7643703,512,23,80283.30442502075,36.87695205252994,6,8492,21,DDoS
3094335,89,95,36874.478431666,595.3834681621984,6,55149,8080,Bot
9560167,61,29,65859.51811884713,1098.0580318291402,17,17752,8080,Bot
5986226,96,69,48815.94782772217,1148.2411545249452,0,24886,22,BENIGN
2859753,12,37,22789.309770992673,1278.3647451351721,17,2683,8080,Bot
388052,13,96,76126.42812249875,298.70890119839714,6,32950,8080,Bot
1030217,19,22,26275.27078124131,1061.4800739128277,6,58060,21,BENIGN
2896918,44,73,34044.775304165916,69.34398517889974,0,34725,21,BENIGN
2357921,89,56,19001.840491546107,191.05710359974444,0,32914,443,BENIGN
8913842,95,78,71927.13037887042,1168.5791014889455,17,5740,6667,Bot
5584363,59,22,45872.405383057936,1223.244445745004,0,54421,21,BENIGN
244861,37,35,44337.32548389332,896.8059491443556,17,14056,443,BENIGN
8386280,25,56,60456.28668900126,880.8952417921679,0,46346,21,BENIGN
64423,16,0,15726.344724733732,1129.276913984536,17,39401,80,BENIGN
1237815,38,71,89815.38896257593,1361.0055366912784,6,56450,3389,BENIGN
8041079,175,2,46510.8956235931,30.49867614886704,6,46226,80,DDoS
954580,87,13,36652.685868202985,189.93525553887537,6,7770,22,BENIGN
6681234,14,80,12669.060890519246,1261.7190889523863,6,63366,21,BENIGN
854116,6,33,16795.420436741428,525.6333360367144,6,15734,8080,Bot
28,1,0,92036.03139138602,218.00294435167376,6,59876,80,PortScan
9253617,448,68,45661.70333997223,55.89423469828559,0,4599,3389,DDoS
5809801,60,50,72218.39193592608,875.5642093133006,0,36343,80,BENIGN
9439201,12,28,8051.635265853319,721.8843856235353,0,30938,8080,BENIGN
8671470,13,98,64346.45441264838,1292.499921485795,17,58362,3389,BENIGN
9993826,98,81,92151.91923374211,422.89423639698447,0,31214,80,BENIGN
2883527,6,47,29996.34508814911,39.58819262088259,0,23073,22,BENIGN
1416112,63,93,57914.050071343925,498.73370403445597,17,24586,80,BENIGN
5752910,38,78,94021.91043158506,34.36482139515061,17,25573,443,BENIGN
27,1,0,71932.25538047202,824.5149921273221,6,39172,8080,PortScan
4476676,52,15,6232.55023840773,579.807473432575,0,18419,21,BENIGN
8774633,40,56,37873.71472604389,1224.6352564684871,0,21574,6667,Bot
2863893,8,96,8577.27560872884,1200.42632168641,17,24739,3389,BENIGN
4909147,61,9,86131.75961991741,663.2649700820223,6,11524,3389,BENIGN
6881389,8,18,62166.27012036154,340.3982049070181,0,46775,8080,Bot
7422312,97,66,95638.17448338858,645.1962015945996,17,64132,21,Infiltration
3758074,519,35,1975.6329185807165,31.2953025565034,17,56090,80,DDoS
8791789,79,3,42308.736985390424,301.5048527279029,0,34652,6667,Bot
7211279,60,74,10436.409954439474,1164.1089910440483,17,27034,21,BENIGN
8767600,57,32,35048.78226199128,509.2291114442053,17,2463,443,BENIGN
4199691,646,27,16188.6823356587,85.03365959597932,0,37208,3389,DDoS
5500645,46,95,32879.37599934202,777.5683848064198,6,64745,443,BENIGN
8292023,22,79,81926.20047220291,1273.7472705119887,0,4977,3389,BENIGN
3154340,87,8,16069.932648270358,931.5210188389717,6,33633,21,BENIGN
9045410,40,74,47366.475695218825,840.8107287925318,17,63502,6667,Bot
7796424,45,5,92158.31340605264,1029.5525975579662,0,40552,22,BENIGN
8112174,55,48,99877.92878543063,1221.006863087486,0,47457,6667,Bot
2190322,51,90,25064.11181750833,973.8711065264097,6,62946,6667,Bot
2719369,86,75,93556.81707661002,1199.9162170437196,17,43445,22,BENIGN
7235674,5,21,26138.86808010255,301.88844340007927,0,47123,21,BENIGN
5672454,95,47,41352.84989835933,430.72447975470567,0,24311,8080,Bot
41,1,0,87792.36122333274,359.98977594921394,17,40407,3389,PortScan
5285058,28,32,78617.61049242482,1201.488717965572,6,17569,8080,BENIGN
786767,84,80,85748.75572237352,147.47026710847223,0,59006,8080,BENIGN
9742357,97,55,80025.66793044507,1197.8775322137576,17,18465,3389,BENIGN
1712603,80,28,23506.100501004134,595.7826037254921,0,32882,21,Infiltration
3609836,718,52,55879.51154306021,26.710515798820058,0,18861,3389,DDoS
8060933,93,39,38525.07183619219,648.1508670591643,0,5850,8080,Bot
6638255,87,73,45971.096844836866,464.74340479009993,6,57073,3389,BENIGN
1384518,24,17,15395.630212363076,896.0892305183214,17,47124,8080,BENIGN
386694,98,46,31576.75592251705,719.3394169788431,0,20192,8080,Bot
2869860,761,12,85764.71214221869,80.16746577438077,0,56486,3389,DDoS
1092601,38,26,89755.8409886164,1296.153597720163,0,37159,8080,BENIGN
5238431,37,61,61015.30838991386,622.095708771442,6,21675,3389,Infiltration
8525731,68,73,49826.72570007528,716.6211878666326,0,12451,80,BENIGN
1136064,98,95,71283.96881493003,1273.0102166336374,17,40758,80,BENIGN
9872332,373,44,60885.325022220226,23.411833241423786,6,57560,8080,DDoS
2155848,86,2,98367.50063478136,597.0418498310621,17,5318,6667,Bot
3925382,540,21,19008.879216420326,84.55872927959956,0,19505,80,DDoS
47,1,0,44904.47262464816,753.8219696318914,0,33265,8080,PortScan
8910952,50,54,91824.05022855537,177.05847669191985,6,10681,3389,BENIGN
5655478,87,66,91473.70599085242,171.93697944933604,0,54601,443,BENIGN
4873694,15,32,49534.68465611736,636.2956145335554,17,24905,6667,Bot
4063409,95,1,13480.900200138147,68.8829323531572,17,54565,22,BENIGN
6941345,185,74,81495.79674929025,70.17213404718663,17,36119,8080,DDoS
9451344,53,45,58516.51865033476,317.74159558191417,0,54635,80,BENIGN
7817404,694,73,77316.60158572567,45.789848468662896,0,5065,8080,DDoS
33,1,0,46252.363141059024,36.51614468295169,6,3642,3389,PortScan
7021962,85,57,20388.39219368266,1020.0855063906763,6,16556,6667,Bot
8351345,9,6,2398.940747952083,1286.2692145534893,17,13465,8080,Bot
5282691,38,14,55913.82688397521,1065.9774469941704,17,17117,21,BENIGN
7483158,22,25,16104.617888158957,1230.7556906557602,6,35546,21,BENIGN
2562569,87,10,18713.720859782145,972.1082776213161,6,8683,3389,Infiltration
3086276,49,37,43630.56309571643,770.9032108959296,17,49746,8080,Bot
6509690,645,26,44207.70734388978,52.441479581169126,6,9152,8080,DDoS
5345954,93,6,27438.709020570528,433.84699457063886,0,65504,80,BENIGN
7490300,15,0,13192.220842346847,490.20784550488617,0,40881,21,BENIGN
4883780,65,73,94495.27518223376,76.26615081039598,6,23167,6667,Bot
3681362,54,20,13164.061587825992,1371.3713816896125,6,18105,8080,Bot
4633178,30,78,35077.25846011295,1352.4479998973934,0,21365,8080,BENIGN
2609189,93,29,30486.799260744625,179.51121730433366,0,14753,443,BENIGN
2508849,20,93,86633.78969585519,843.9064770140786,17,25317,80,BENIGN
914328,33,7,41006.24484785705,712.109115421677,6,13583,22,BENIGN
954059,86,87,12404.34992343643,1031.4527156221532,0,44474,21,BENIGN
7905577,77,82,1026.1028404495387,912.466137596735,6,42496,443,BENIGN
3369638,556,2,72194.96034745249,73.88937924458494,0,50984,443,DDoS
345366,8,54,71450.10925678503,996.9149145434576,0,40347,21,Infiltration
9927309,28,14,41778.36713132277,921.1310098549357,6,2062,3389,BENIGN
4537458,45,35,12630.800031232358,806.2109842012322,17,64591,3389,BENIGN
9496663,73,5,37163.381257274785,615.5612745283756,0,32429,21,BENIGN
6867200,89,41,58988.24509170309,1433.2830711986833,6,9759,8080,Bot
5275134,80,49,70394.2941806841,1277.1705507404515,0,45760,80,BENIGN
7554074,74,17,7823.989243427621,885.925762881482,6,49391,8080,BENIGN
9803105,11,82,55630.7470614679,29.43918139607232,6,31304,80,BENIGN
6097191,31,49,27612.40784481376,659.5423984112642,0,49756,80,BENIGN
3178093,12,29,61726.62871336426,1056.5027982541465,17,56408,8080,BENIGN
7705192,95,76,64814.012286476085,193.59546745884862,0,55242,80,BENIGN
7583454,429,38,91060.37017747185,34.850251520105104,0,27901,22,DDoS
3131309,182,11,41037.83753889599,91.22565352715496,17,55017,21,DDoS
9612228,44,97,53759.06601353175,520.4516209802503,17,7306,443,BENIGN
5813465,96,58,26821.51227605093,59.470421949338174,6,9925,8080,BENIGN
4057993,50,75,28655.70241451274,207.56392575205103,6,18721,80,BENIGN
5691376,17,43,4603.378156136251,693.0401382061056,17,38193,443,BENIGN
5397762,35,87,28606.894229850634,1349.321083132955,17,46251,6667,Bot
9828466,1,3,6382.8689590657905,746.0607999692737,0,56845,22,BENIGN
1805568,29,35,96391.57905858297,690.5546536876685,17,62791,80,BENIGN
3428075,51,47,62426.32353761045,1185.6027015978038,0,62616,80,BENIGN
6356328,64,13,17314.856118629406,416.38851386521446,0,61123,80,BENIGN
8514816,713,80,11676.635982033513,58.630970735351575,0,41137,22,DDoS
5525733,620,48,37012.26204775434,80.81115955157327,17,46686,21,DDoS
44,1,0,30764.732461884138,1191.125238684938,17,24404,443,PortScan
2244802,16,86,27925.4780914453,1022.0309291385549,0,10988,8080,Bot
3377878,63,76,46819.60449310212,155.46910973597303,17,27039,3389,BENIGN
5735293,76,8,91287.38429764635,1007.2978772195055,6,62774,80,BENIGN
7726990,53,20,56805.02544030297,1398.696197628875,6,24141,8080,Bot
50,1,0,52123.15045866191,86.53333488200707,0,20723,22,PortScan
8358056,17,80,80654.8435161058,932.2987819583967,17,65243,443,BENIGN
8204398,40,15,402.46115968891604,581.1635632787098,6,26008,443,BENIGN
8777057,13,15,19738.566915523348,761.526559339988,0,16603,3389,BENIGN
9451437,918,27,49618.59343888361,60.53568206195485,6,5838,80,DDoS
5843593,58,50,70530.90605220667,1161.1482242516838,0,33203,8080,Bot
3386601,639,55,48502.819493963834,56.182338277197445,0,31927,3389,DDoS
7395450,37,79,16371.598130087717,897.7667296251625,0,22130,3389,BENIGN
10,1,0,92998.28176615764,512.7095287822781,6,6267,80,PortScan
8464785,76,51,32866.513110544525,206.39904072072764,0,54509,80,BENIGN
7168462,61,45,78821.5681394504,1030.4438534643118,0,64107,80,BENIGN
4327919,79,77,89141.33345976127,20.713567908108416,6,36245,80,BENIGN
7285053,34,37,34644.93776886664,506.5014108457464,0,27182,3389,BENIGN
1255664,70,83,84531.17813301047,342.7050525484967,6,26821,22,BENIGN
8514593,17,47,71077.36831667974,595.0294923190687,0,17970,21,BENIGN
8930364,321,40,90428.0836662006,57.56924498860859,17,45761,443,DDoS
9059396,892,97,25131.070172297765,49.04997686187553,17,15941,22,DDoS
4424607,59,58,93127.76061382757,405.1049548679259,6,9078,8080,BENIGN
2792527,69,92,6530.647666993028,849.9105114694445,0,54358,8080,BENIGN
3357779,87,66,79367.12853056489,694.5402364857458,6,50137,8080,BENIGN
5748135,33,73,43566.50207016327,1205.5651078965736,0,30794,443,BENIGN
4390120,309,83,17788.996685296064,78.62033565364473,6,43739,80,DDoS
2681819,17,65,7940.295510267959,1298.5365953387134,17,12053,8080,Bot
890795,57,26,38954.751389893805,20.215736058734507,6,58280,8080,BENIGN
838861,83,31,38932.3921726521,915.1578057043617,17,8524,21,BENIGN
7367764,97,55,22995.738430698544,34.5143504305626,17,42728,22,BENIGN
8889023,1,9,21551.539835284282,1076.6227985483422,17,49582,3389,BENIGN
5352925,13,39,39951.429804681604,367.68515470574835,6,31675,443,BENIGN
9688153,27,16,41011.38832051573,582.3722526242315,6,42353,443,BENIGN
8887424,70,57,44236.47991631923,583.0475211247856,17,56035,21,BENIGN
24,1,0,86875.9386727768,1272.7051791726396,6,15253,8080,PortScan
2559372,6,5,61125.45064227575,171.09728612157232,0,65411,3389,BENIGN
2276206,97,38,2043.316607152501,1007.0074909583885,17,52267,8080,Bot
6960634,94,17,51909.92417621837,1472.2601072074217,0,51496,21,BENIGN
7374692,99,72,76245.12959857546,53.12895512366324,17,39678,80,BENIGN
6575816,23,71,5641.430664451718,1449.523414167488,0,42449,8080,BENIGN
2002424,10,88,42260.78792741066,47.23899883643863,17,33017,3389,BENIGN
6262205,51,94,45121.0143257567,1264.9011985194124,17,29093,443,BENIGN
6671418,19,41,95402.04523357758,1442.6417410954816,17,30608,3389,BENIGN
494692,51,3,47568.39537829604,1489.6805257624367,6,34264,22,BENIGN
3578326,92,19,74990.02626622021,699.4995846364171,0,10512,21,BENIGN
6149131,87,27,30290.204520905285,1303.0971092503116,17,24540,8080,Bot
2427640,68,39,77930.66511884314,201.06252368381544,6,46252,3389,BENIGN
1715730,84,64,32266.23664973406,649.5688211491068,17,17643,3389,BENIGN
318508,535,43,43002.35873450098,87.69219549932525,0,6189,21,DDoS
8856984,42,22,47948.227781169786,604.8620348984762,17,61831,8080,Bot
8900119,637,56,92636.29694180113,88.35173314450017,6,58076,3389,DDoS
3117272,57,46,5345.354780486755,149.47069606327779,17,2702,3389,BENIGN
9273085,98,12,19686.71510108072,1497.282661286372,17,21736,8080,BENIGN
6304780,246,15,70574.27461975039,29.69165711472617,17,23968,8080,DDoS
4235142,38,89,57757.76598819687,1312.8060281269477,17,7088,8080,BENIGN
1898839,62,54,25153.139041497587,1247.949436553393,6,17673,8080,Bot
9618044,7,94,28920.08874910048,1153.6763651774334,17,7357,3389,BENIGN
1017533,71,64,36730.94856086799,78.05082606364243,0,3428,8080,Bot
8104110,318,80,45034.69493303285,80.90943242805028,0,42122,22,DDoS
4661129,52,15,81802.7323252778,505.65959679747,17,30242,22,BENIGN
3678186,26,36,1381.5476471962572,187.14989141632356,6,47608,8080,BENIGN
1581630,26,51,89801.97412134784,527.6255055014567,0,31201,22,Infiltration
2087358,19,9,41302.71116315282,974.3084952161098,17,16735,21,BENIGN
4856547,9,37,23049.75175664131,361.32711436077346,17,10581,3389,BENIGN
34,1,0,50841.269952734525,678.0012352493684,6,17027,8080,PortScan
6857758,20,94,65967.00426995783,618.6514805704024,17,49012,6667,Bot
996630,50,73,4475.2219193603505,97.64518495348852,6,33601,3389,BENIGN
9159961,80,53,71577.73516660825,949.5621434865451,0,19360,8080,Bot
2601723,81,97,76076.11875838625,935.8934153929501,17,42056,21,BENIGN
9766954,22,50,16618.22843234193,1450.2934677655671,6,50338,21,BENIGN
6231319,13,51,16788.14283769029,461.04772061458607,17,41765,22,BENIGN
4109097,12,69,20378.455454087685,640.047522390191,17,50398,8080,BENIGN
3364795,10,91,79662.87120673039,617.3836810771314,0,56269,8080,BENIGN
1045582,65,91,27200.305593118912,1381.2209734589524,17,50360,22,BENIGN
5786365,96,58,79593.58380543545,624.8009867761217,6,50270,22,BENIGN
5908735,30,12,54052.3858938849,675.2909334248188,6,54048,80,BENIGN
7487445,8,40,76717.13301718087,393.4699106037852,6,1707,21,BENIGN
9684010,21,11,55367.30416796108,21.72885670759063,17,45364,8080,BENIGN
570551,22,49,33576.88992117908,183.46699363554384,17,1999,443,BENIGN
8408524,18,56,91071.41426580581,1061.7559441124172,0,12435,21,BENIGN
967444,66,49,71529.56618574641,1030.0934781959513,17,49470,3389,BENIGN
2412249,48,56,48405.480251567154,497.3452478104092,6,24754,8080,BENIGN
5398969,44,53,63742.847637526946,720.049217065524,6,25457,3389,BENIGN
3352352,967,65,61584.335586899295,35.99636957642222,0,32397,80,DDoS
3732939,67,7,35811.621650427005,1101.7562550656846,6,31010,21,BENIGN
9427604,54,62,42377.17467795218,1266.8990381574793,6,29293,21,Infiltration
7022436,26,8,31825.677763312066,1350.6758331301032,6,60912,3389,Infiltration
5769027,85,59,99951.8131415453,277.32955570325885,0,57644,8080,Bot
2878704,94,62,58006.44539843893,1048.6247779151388,0,12448,443,BENIGN
4327958,167,71,9205.53210974623,20.974267601965817,6,33852,22,DDoS
7433633,404,2,51910.71837016356,42.03672282233973,6,48988,443,DDoS
8652931,34,72,4996.196467183989,539.4417325296415,17,40007,6667,Bot
5984784,8,12,28865.204831296585,961.2006213850332,17,35252,80,BENIGN
2694387,10,8,44596.111597618314,1038.8705574349824,6,58849,21,BENIGN
6511734,48,94,53427.04866019119,607.6300037933839,17,29810,3389,BENIGN
4621156,55,88,97618.13997282548,173.9066068108343,6,54254,3389,BENIGN
8977073,54,51,98222.17238041521,917.8566039299304,6,6349,8080,BENIGN
703762,78,61,9806.93699063544,1207.1683847647555,17,49485,21,BENIGN
1305685,40,7,53813.26727628892,1496.413195958967,0,16689,22,BENIGN
4092197,15,94,81710.9395192114,350.1262943051542,0,30606,6667,Bot
2659540,81,44,23771.282025275475,1056.5756817889678,0,13865,443,BENIGN
9988309,18,52,75056.30985884716,61.50393624578899,6,7025,80,BENIGN
3943745,96,62,87861.90557049794,1455.3414140267603,6,55827,6667,Bot
4495113,23,94,66248.73960354585,38.59540305608316,0,4675,22,BENIGN
6094567,62,80,32770.33488451189,551.016543225293,0,57921,8080,Bot
9623524,46,56,92313.23193405726,133.07610400482366,0,41800,22,BENIGN
5517466,125,53,88352.00936741689,43.42948785855663,6,10390,8080,DDoS
3448778,99,18,71582.53187940376,522.4596974998749,6,11811,8080,Bot
9515907,39,66,36366.81134371731,1104.7570183690814,17,46219,8080,Bot
5211693,15,45,79189.63623947994,739.8395386687171,17,40342,22,BENIGN
8370362,912,93,31610.898150214118,84.78312432667424,17,53982,80,DDoS
4846869,88,9,25295.28513335707,535.804196689892,0,26089,8080,BENIGN
7449707,64,92,51501.338691128105,147.47116718168564,6,27530,8080,BENIGN
4043164,422,17,99713.52250012508,79.39170521942158,17,34688,8080,DDoS
2603067,92,11,80432.19414341211,965.8717073829586,17,5324,22,BENIGN
3438650,80,48,72979.27321183238,755.192469437368,17,44326,8080,BENIGN
76318,728,22,45201.27466939773,26.774765623050712,17,61276,22,DDoS
6879074,70,61,31195.000918581605,825.0485421069851,0,48709,80,BENIGN
770144,199,10,85590.07631505158,46.076904623017555,6,36510,21,DDoS
5579179,746,72,56773.27799810193,40.10398773441324,6,22408,80,DDoS
3185814,47,55,81325.49511218989,1448.142941410356,6,61623,22,BENIGN
1728196,9,87,48775.37095709786,474.869939520995,17,42001,8080,Bot
8736447,63,88,75395.74940121004,1090.7846451904197,0,41342,443,BENIGN
8861035,34,54,86774.10586716948,1123.4170200761234,0,16954,3389,BENIGN
7667205,81,24,39139.00264699996,619.1921094484867,0,62274,21,BENIGN
2695046,91,8,1356.956990401592,898.0723831542667,6,7903,8080,BENIGN
4229315,877,11,25492.6566020909,67.63641502288267,6,30316,80,DDoS
1922235,37,10,91491.50410844089,439.3772691719934,0,54914,80,Infiltration
7021955,43,37,68754.2260552291,1137.018300896799,17,54252,22,BENIGN
978139,86,27,73721.87164369403,1060.1833911596405,6,42525,3389,BENIGN
9288593,64,7,32528.861426542146,1352.8123195683813,6,8699,21,BENIGN
8997454,24,73,70127.29846749951,934.826745896212,17,32959,8080,BENIGN
7352307,71,88,64628.21454094252,595.30580897037,17,50373,21,BENIGN
91,1,0,17837.3663477029,1076.7311859919591,6,51441,443,PortScan
1962265,48,35,96869.07774306445,936.1736197467903,17,64602,3389,BENIGN
7985720,12,49,35402.559334774,932.5890053449393,17,6145,21,BENIGN
611313,23,8,32928.69738400423,1277.7598804017673,17,46867,8080,BENIGN
768834,79,59,36916.1544230198,1367.4934373454903,17,51152,3389,BENIGN
7750675,97,71,9171.961532076934,286.75766334409724,17,50784,8080,BENIGN
20,1,0,62496.351709321585,484.7943318415381,0,17872,80,PortScan
5511274,87,52,23862.42437463968,982.4524374319612,6,48100,80,BENIGN
1839533,96,81,80331.27563841808,844.6874258902413,0,33052,8080,Bot
6569732,45,98,39415.61801339458,985.4427308591997,0,16136,80,BENIGN
3672314,99,16,45855.8482290652,660.8616070042391,0,59395,8080,Bot
2026680,65,99,64642.2054115559,630.4097402997533,6,51437,80,BENIGN
7229139,47,52,76187.11339537392,194.12777978440675,6,28199,8080,BENIGN
7507424,58,27,23111.53048481117,942.9993953547056,6,61324,80,BENIGN
6202358,5,62,96629.4329718146,280.162765796142,0,57733,443,BENIGN
4339335,77,14,62232.15459666812,1013.1119615441986,6,52205,3389,Infiltration
9880960,5,18,563.8623500387574,1451.266919980372,0,45384,8080,BENIGN
3526837,592,85,41562.22099235511,63.32095786011173,17,2841,21,DDoS
25,1,0,43681.78206307543,230.38541191741507,6,50416,3389,PortScan
2009060,21,46,80916.4975974397,55.77936301578176,17,6758,22,BENIGN
4455314,807,70,30513.977412050386,74.31302444617657,0,53032,3389,DDoS
8476663,18,47,33122.651629496344,337.624367108202,6,23022,6667,Bot
6918989,21,72,7049.409285256791,747.9519462530253,6,29481,443,BENIGN
3816546,761,19,28354.60245258148,92.85838655879922,17,49023,8080,DDoS
3376613,10,36,71696.170148585,537.0050616781105,0,17357,21,BENIGN
1937978,24,74,63475.69195598196,1129.8612089716512,0,63471,8080,BENIGN
6194056,85,1,8139.408800789405,1359.1138726540794,6,41020,21,BENIGN
1705315,353,63,11469.389211478298,53.6858846067279,6,16445,21,DDoS
5437249,60,85,37692.5963925108,1257.7207046410672,6,51937,8080,BENIGN
7271576,57,35,74375.77621410097,214.15809163795964,6,24318,3389,Infiltration
6429711,23,4,83291.82781286299,358.47923312437604,6,15100,80,BENIGN
3266502,22,63,1462.4043010017406,850.8952156260024,0,6595,8080,Bot
8121949,68,6,32901.05773074007,473.7406033583034,6,24852,8080,Bot
55,1,0,42426.1863628575,81.73197007149204,17,10398,22,PortScan
4108980,70,21,91113.28107904566,456.4107697304825,6,24814,80,BENIGN
5499693,28,73,50140.655770944286,1359.207879123416,6,60458,8080,BENIGN
4262046,569,45,26970.076524568376,72.47392087195817,0,2964,8080,DDoS
90193,99,39,39004.70651638448,1150.3513021673084,0,53098,21,Infiltration
9944890,39,60,43643.44414947472,1088.9773688866323,0,34204,443,BENIGN
1732565,42,45,66999.58735292785,177.21272777507824,17,8630,8080,Bot
3173684,23,83,4108.778296742521,507.5755875841227,0,47417,22,BENIGN
2859344,70,27,38945.16630243503,300.2473079252907,6,20631,8080,Bot
886140,920,86,64655.46369144513,93.46819933912005,0,17196,22,DDoS
323018,128,34,28332.231536439744,63.33444675444422,17,51279,80,DDoS
2246009,24,0,59175.10066641541,318.33535361791894,6,12424,443,BENIGN
116839,17,28,35727.89301040441,265.65076601055404,6,47828,8080,BENIGN
9675293,65,8,75872.08675067755,154.82386996723415,17,6593,80,BENIGN
9169024,226,8,6059.769646249347,44.66247840401965,0,10625,21,DDoS
90,1,0,91796.19807013564,497.50578172015355,0,55972,22,PortScan
1015029,60,62,17161.254794897563,1364.209054884017,0,56702,3389,BENIGN
9955555,50,65,15854.708674934915,297.075932668767,0,25764,443,BENIGN
2420664,93,79,84064.29447732125,912.2366925427402,17,22212,8080,BENIGN
9868743,290,57,86928.29230238887,52.232012352716524,17,15661,22,DDoS
8577164,47,69,9297.331344580029,89.84068357750671,0,14085,8080,BENIGN
2653193,67,54,90871.89280149103,784.0906569896804,17,50171,6667,Bot
3303557,65,12,27329.786672897626,686.9898425461569,6,18479,22,BENIGN
5889097,27,96,61862.16854080555,1394.5923399545652,0,26750,8080,BENIGN
6944221,48,18,6859.349040789575,1002.3718638540554,6,58735,21,Infiltration
6238895,800,78,38066.1101128201,80.36909253263391,6,7815,443,DDoS
4767448,62,32,45072.46091045378,1073.0514033920601,6,40991,80,BENIGN
716856,44,73,59982.65693563105,882.3279506564991,0,3578,443,BENIGN
43,1,0,52527.197141446566,533.8114490915108,0,34404,80,PortScan
6791068,59,59,46149.29614915926,1182.1680431963744,0,9292,21,BENIGN
3751298,923,11,95964.02117655879,77.6008926484801,17,11970,443,DDoS
7369534,55,42,18502.277698775913,28.016121546855164,0,45256,21,BENIGN
3138245,220,92,15799.423064666818,79.87323213492411,6,46147,22,DDoS
1226576,2,16,71341.90609006716,607.6959856872729,0,2075,80,BENIGN
4184156,94,67,7455.1884870232125,975.2624488692352,17,4007,22,BENIGN
8960920,94,28,48289.14559942768,607.2171150384393,0,23951,8080,Bot
1500944,39,54,48405.311915220715,1324.4158254661722,17,11320,443,BENIGN
9317876,45,6,31002.533095909133,983.2364603597439,6,35018,8080,BENIGN
3443709,32,43,93044.37416801977,877.4915894684287,6,54838,8080,BENIGN
8752184,65,76,28254.34350960114,1470.7918301517707,6,4178,6667,Bot
1400383,38,4,28844.195223824652,435.3479696897635,6,65129,443,BENIGN
5927713,77,59,23429.99642237211,116.57635010520421,6,35066,22,BENIGN
691857,11,5,14578.803522056305,783.6954407010938,6,19797,3389,BENIGN
390819,10,97,36401.10553484528,647.5463940475904,17,32166,6667,Bot
53,1,0,68088.72600004301,692.3492726340266,6,33611,22,PortScan
9538655,90,45,74216.28627707559,937.7551606628869,0,13750,21,BENIGN
6854553,55,56,81341.8916430681,930.380022173682,17,7581,3389,BENIGN
3338020,20,53,19754.38885315586,600.5511541306659,17,18279,6667,Bot
3296150,81,91,3563.268823972976,1297.057995464581,0,19369,21,BENIGN
2118424,17,45,97468.58584883918,984.158594041005,0,27780,6667,Bot
6827399,68,9,1433.2519286428535,1337.0692850808284,0,13156,22,BENIGN
6247894,5,3,96067.88379580586,1371.4677795516197,0,44460,8080,BENIGN
7917696,60,66,82881.44187117998,267.62187227406434,0,32447,22,BENIGN
4902766,23,24,91207.47610251365,1027.2315733587693,6,27167,443,BENIGN
876131,46,86,38718.5712611146,489.91755847971126,17,31329,6667,Bot
6232839,335,90,19720.199885103328,79.4637512221874,0,27915,3389,DDoS
1270996,10,77,60646.36851755649,1104.6203378901478,0,52330,8080,BENIGN
1059722,46,60,74125.11707164868,314.1465775382625,17,5185,6667,Bot
4422475,28,37,13086.106632466055,1409.3215344247665,17,65518,3389,BENIGN
378265,924,31,79762.1514684534,93.63671189519692,6,34867,8080,DDoS
9097370,43,22,20859.332001255792,1423.9769927916204,17,48838,443,BENIGN
4131579,26,36,49167.72929084599,318.82853484624457,0,64799,22,BENIGN
85,1,0,85648.2449878153,1307.1635397099783,17,31975,8080,PortScan
9033896,48,98,19342.451104269254,1008.7477742151402,0,8354,3389,BENIGN
415108,29,12,24188.464798278754,837.3841587983162,17,39152,6667,Bot
1632093,136,33,6277.115649919152,81.12041166715801,17,19443,8080,DDoS
3351378,18,87,14661.411178313045,956.6385525316506,6,34181,8080,Bot
2342135,60,64,14652.58197813687,1011.0082376171149,0,22549,3389,BENIGN
7978550,74,75,20342.75021541375,395.43246469901453,6,30424,80,BENIGN
50,1,0,28620.03970649839,1229.2394591743112,6,28334,80,PortScan
7241047,74,82,81498.33644785408,982.4479994444256,0,44940,21,BENIGN
2768462,368,8,91576.38641811174,88.43496688984443,17,54038,80,DDoS
1170465,24,27,40628.06092289503,540.2599090042079,6,12780,8080,Bot
9068126,3,77,12820.895198831084,510.93098116046997,17,23211,21,BENIGN
9503301,95,90,22380.992509553067,55.376387605727004,17,5101,22,BENIGN
9615660,62,17,73620.59768552255,1157.5358836558826,6,11784,21,BENIGN
5931261,2,41,67742.55192128898,508.86529289579244,6,25961,3389,BENIGN
6790693,324,40,96720.73016056904,65.89693204928184,6,9274,443,DDoS
4851288,42,69,1448.8680595083235,1039.2530829026591,17,21988,6667,Bot
2721964,34,32,75075.87602823568,394.24608562373555,0,49780,6667,Bot
3947308,42,88,50579.36004529816,1365.3503201667215,0,59492,22,Infiltration
6984820,20,76,90269.29779224592,816.3376670577208,6,60148,443,Infiltration
7733408,97,53,57616.66741268669,1454.8263093471373,17,7965,21,BENIGN
3875854,68,86,44666.77244614154,133.46988999239227,6,25939,22,BENIGN
2705099,45,35,66585.06094929948,518.5015441156404,17,38373,80,BENIGN
5298317,146,96,83352.34421809977,71.53371093934209,0,47915,22,DDoS
1324170,42,84,28249.855017285197,1101.0226657192582,0,20144,22,BENIGN
7364486,47,97,10752.704378425793,335.1841417373083,6,34831,443,BENIGN
5787849,5,55,43301.81183193205,575.5118630062052,6,41457,6667,Bot
1661893,89,99,21451.987281172856,1367.7509650572358,0,9336,8080,Bot
6576751,49,16,42954.11753952091,189.5353078597629,17,16597,443,Infiltration
6867318,37,9,99104.81727989501,1123.0795209748258,0,4837,443,BENIGN
9004744,34,86,57412.20937740219,1059.6779652086548,17,23881,443,Infiltration
7466127,73,43,69360.02228467437,213.14751335928136,6,23635,8080,BENIGN
4987796,598,1,67792.84224614185,97.41755792154022,0,16564,8080,DDoS
429088,18,98,82070.08362860636,863.2800081771863,6,42728,21,BENIGN
4084852,555,13,94412.85990153796,89.62407007878038,0,5505,21,DDoS
55,1,0,65881.80982080534,480.4889686777783,6,48450,80,PortScan
2977690,78,1,47609.46447532082,1252.8285674969281,0,16937,6667,Bot
7599700,40,18,31783.094641791144,361.9021796740082,0,38335,6667,Bot
6610834,17,79,36027.43001238671,778.9151835529581,6,12167,8080,Infiltration
3297391,60,88,33448.06081240567,1028.1016112087314,0,56392,8080,BENIGN
4894387,99,0,32446.54912738899,212.25450761854418,0,15614,8080,BENIGN
7954747,942,1,69462.50043820943,82.18881925093018,0,40795,443,DDoS
2490806,42,26,58770.902995186414,405.7387862420106,0,57236,6667,Bot
7542635,580,1,20199.504491772623,74.84117138755101,6,29554,443,DDoS
9580610,72,93,96962.60191661959,1005.8512924017009,6,26622,6667,Bot
8047352,65,50,42772.55153543192,135.72363776147753,0,5984,8080,Bot
5254324,53,9,56608.64010680784,948.8667810795527,0,41659,22,BENIGN
6215240,7,18,70260.09667897628,1375.7243410749106,6,28961,21,BENIGN
3738073,803,79,61367.73766768955,48.68145902209229,0,16883,21,DDoS
2202675,24,12,31105.176909560083,555.623435641212,17,40835,80,BENIGN
6611753,28,47,79770.65734873767,363.85425713146145,6,35567,80,BENIGN
464171,62,55,11015.363957962687,1231.7777483911425,0,2932,8080,Infiltration
4381237,17,71,56899.58347036714,268.0595787866102,17,28632,8080,BENIGN
4912316,20,55,27331.722301410067,533.0097884450684,0,32573,8080,BENIGN
9164143,3,49,61576.23676730183,909.5122957092021,0,61023,443,BENIGN
7597726,37,94,21799.348108436978,618.7405603456789,0,50763,443,BENIGN
3498572,90,44,77219.96552093382,116.8945854704755,17,7169,8080,Infiltration
8369789,15,88,22753.633126583263,1422.6265880703372,17,60398,8080,Bot
1564818,51,58,89039.21349668325,520.0926538026782,6,50558,80,BENIGN
5139843,48,38,86155.4904670231,679.5637948918711,0,42673,8080,BENIGN
13,1,0,36239.345201381126,267.9670961009814,0,6255,21,PortScan
3813370,13,54,38582.02888740259,1300.7183537879664,17,7028,6667,Bot
4806525,48,56,70150.34576874904,451.3146060396251,0,9419,3389,BENIGN
6609976,3,40,9037.353797248394,49.33810423120418,0,46065,443,BENIGN
2378937,65,92,8091.941217567933,488.2758222301173,0,47853,21,BENIGN
6123869,73,69,13632.419683394315,1476.408333108686,17,5145,8080,Infiltration
1524202,31,81,56247.53354498523,237.3274517661929,0,2900,8080,Bot
9052888,26,48,14900.230483109322,66.17968222302059,0,40043,80,BENIGN
2383466,81,43,27761.72817729814,875.6998735388944,6,2724,443,BENIGN
2035948,56,34,64691.140754020795,570.066488771912,0,2614,21,BENIGN
5123030,34,90,1562.3777836715535,1196.5634428314681,17,51043,443,BENIGN
8593323,9,4,18023.660795346987,1103.1938905109134,17,62737,80,BENIGN
9913941,62,70,92993.06628757037,294.42016158774334,0,31511,21,BENIGN
6691509,452,73,66357.76234087131,63.85004510043706,6,23069,3389,DDoS
838103,69,73,30555.111422321344,68.00529103500563,0,3088,8080,Infiltration
3433482,41,50,4530.342406116861,670.427777639026,0,43471,22,BENIGN
8670278,77,56,58604.8808412427,1076.798768513169,0,3369,21,BENIGN
3395149,531,57,22286.630989244062,24.410255077834915,17,36432,80,DDoS
66250,89,91,96017.54387183332,194.57213877383813,0,57195,3389,BENIGN
7951732,47,35,68696.09549868446,111.06970874424402,17,33163,3389,BENIGN
7429745,4,9,97412.3886346106,1283.4159856761414,6,34842,22,BENIGN
6081787,63,49,84889.88974115667,1339.163900724688,0,60411,3389,BENIGN
8948431,52,98,48302.74151905406,527.7768722023436,17,46262,21,BENIGN
49,1,0,66956.31476541435,262.97504045351434,17,20995,443,PortScan
9388262,28,36,81210.71955393002,1468.3519954238473,17,56994,80,BENIGN
4193160,6,19,57817.84816626232,827.8784293297916,0,40384,21,BENIGN
134155,27,12,6148.75009682192,725.4494646994203,6,61771,80,BENIGN
9064730,12,74,47044.631387363115,1117.579466142053,17,48028,8080,BENIGN
9198650,62,18,13057.33307866399,269.92662234361524,0,59975,22,BENIGN
9085066,52,91,71484.67752101705,878.3847906377881,17,47559,8080,Bot
1841748,48,55,68062.8915637602,1337.4402874832315,17,7755,8080,BENIGN
7132608,67,44,99290.81920521134,54.14135918803072,0,13731,22,Infiltration
6437945,587,59,62880.98017941077,53.293339968334756,17,7407,22,DDoS
3828533,702,67,80013.79423839417,28.951713418798477,17,15871,3389,DDoS
2735364,74,56,26828.785088883255,1427.1851610221875,0,49441,8080,BENIGN
4448848,95,53,34002.41352959797,402.87379468487654,6,5923,443,BENIGN
7152847,15,36,91702.42523778373,1291.1596300510319,6,38326,3389,BENIGN
4137370,71,82,75519.22596257449,477.2988387872616,6,32515,22,BENIGN
4318022,36,36,65526.91747976377,656.1980925731036,6,59388,443,BENIGN
8848005,14,13,25402.769258304026,335.6655958514527,0,34314,80,Infiltration
7465473,593,94,69857.79287251651,78.29116287292327,0,42554,80,DDoS
1020254,3,91,88676.36450419512,309.2062977673426,6,30978,22,BENIGN
8071024,970,99,23079.76548946564,91.38541096959092,0,63177,80,DDoS
6843632,86,43,70612.39479158232,694.3078062044104,6,20747,8080,BENIGN
4945269,19,82,39369.39533975087,1255.9265308488948,17,5232,22,BENIGN
6733315,99,41,11876.741294061998,411.4430674826002,17,64072,8080,BENIGN
8195910,76,0,76346.0676533682,216.44060922938567,17,19860,443,BENIGN
7904394,54,22,16713.678918433638,841.3426721406547,6,31713,21,BENIGN
7185297,69,63,25289.627349037135,773.9668592424605,17,64405,21,BENIGN
8171648,10,27,78294.20408786922,547.7789194452282,6,53649,3389,BENIGN
6714401,33,3,74213.27856246376,1000.9756994368532,0,31979,22,BENIGN
9258831,13,40,25418.306604439502,160.8113865611171,17,6149,8080,BENIGN
7969793,99,59,94096.46143463673,940.5615908743916,17,57944,21,BENIGN
1859682,51,17,21528.52250771915,333.3990183803507,17,4209,22,BENIGN
7744164,32,62,99362.22149640323,210.85274291151975,0,48492,3389,BENIGN
2129985,75,60,73789.98719514394,1366.2201065855268,6,10062,21,BENIGN
4720742,24,48,39250.76905514027,700.4977265076752,17,28992,6667,Bot
549339,35,46,13034.920666248396,1149.8569699502762,17,51510,21,BENIGN
8945409,83,38,32050.995515961367,151.89305410380538,6,49319,80,BENIGN
5408853,757,88,19373.851146504872,33.92663965513664,17,44881,22,DDoS
3047669,40,81,62183.958649401924,752.381275123176,17,39987,3389,BENIGN
9659172,54,5,35685.515313795666,487.0157042867936,17,43895,3389,BENIGN
785432,44,82,29500.726124385703,27.262792914034293,6,17707,21,BENIGN
9156658,62,52,75713.31917183721,291.27607445032305,17,5982,6667,Bot
97,1,0,23059.94348501831,343.78776292587776,0,51261,22,PortScan
397810,68,24,58688.93174255046,446.9894047060189,6,33875,80,BENIGN
6503316,33,98,19459.609282354562,1318.7526540241597,17,8939,22,BENIGN
4317148,77,64,71479.86077330956,642.4917460753136,0,54232,80,BENIGN
3188829,56,4,62512.14837525967,1025.5599379060882,0,35168,21,BENIGN
4786056,36,64,79815.35151770311,47.226217139068794,0,33609,3389,Infiltration
5105824,54,7,6849.707476267897,1224.6100032666443,0,51868,3389,BENIGN
5025864,19,38,21010.544950502153,375.68683741069754,0,45558,21,BENIGN
7996298,43,42,15446.036055346569,477.3782067874432,17,41618,21,BENIGN
910875,12,81,19056.124028573664,86.97951934081705,0,14330,80,BENIGN
5954978,11,72,10301.407913805071,626.3455008409508,6,51099,443,BENIGN
5928097,70,4,56208.19014360728,1281.8136236552666,17,22393,6667,Bot
559024,12,3,59343.140705055455,580.526702018028,17,18906,80,BENIGN
3881285,91,92,84348.97555940103,1364.7358007194607,0,47738,3389,BENIGN
5005098,41,0,41773.817644376264,1303.8224527251691,0,38802,8080,BENIGN
5166750,217,93,53238.471307444765,39.65467070398776,17,27626,21,DDoS
5693175,3,55,99130.4059411111,471.80247679708276,6,54774,21,BENIGN
8110016,3,44,53184.50833591791,1367.4176151258418,17,4894,8080,BENIGN
5193378,84,64,57357.60877520161,64.11723486251131,17,14005,3389,BENIGN
431513,28,2,99591.7414877384,1153.396261220964,0,60514,443,BENIGN
10,1,0,99412.93814497726,1361.5134091438752,6,2749,22,PortScan
4165200,48,71,42403.044559728696,1160.3272695370238,0,14221,21,BENIGN
863661,67,55,63494.68296029644,1120.8451891687434,0,63793,21,BENIGN
302286,42,17,48080.25078372532,1268.1665479133817,0,3834,80,Infiltration
3207493,88,24,72071.54516572003,1005.3685503273766,0,32058,443,BENIGN
5489564,272,47,93838.65211333915,88.55847540426466,6,64197,443,DDoS
7457085,6,83,30965.930837327327,112.87821597588166,0,39353,6667,Bot
6767628,20,30,81887.51704389413,1186.19181862138,0,3318,443,BENIGN
1026653,11,29,65484.893277598014,1359.7753857805194,6,11528,443,BENIGN
9623910,336,79,28018.48012742173,66.86657403188795,17,43576,8080,DDoS
8533979,27,65,79729.96581819937,808.1155021945692,0,42408,80,BENIGN
3743897,21,80,42713.30191975715,616.8647365361802,17,38682,3389,BENIGN
1514642,13,9,12039.71754812949,1288.1862640341112,0,6201,8080,BENIGN
6357818,86,70,99341.63572758093,41.90888986609854,0,25424,8080,BENIGN
4180756,35,58,42564.63329723189,944.331853430474,6,39395,22,BENIGN
8465606,47,50,54155.25473761613,1362.971384682932,6,52547,80,BENIGN
6846292,86,8,80796.17307637607,172.76904178775575,17,41145,443,BENIGN
8677024,28,53,96087.61351199335,1439.563515349022,0,28439,3389,BENIGN
7347789,21,61,87288.78499603157,1452.1636827719688,6,39410,80,BENIGN
1829653,18,80,52505.32078015666,1396.087668431108,0,30543,443,BENIGN
3041441,31,8,54569.60755331153,704.5682220384454,0,58429,22,BENIGN
1039604,60,8,28088.69366096629,586.7956044878,17,48720,21,BENIGN
6666555,37,23,46280.28781590837,1064.802650052615,0,55234,8080,BENIGN
7663689,21,38,94683.88821751473,491.6615225572557,6,33013,22,BENIGN
7918448,14,74,72694.09439386563,121.14934658117653,17,20966,8080,BENIGN
4988123,844,7,1187.6990741532923,67.06471062601193,6,2808,3389,DDoS
7635936,91,24,11650.6781822741,959.5869686989967,17,3940,443,BENIGN
7809106,60,65,92381.12699578551,326.58865747107643,17,4468,3389,BENIGN
1675943,23,9,84871.93289276141,47.2446707954609,0,34306,443,Infiltration
8423409,95,23,48616.44657483969,1090.8036310583357,17,30443,22,BENIGN
3229128,29,79,61697.82808672586,1282.1438856913053,17,56370,21,BENIGN
7057093,123,82,28964.60103807249,65.03010917166854,0,54888,21,DDoS
1721710,30,58,79283.0752100424,139.72935206265473,17,25698,8080,BENIGN
92,1,0,60331.74468894399,979.9594317965178,17,25922,443,PortScan
2614335,84,10,69482.57054559152,459.45499730765,6,11855,443,BENIGN
491136,185,5,37490.98380089979,37.46086085801772,6,31160,21,DDoS
8716012,83,69,43043.800651148056,775.3869017052269,0,48531,443,BENIGN
97,1,0,20768.20829644568,733.1287128405417,17,64389,3389,PortScan
2710341,89,38,94805.25429208718,784.8202054344927,0,39328,443,BENIGN
1143053,87,47,94655.70203865744,1239.4198388676148,0,41642,22,BENIGN
3961452,670,12,81775.1247239904,39.464241216033365,0,41905,21,DDoS
3978802,15,58,93555.51191991838,1352.8000580238775,6,38042,21,BENIGN
8169084,59,66,66532.80525803787,1265.8797170408052,0,54813,6667,Bot
327016,3,55,23465.18693030748,983.651604939139,17,62050,6667,Bot
3597806,10,40,76021.05221924912,104.14074925585285,6,38033,6667,Bot
4506654,79,55,32527.62092417024,1300.1176964049964,6,12189,3389,BENIGN
11,1,0,44048.16892984141,1360.2466035811767,6,14570,21,PortScan
9462843,17,37,27435.01638553697,575.0697590752334,17,27097,21,BENIGN
6849586,83,80,42362.191772126964,798.7046042917804,0,39310,3389,BENIGN
5050505,11,66,67931.7365656695,435.9105925450203,0,30559,80,BENIGN
8337835,48,33,11061.056130502977,41.78017433094004,6,55906,8080,Bot
1725790,866,75,10520.692899301643,95.97144923830149,6,63947,443,DDoS
3280872,69,87,68377.00120881421,211.45128059889424,0,20157,6667,Bot
8197395,64,69,77958.11667746076,291.3205711353422,17,55060,443,BENIGN
5809141,14,10,55146.6684712365,731.4520012009472,6,35723,21,BENIGN
5087368,50,26,18164.101406746548,1303.216744650433,6,49584,8080,BENIGN
6155679,26,47,43075.68483609884,1270.0563541963381,17,54528,8080,BENIGN
403219,72,23,75817.55223840145,1448.3012637164502,6,32458,3389,BENIGN
8212520,69,17,68573.31015524997,734.367315414688,17,34230,6667,Bot
402832,7,26,10986.547781937006,836.9731863774041,0,34328,443,BENIGN
506179,16,53,96914.7180958245,1236.732026778813,0,44206,8080,BENIGN
1950113,55,54,22336.388088633652,1055.5166473915153,6,26312,80,BENIGN
1132758,78,20,22038.95045804547,290.57671821546205,0,39718,8080,BENIGN
1985309,56,58,45985.72477454559,609.2986330931352,17,28138,8080,Bot
4322726,358,33,32724.312900004847,77.87761216854418,6,63770,80,DDoS
657051,48,96,98398.5988644394,236.26817207331848,17,56924,8080,Bot
8400011,17,57,7648.977325413198,329.84743355907256,0,65073,443,BENIGN
9598917,166,47,30643.919092327753,27.234758965228394,0,54490,443,DDoS
3479691,70,53,38272.216042729604,1411.0137164938333,0,25526,3389,BENIGN
78,1,0,49345.89937219405,188.45084959367313,6,49148,22,PortScan
6027088,93,2,1640.6428726948752,1015.9547027057308,17,30875,443,Infiltration
7426363,38,23,8236.213180828056,215.54133538985724,6,62520,21,BENIGN
84,1,0,25780.964272981157,796.2615326640047,0,63998,8080,PortScan
4180403,48,5,55400.20816855962,814.1139995953963,0,22246,443,BENIGN
9456907,10,18,76777.15701934723,83.08663767060789,6,48465,21,BENIGN
4684446,36,85,68649.53488149492,1432.0943303419278,17,36558,3389,BENIGN
458398,29,42,56702.49127226106,1213.8014927490603,0,63759,80,BENIGN
1047443,78,7,39723.28397276593,468.22421825885885,17,41966,6667,Bot
5719820,4,68,87069.45022561538,213.3239518784083,0,31446,3389,Infiltration
8493936,44,51,45977.25432582604,531.5275352755921,6,51165,22,BENIGN
4620750,56,72,29925.280560892996,1343.5292884414657,0,29667,6667,Bot
1755792,113,46,62933.51148520573,37.83506173268898,6,49335,443,DDoS
9272764,13,84,69211.4996586309,536.9893055206685,6,16674,8080,BENIGN
1730328,46,27,39847.024485885544,751.570548503947,6,65435,21,BENIGN
1946893,195,45,2814.328104591457,70.16924169447012,0,1325,22,DDoS
1569223,33,3,9413.150023671058,416.6898947239264,17,51188,80,BENIGN
6115618,556,87,84559.88918936618,42.67723095391596,17,37442,22,DDoS
7394079,80,7,5654.792118530793,499.46758019946134,0,34038,8080,Bot
8437582,79,60,59201.96670421323,1308.3776517228237,6,19471,80,BENIGN
1622672,57,16,18370.938544939185,1406.4128197044388,17,2382,21,BENIGN
3220381,69,33,22892.62912441771,673.4834408655912,17,29906,8080,BENIGN
2689884,70,19,27333.395973618113,807.3903036160089,0,59977,22,BENIGN
8175702,883,79,3829.138619702044,40.13869248052903,6,31092,8080,DDoS
709762,48,73,17723.52741402924,1003.5117498202889,17,65328,3389,BENIGN
6863482,76,33,65049.99845139404,113.62175771271721,0,58307,21,BENIGN
5321229,33,42,49871.7136208005,99.44555679391608,0,47509,8080,BENIGN
8859160,36,9,79732.90857389358,1301.069757886676,6,12817,8080,BENIGN
5672705,33,93,6124.210655149353,345.4106292531794,0,18453,22,BENIGN
2592770,31,29,88889.82962516311,884.4761443568362,6,40553,21,BENIGN
4810933,21,24,99639.85318994729,944.5142854801406,17,38006,8080,BENIGN
6703559,27,56,1573.9972248782985,263.4071305523563,0,59919,80,BENIGN
20,1,0,96764.00655399333,1147.1630076190818,17,61623,443,PortScan
72,1,0,23586.271297102,1301.599515080553,6,27138,80,PortScan
3761775,62,46,69254.3138206037,442.3589683501929,6,43499,3389,BENIGN
7415845,96,83,29248.344310492623,1319.203467766687,6,5625,8080,BENIGN
8082755,26,80,52181.287874752044,139.93500977155557,0,12922,8080,Bot
8877680,66,2,51041.850983616576,1204.6866107867106,0,19186,80,BENIGN
9512702,12,45,36110.547944907215,967.3645181966662,0,9652,21,BENIGN
3081428,22,35,71754.67682883337,883.0039682902697,17,26402,3389,BENIGN
5371212,17,25,59963.64818633143,360.59646234092327,17,24680,80,BENIGN
8551746,7,9,50827.700394317566,555.5258681143777,0,54374,21,BENIGN
7281605,68,33,98283.93119182566,1367.2504887199095,17,24783,8080,Bot
5124895,37,77,94000.93261873264,709.296807910111,6,33748,22,BENIGN
5411363,38,7,95543.58457936614,899.6825248569371,0,55956,80,BENIGN
3963835,96,54,88132.39598032879,1405.0602685381123,6,38592,6667,Bot
9763280,11,90,25515.533875437977,710.4028916783983,6,34616,8080,Bot
6493609,1,9,34997.6030978181,594.6384728222449,6,21213,80,BENIGN
8989238,316,56,23105.46195455079,36.187839440251196,17,30766,21,DDoS
9466541,42,78,98617.68872228464,1368.1141726683043,6,15265,8080,Bot
8824131,52,85,15266.186976349116,544.864623766943,17,42287,22,BENIGN
1193029,24,44,36651.17555589056,896.1447301743062,6,40102,21,Infiltration
8712098,53,49,19904.442471935647,1446.3171037931922,0,58861,80,BENIGN
6555135,56,63,22345.38121842532,102.0966288063065,6,42070,3389,BENIGN
4068416,63,94,24708.788480321153,78.90758089046406,6,4321,8080,BENIGN
8068087,81,1,63967.0675559954,784.5391531260915,0,15479,3389,BENIGN
1656771,8,44,7604.93701915278,451.03541256735093,17,23453,443,BENIGN
5681735,59,94,57252.98736237841,881.1378297025424,0,12535,6667,Bot
6145365,45,61,81928.6236284103,1091.9571223417202,6,61944,443,BENIGN
8527271,27,13,76652.37766044309,122.23001953103909,6,8113,8080,Infiltration
783166,52,73,15117.169828232547,1325.9038641872485,17,23904,8080,Bot
79,1,0,91473.17347788053,429.7927618306949,6,49295,443,PortScan
4899956,91,99,77009.03814047741,584.3942736266874,6,56040,21,BENIGN
6240879,86,14,530.2510932846061,518.8143929067944,17,56669,80,BENIGN
4056057,16,13,73737.3633539586,1262.9555899720142,17,39426,3389,BENIGN
6617588,808,30,73742.16786219986,34.85814908293213,17,14329,3389,DDoS
597997,5,28,49681.60805399847,62.43636310123795,17,53996,22,BENIGN
97,1,0,4598.2416006372205,1458.2663853444592,6,16700,3389,PortScan
9161508,3,84,57990.593828234945,1471.3360633272341,17,24321,21,BENIGN
2043099,289,8,76574.67600343093,69.06644654161899,17,34841,21,DDoS
3660085,81,19,27087.405532100063,33.84189995429788,6,37393,22,BENIGN
1902997,80,98,66706.82182517875,975.9573112461338,17,40257,22,BENIGN
8019313,70,57,35392.6195044382,979.7256584918589,6,56615,3389,Infiltration
3576611,560,78,57385.483290223114,92.46790591053659,17,29826,22,DDoS
83,1,0,38456.57494316247,461.7363558989892,17,64528,22,PortScan
549248,14,48,30376.14660177791,300.4661832868014,0,55041,22,BENIGN
2773807,38,56,85591.44754320444,932.2458738309256,6,8773,21,Infiltration
5068102,79,15,75383.82591853767,854.2331770264755,17,36775,6667,Bot
2774039,798,99,34544.9133973149,48.89054847756473,0,49049,80,DDoS
1935840,33,74,43463.164161520894,1329.9885568698594,0,56504,6667,Bot
3435055,450,7,69170.34178753459,29.720688110093747,6,12336,8080,DDoS
4936810,91,66,81107.87805905093,242.11138449481183,0,33592,8080,Bot
5155972,29,18,68434.12628247125,905.2308361752315,6,30519,6667,Bot
3177426,57,66,54093.15806826384,573.6703197982619,0,33733,3389,BENIGN
1554610,5,35,95438.58319312717,690.0478423414733,6,64587,8080,Bot
3763222,93,88,77414.36197415636,1440.0368985159657,17,47892,443,BENIGN
4421690,96,59,11559.186039128866,841.3216402789557,6,26127,8080,Bot
2535037,60,35,55813.909879201914,241.4777951408348,0,8197,22,BENIGN
812561,248,10,40955.66413956515,29.94394741483431,6,17441,3389,DDoS
4427136,2,50,79493.56367907937,358.0771438719211,17,31802,6667,Bot
1718324,70,79,4466.303385743197,220.51409161273645,17,55362,443,BENIGN
2710726,43,54,41072.35699624281,1074.1064862558487,0,56574,80,BENIGN
9312752,523,53,31827.631534348588,94.69517639189162,0,25384,8080,DDoS
7906266,56,16,14118.598457971832,756.7275224462873,0,40338,8080,BENIGN
7310208,928,61,37880.4115319572,62.298838249429515,17,32924,443,DDoS
9775360,59,41,67280.02781844791,496.8822416148996,17,27679,8080,Bot
6440110,89,23,36167.78850325263,150.25289408338335,0,33801,21,BENIGN
48,1,0,58000.657535236525,462.91907834468634,17,2751,21,PortScan
444291,3,47,59281.17959393091,1260.824041983443,17,57718,22,BENIGN
1502437,90,83,58711.11270580332,1179.8395839892216,0,52954,443,BENIGN
3486769,48,85,52953.18839442055,1459.0302314330372,17,61788,21,BENIGN
9309305,43,69,11698.823568238791,990.9793259539372,0,40524,8080,Infiltration
3723046,150,6,21845.592743532594,57.30284085422029,17,48659,8080,DDoS
76,1,0,80006.70762509892,458.1458351994476,6,45211,21,PortScan
9874913,1,10,50236.548892271014,133.75315892006904,6,4122,443,BENIGN
224795,57,11,70607.6315836315,934.6671409595486,17,5068,443,BENIGN
3441728,53,4,56990.90802127616,742.4800436801426,17,51352,80,BENIGN
9490552,16,4,3869.025450023833,1143.4302798284639,6,49019,443,BENIGN
7553075,51,19,79621.37690179005,629.5497340551414,0,31004,8080,Bot
8123336,75,53,6432.419452904947,1478.6160096392675,0,54899,3389,BENIGN
7761950,90,54,94317.40511585731,608.4658411978821,6,18681,3389,BENIGN
9799414,55,57,21537.692170507584,512.9460196691396,0,57230,21,BENIGN
3340316,1,78,51240.614346014954,1309.0598375908592,0,19884,80,BENIGN
3833384,90,89,6358.804246578653,605.349506068024,6,64044,8080,BENIGN
17,1,0,89493.23786658212,1308.9280322986067,6,14621,21,PortScan
33,1,0,97994.02545648043,60.48434272329834,17,12793,22,PortScan
9308192,812,23,14629.250272118989,91.25929951600855,6,3365,22,DDoS
4898054,73,86,29578.654249351977,126.342252778664,6,5563,443,BENIGN
4017236,60,72,1587.4421793847794,239.38404536572875,0,46367,80,BENIGN
344955,59,2,78696.54919674565,1056.111029406995,0,27953,80,BENIGN
5750383,22,99,31146.43326814126,448.7905449960166,17,4166,8080,Bot
20,1,0,58883.746934183124,331.4414338935112,0,52386,443,PortScan
4625778,184,70,3921.8501280014584,60.56903498789247,0,31200,80,DDoS
2378035,42,21,71546.02666747475,1420.4453589770717,0,11851,21,BENIGN
1134206,27,13,52940.39633567269,363.92335983668596,6,53590,8080,Infiltration
8296977,39,47,72498.02459988352,489.45001522881427,0,57860,80,BENIGN
2475068,300,28,78956.43131509639,58.44791142788851,6,8298,22,DDoS
6166260,25,49,8924.28661788337,1226.6334484226968,0,35819,22,BENIGN
5672640,38,79,57809.21207932251,1498.760204484393,6,5750,8080,Bot
5644907,85,97,64994.40338816218,424.5886704153269,0,55070,8080,Bot
5972658,109,9,51671.8753944995,94.13220268818945,17,35791,3389,DDoS
2442366,24,70,18240.939826512225,218.348033352962,17,38496,8080,Bot
4437777,591,88,79559.7284057737,57.956729836317145,17,16052,21,DDoS
9607466,83,26,99745.83288395984,86.55348541241221,0,6641,8080,BENIGN
5241318,367,78,96927.02524285228,51.27688606192028,17,10240,21,DDoS
5150735,66,95,77752.95649772313,769.6865656411968,6,51797,22,Infiltration
5481240,14,27,41810.77227864215,262.3635018136236,17,38363,6667,Bot
7214715,53,8,33730.049784002214,1336.2872990554615,17,16836,80,Infiltration
8010743,32,70,6854.579910083181,1071.257336915879,17,20419,8080,BENIGN
4981362,311,79,41628.63037516904,66.5329705573355,17,23616,22,DDoS
4525308,92,25,15604.859773179902,1317.5183024733165,6,59278,22,BENIGN
5290817,48,98,25433.471350602842,1466.4350714092939,17,57828,22,BENIGN
518449,39,80,89188.67731773511,762.7551232551652,0,50790,8080,Bot
2882090,40,86,96852.5631511219,485.623802773375,17,37872,8080,Bot
798068,42,7,94855.90004657603,409.927385112073,0,48051,6667,Bot
7892961,77,1,19335.568584339093,149.38085144345203,0,46501,8080,BENIGN
8467791,76,94,90089.42082353229,747.5818795421658,17,51180,3389,Infiltration
6211511,8,56,14150.530090026514,94.20723271204935,17,25111,443,BENIGN
2656071,79,51,50766.02078761499,765.6790431647272,0,53398,8080,Bot
5609225,597,57,64366.336726437345,98.17852252270478,6,33582,80,DDoS
2874399,547,95,46246.68731004188,97.10632340802748,6,49542,3389,DDoS
7339938,43,92,95183.74354168086,639.2085069897915,17,39934,8080,Bot
7330392,51,2,33321.27230916051,471.56909296636576,6,42999,21,BENIGN
1804773,91,7,52737.76630980636,683.9845944846759,6,33532,8080,BENIGN
2938299,82,58,7544.993547966361,721.5701560835655,17,45470,80,BENIGN
7594478,63,1,85222.4580078157,1253.863807131353,0,25606,21,BENIGN
8998704,49,94,41336.33959439446,1005.3593482797598,0,30668,6667,Bot
4909876,27,61,70053.21155919973,661.0717645684009,6,25091,6667,Bot
9167221,9,48,68224.56310494183,1359.7580676120897,0,41722,22,BENIGN
3303489,39,19,67626.28928342467,1138.496349224896,17,4789,8080,Bot
8025507,65,28,50693.8278757441,132.06100772026886,6,14331,21,BENIGN
4354485,71,16,27751.87905478407,247.54382731351765,0,61905,443,BENIGN
8777298,483,73,62509.455856138644,82.0481123217683,6,29799,22,DDoS
3151982,354,21,96179.15038112181,59.94246874299449,0,21458,8080,DDoS
3210116,7,5,83394.9255946314,664.7569987886966,6,52687,3389,BENIGN
6737420,522,61,10876.823155377657,90.51693666958106,0,53811,443,DDoS
2389483,80,97,2318.740158655008,1280.090054071233,0,39505,21,BENIGN
6996846,67,30,49897.13568704347,46.57530295901009,17,20303,80,BENIGN
164153,10,61,77582.93517147361,653.8668405027828,17,47663,8080,BENIGN
5973644,71,11,31390.255316720726,628.2775930496017,17,64862,443,BENIGN
5282479,452,11,70123.82779042276,53.55063827033318,6,29400,3389,DDoS
9825244,53,62,93192.12642388091,376.73463808380546,6,37697,22,BENIGN
2542737,95,15,45898.45069346688,201.16060162009404,6,11629,3389,BENIGN
8034051,87,24,24415.965623062184,230.5451140322845,0,35708,80,BENIGN
8107417,57,21,91775.78620802471,789.8112314131868,0,38069,443,BENIGN
4158649,91,90,47226.39640037149,598.5376291880902,0,44274,6667,Bot
9734916,86,87,40783.930667511006,1136.1302019787045,6,13531,8080,Bot
4530989,27,75,35336.1571540924,498.3099107872434,17,30927,443,BENIGN
8411139,54,17,42301.69524388131,209.38339296348514,6,17022,8080,Bot
9631839,4,44,67365.78541823583,592.5761687871303,6,32949,3389,BENIGN
9035716,88,79,43371.9627220154,1326.8927136373816,17,11107,8080,BENIGN
8962149,23,67,32422.388855922014,620.1792990631728,17,7596,22,BENIGN
8285060,48,11,74363.76655597196,1253.769029263219,6,7975,6667,Bot
2050049,83,48,20297.142702439618,569.8645270633,0,21538,3389,BENIGN
8388612,42,32,20193.37246408881,436.450723396353,0,4887,6667,Bot
1268400,3,85,69643.55365489567,1166.7968402599115,17,50850,3389,BENIGN
1947863,91,62,86670.65301894731,329.66710095363743,6,61277,3389,BENIGN
7654602,3,17,24121.083949712942,363.109445131321,0,63908,6667,Bot
3882249,28,53,19112.497497642955,93.72300035243023,0,63690,8080,BENIGN
4873162,63,96,67030.58812907523,298.0116526973518,17,19308,443,BENIGN
7045309,81,26,62080.25217731528,580.646782542502,6,24737,8080,BENIGN
8439569,31,82,44725.23465196122,611.3675940980576,17,58085,6667,Bot
7678173,10,77,9586.063984832794,642.5295686587284,6,62310,443,BENIGN
4845810,49,24,9178.543098187341,729.9455604283542,6,5527,3389,BENIGN
4000837,86,33,77734.17890443545,866.4277113235433,6,63836,3389,BENIGN
9109709,291,87,45176.911739568546,71.21144357922648,6,5123,8080,DDoS
7258846,21,59,85796.7091241559,928.6373909525773,6,21864,80,BENIGN
1443817,298,53,57473.36515388623,34.35414749086177,6,56241,3389,DDoS
4409452,356,86,61873.81412176327,72.90301174095234,0,20445,8080,DDoS
5111242,76,4,93419.44419085537,844.6625862757498,0,34381,22,Infiltration
46,1,0,16461.5894039438,840.3175677203969,0,49815,22,PortScan
8422028,54,53,54302.42292969959,1034.5207431174522,0,22885,8080,Infiltration
8715733,113,87,5813.859996603476,42.088473282268055,6,23155,80,DDoS
6906671,20,35,35892.50478821191,655.2647520309837,0,2913,3389,BENIGN
8753067,49,68,14809.849980120514,882.6888452806653,6,32803,21,BENIGN
1308607,7,38,18783.596228457056,643.9023183632739,17,19790,21,BENIGN
4066721,29,69,93479.4720060528,677.5010621619549,17,45346,80,BENIGN
9331895,48,99,61068.25282048808,423.28086772778386,0,19740,22,BENIGN
31,1,0,89215.81331898143,445.3298388597322,6,34851,8080,PortScan
100834,13,73,44352.01843907496,1054.4569623670834,0,37187,443,Infiltration
8546410,3,64,59764.334666338335,26.336090199672494,6,25038,8080,BENIGN
2851374,2,84,3209.4512192926363,161.02982486834097,0,17802,8080,BENIGN
1225911,16,39,46950.22322743341,1424.2386364666686,17,50742,21,BENIGN
9535795,94,36,56405.66733437882,296.7867611572501,17,51248,8080,BENIGN
3081191,6,66,1677.7714265544973,638.8189199748135,0,3534,21,BENIGN
51,1,0,78948.91768236403,1277.534001462043,0,41272,443,PortScan
1868770,504,90,29542.298427660553,81.74023853239157,6,39892,8080,DDoS
7265506,5,80,45248.707496077026,1389.2652004168576,17,36194,80,BENIGN
4813773,56,86,53563.02853048245,99.16316336662561,0,7510,8080,BENIGN
4755569,784,76,99219.71531284334,53.12321290511254,6,19510,3389,DDoS
9321525,98,46,9918.414687418286,63.07324413196589,17,12599,8080,Bot
7552089,32,26,55527.9562224498,788.8896684272057,6,63305,6667,Bot
4335802,49,50,53059.41458002693,1415.7795789265433,17,62723,21,Infiltration
7974511,13,19,6890.969560318216,1261.774185159174,17,30572,8080,BENIGN
2962832,30,12,63393.83601951246,966.8278484717247,6,57240,21,BENIGN
1992925,25,62,28685.44338938106,294.5231836089236,6,31361,80,Infiltration
3833078,85,43,10376.79661646207,1307.0037058199366,17,57317,6667,Bot
6153041,60,23,17864.19309184527,1137.0675788823442,17,26514,6667,Bot
4115911,59,2,82360.32332153927,414.9346900502751,6,59479,3389,BENIGN
8983312,85,9,10412.476243739387,1211.531961825868,0,46983,80,BENIGN
3174208,28,64,46692.738824032465,1318.1839802871364,6,39231,21,BENIGN
2731738,58,48,19527.312117922123,1053.3744983959136,0,53637,8080,BENIGN
264600,20,57,16231.986208501203,168.56854343638176,6,54099,21,BENIGN
83,1,0,20571.175941707254,1476.6853281281042,0,19725,443,PortScan
9027990,5,77,49278.29345196203,132.48146366965972,0,7015,80,BENIGN
6512527,82,96,23778.84211115713,988.6215024623459,17,34757,21,BENIGN
2903733,60,1,9673.295035256035,183.57737770457845,6,45515,3389,BENIGN
5711913,43,65,80140.08692471686,1360.0117707588163,6,33128,8080,Bot
1940469,57,30,53982.14031716857,537.9669714651207,6,59517,3389,Infiltration
3948342,980,67,15685.365236857218,51.87278276373338,0,24390,443,DDoS
8127225,75,97,47142.98486321701,284.5671448587357,0,19640,8080,Bot
1217160,54,82,6836.2499872909875,828.9120408790438,17,42348,443,BENIGN
1031619,81,36,58042.986361875846,1409.483059753704,0,37405,8080,BENIGN
9178060,811,72,34030.481959798155,79.72621179580649,6,14031,22,DDoS
4678814,86,23,10352.852963016412,114.56596189930912,0,2055,6667,Bot
8109798,37,76,18364.384986839745,579.8225895820193,0,59021,3389,BENIGN
1390381,84,43,34570.27048507265,415.7984173024061,17,47919,3389,BENIGN
3941206,48,93,80640.74542922428,732.4149861273715,0,21203,21,BENIGN
2322566,54,82,17375.569622982333,1253.9191602559033,6,4891,443,BENIGN
19,1,0,10966.422149279832,1113.5006427611575,6,16261,8080,PortScan
8100032,6,73,51593.90064656842,529.0877244024941,6,8605,21,BENIGN
1851417,34,50,55869.69639802648,586.3454277520515,6,21494,8080,Bot
1946930,63,41,9024.131766741717,988.2973881721955,17,4227,3389,BENIGN
2614250,78,77,28448.447920730203,307.4532498723188,17,63843,8080,Infiltration
7239087,48,39,26276.403791425408,172.03746981384717,6,49145,443,BENIGN
9957268,23,47,18622.160946111533,379.030927032165,6,54594,8080,Bot
4660161,84,83,31563.812720065376,203.5679984015961,0,38793,22,BENIGN
2605314,948,3,3710.851153829664,54.0254911335904,0,52325,21,DDoS
7923741,47,59,65154.97829534784,1407.5973604079509,0,5914,8080,BENIGN
2229280,44,38,98848.71450338411,198.0432245172483,0,27089,8080,BENIGN
9384551,32,4,63404.67674692488,1231.1167725414189,0,14764,3389,BENIGN
4188991,673,95,36107.64505437862,77.12170857997178,6,56394,80,DDoS
9014753,53,5,66791.03011456768,956.6965532211798,0,14435,21,BENIGN
4031519,14,13,57151.59210235763,271.7219046667613,0,5863,3389,BENIGN
4495611,52,69,84675.79305873446,244.03250097840382,0,62242,6667,Bot
1425045,656,77,62187.45609820005,88.40524484372656,17,7403,80,DDoS
9780246,8,11,63407.63546212487,1007.2530570597869,17,55564,3389,BENIGN
2364099,40,61,22166.418827299338,1126.726634777759,17,22391,22,BENIGN
9109196,86,26,41562.72385375932,1381.962517859288,6,53814,8080,Bot
4790791,22,53,34441.606025567715,609.3246819473605,17,59645,8080,Bot
8807773,16,89,1142.518740375098,703.7146884682073,0,22230,8080,Bot
4225989,91,11,31328.072938906138,715.0006236738024,0,63274,21,BENIGN
62,1,0,48606.212432295026,419.4488961241193,0,54600,21,PortScan
3092295,60,73,59984.86332100811,505.78432887311504,6,16195,22,BENIGN
289202,10,15,93456.89467104553,1273.2939493935992,17,61738,22,BENIGN
9725445,25,51,23911.37593598164,528.708833187164,17,6951,80,BENIGN
44,1,0,15242.899110855835,1306.262230846758,0,36209,22,PortScan
4443878,537,7,86944.5688998958,30.950290774330675,0,53918,8080,DDoS
8043856,482,44,94184.74940884476,58.32183967978645,17,1282,21,DDoS
4162165,81,92,48795.42485810844,849.2156902327887,17,15587,443,BENIGN
260216,33,83,11521.656125005198,172.62773377197425,0,54648,8080,Bot
6086468,31,80,48538.82992769712,1384.6521554059893,17,50320,8080,BENIGN
4214379,90,18,10944.332710326877,1234.1917611850085,17,56399,22,Infiltration
1258049,21,16,88318.55787006627,1012.3456647112145,6,20518,443,BENIGN
7537265,36,64,70815.01046162499,1482.4250202732278,0,52929,22,BENIGN
3850341,65,28,24113.701771000397,43.679054793415034,17,50884,3389,BENIGN
5538266,4,13,88669.06933167868,628.3692683198378,6,64608,8080,BENIGN
388176,68,16,63790.17290493193,1290.3477263308778,6,9461,8080,Bot
4884897,90,12,95326.33367208685,660.8655740655073,6,54604,3389,BENIGN
5540170,4,92,98047.9849010547,27.75717847772054,6,59979,8080,Bot
6491978,9,97,328.1789235718091,253.4760910820119,6,8594,3389,BENIGN
1960926,30,90,12021.420902754577,662.4271703323936,6,52988,8080,Bot
2844764,468,62,54692.233080683574,95.59292238696716,6,46357,8080,DDoS
2613375,4,32,95585.28744672915,260.7283172095374,0,56295,8080,BENIGN
1378469,69,28,99423.36355096956,683.1037292415873,0,8199,443,BENIGN
2090312,23,36,56740.793530352,38.927035848605456,0,43371,8080,Bot
5230952,16,82,17380.14889452303,726.70077290676,6,12739,3389,BENIGN
4171874,22,45,16305.002000870616,1345.9682248339802,17,43718,8080,BENIGN
153099,72,23,76385.77581141384,903.2166866549132,6,1275,22,BENIGN
4543023,48,13,59193.767870629774,672.1703342162103,0,31727,443,BENIGN
8450075,62,4,54877.3898932763,260.14381682760006,0,20351,3389,BENIGN
9142023,97,52,46576.49233005163,319.57947400443726,6,35797,3389,BENIGN
4600208,60,87,72513.46265816817,133.23472610371707,0,39953,80,Infiltration
2854290,946,97,85805.41790063455,84.97451611489532,17,48517,8080,DDoS
1284482,997,94,30295.808119563626,97.88898127906437,17,20721,22,DDoS
7196142,80,29,22091.776717589062,588.2442665266185,17,2300,443,BENIGN
3853421,7,59,67019.91663149424,1129.7701463988772,6,43011,3389,BENIGN
2654937,51,72,91473.24240549533,1074.9775951319727,0,59764,80,BENIGN
7684465,65,90,34815.74401440862,874.747606546207,0,35240,80,Infiltration
1042477,9,27,27244.821917741534,865.5354465065807,17,40684,8080,Bot
4577133,82,25,22611.46302356195,153.685558832021,0,51378,3389,BENIGN
6106031,45,17,25449.090769663086,278.8746021966451,6,25611,21,BENIGN
3257281,47,35,13493.334296031446,811.4217965186721,17,7023,3389,BENIGN
5262796,67,7,59677.822760835355,535.1588858182581,6,59684,443,BENIGN
5154148,24,17,28082.60686612557,48.026909618141744,6,9985,8080,BENIGN
923880,92,83,61494.43616579046,1201.286764661162,0,11522,3389,BENIGN
8361835,10,57,8303.23495125681,987.6436353190951,6,30124,22,BENIGN
1942911,73,31,11545.679211787907,502.1624906702631,17,7764,8080,BENIGN
6507740,77,92,53614.19277969446,165.3436919927135,6,40230,8080,Bot
298190,48,48,51153.0944476014,894.9771257502116,0,43340,22,BENIGN
8706056,35,47,27150.992673788864,535.8533614786347,6,53359,21,BENIGN
5425938,54,81,82713.08516205424,397.976218772051,6,35765,21,BENIGN
9714991,87,70,18704.716486754947,1087.774494463915,0,11469,8080,BENIGN
8481032,81,64,36066.11241831861,505.66209035316496,0,52445,8080,Bot
2320788,71,91,55551.170607240216,221.35176756343094,0,47633,22,BENIGN
1805908,16,32,86721.11025153646,732.8475467877984,0,26636,21,BENIGN
9709275,53,49,41855.09751667766,1246.1293666092702,0,39181,443,BENIGN
4220559,40,3,39860.095544090436,1277.4950006154486,0,33320,21,BENIGN
4536219,20,83,57953.74280317946,1277.0278839045159,0,39975,22,Infiltration
4015570,88,35,31669.541546289627,642.9613623141929,6,19960,80,BENIGN
4654898,69,94,70917.32531595895,1190.5826326343633,6,61016,21,BENIGN
3622238,45,27,24869.594066700472,1278.341536588881,6,65124,443,BENIGN
937941,6,2,82319.59969402122,700.1165510851168,17,10970,8080,BENIGN
9955761,92,5,27235.341313346118,491.7342956021616,0,28886,8080,BENIGN
8061996,69,44,99270.11622905121,1058.9075292796788,6,46022,22,BENIGN
2844040,343,22,31646.247432764263,88.82467654016602,0,22831,3389,DDoS
3932541,39,6,87882.61386551977,1458.7856779842782,17,5641,80,BENIGN
1207168,2,60,39735.595410605725,449.5327124021901,0,29400,8080,Bot
4364506,39,99,24605.48420309303,1435.1331630749416,6,59512,3389,BENIGN
8782982,21,64,22616.325046035523,758.9377251270902,17,57653,21,BENIGN
1387080,255,5,85019.12818498783,44.81758543352665,0,2722,80,DDoS
1208152,82,23,30875.298631287675,1482.829203130823,17,14999,6667,Bot
7501060,54,36,33856.3008959747,1319.155803183289,0,3376,22,BENIGN
3040367,12,44,19699.305583894056,1044.77655212743,17,16809,443,BENIGN
9685784,81,50,96132.47181162168,1344.5145005800266,6,55754,443,BENIGN
1180987,37,99,24474.39405988301,1028.6020516032768,0,56915,443,BENIGN
77,1,0,24744.361898161205,671.7976216943005,0,15561,22,PortScan
7536865,15,44,94389.78902546958,1423.1133444399275,0,7729,21,BENIGN
1896320,7,62,90089.88549951829,1445.6065630198177,6,23963,8080,Infiltration
3138844,78,28,24891.088317991016,484.9791439888128,17,9435,22,BENIGN
8535178,50,95,86472.55695179894,544.5050951537293,6,17334,80,BENIGN
6935874,65,24,24982.32130861169,586.4262523327988,17,49306,8080,BENIGN
1367323,875,9,8446.416485287444,34.332208804682324,0,51808,22,DDoS
9443854,44,34,82036.1348395825,1190.8955632477916,17,40259,3389,BENIGN
2428181,31,54,77155.81578152862,1475.0103550390695,17,9826,6667,Bot
4273545,43,24,29466.712169147148,708.5162420078929,0,15699,443,BENIGN
3184890,77,90,9013.898512260932,1110.4152992200407,0,41349,21,BENIGN
6682035,48,44,20643.888447714777,1287.9462953713028,17,32953,3389,BENIGN
9963541,82,95,77105.65709064653,347.4210484382855,0,21637,8080,Bot
6689242,81,11,96474.78149424266,938.422032717216,0,46907,8080,BENIGN
9559147,81,3,25900.207179449153,830.6073610678543,17,55120,22,BENIGN
4991061,61,89,81825.88010354491,1119.383967400592,6,46226,443,BENIGN
3646904,75,66,22793.26573371544,1049.2334142741504,6,36976,3389,BENIGN
647396,84,16,67960.03918250836,1222.9330640604232,0,39868,80,BENIGN
1549402,10,72,8361.346903152633,480.49488172016663,17,49680,22,Infiltration
38,1,0,58529.564038226,340.20745967691926,0,26032,443,PortScan
800201,48,64,26918.989119471815,1211.6941217429892,6,7554,80,BENIGN
4100712,518,81,92584.5948733657,36.84334435558948,6,37229,80,DDoS
5877945,891,52,28975.08887789536,37.35141906583642,17,53281,8080,DDoS
6014226,62,83,39844.06948623066,518.4914177797668,17,42045,21,BENIGN
5238661,13,56,84067.91111545809,118.20390675552065,6,32187,21,BENIGN
6339876,106,97,43827.45825467943,26.05891158835891,17,31939,8080,DDoS
9353626,47,27,23841.22517949184,1078.4362946393182,6,21590,22,BENIGN
8885466,64,98,54754.43208942972,837.9848316665352,0,1914,3389,BENIGN
8121857,91,15,83999.1195649982,1079.8057702626697,6,29306,6667,Bot
4643029,53,20,43317.76120046524,572.2370867874769,6,47357,3389,BENIGN
8417333,90,76,13288.848920486762,457.1462326433617,17,39038,3389,BENIGN
2833652,639,98,38308.69131145168,92.54360743814148,17,4945,21,DDoS
7376619,77,41,95447.51330941914,645.2327640280251,17,63649,3389,BENIGN
5702034,189,53,7202.16203657722,60.203887143052796,0,28572,8080,DDoS
1276747,44,31,40844.51724480198,1128.5849951062653,17,43323,21,BENIGN
5416875,28,37,64802.87939401654,517.090344343565,0,31915,21,BENIGN
8704913,2,69,7851.772621182285,333.5399253315962,17,13710,21,BENIGN
3045415,820,37,34495.25470030681,28.101695821058208,17,53036,22,DDoS
3144580,290,53,94057.83539402632,81.01132854427085,6,36170,8080,DDoS
3570934,841,59,3063.5692206143262,46.0512585681056,6,56571,21,DDoS
4828861,87,76,75174.1879505943,259.4016520813507,6,63496,21,BENIGN
3940385,58,76,84137.49661359962,1141.5605161350798,0,30458,8080,BENIGN
6851903,52,46,27706.072541775018,1333.723669508519,17,6382,80,BENIGN
5742633,29,11,21471.436951981228,801.3926290463146,6,35874,3389,BENIGN
7324322,35,52,91482.08935862071,61.97199900112239,17,26377,22,BENIGN
2627244,75,32,76400.16954807244,560.4115828738435,6,57959,22,BENIGN
2825996,48,27,11338.07096070023,379.79042073500534,17,55205,3389,BENIGN
4936892,33,2,21219.72555164029,961.8682553868274,6,51582,443,BENIGN
4876972,75,81,62135.515499255445,787.9095465925202,6,16028,443,BENIGN
2740056,73,25,41941.69288968924,546.4905287243521,6,12973,3389,BENIGN
2620080,78,53,50417.43704378998,979.7876043458754,6,52933,80,BENIGN
721484,9,39,95154.24351022675,884.955337505634,6,43730,443,BENIGN
8908485,48,65,42023.54631919739,1361.6053842011877,17,32473,21,BENIGN
7716320,67,67,88168.1995814269,903.268369374523,6,41160,21,BENIGN
2887798,93,91,66074.47186605733,771.413589373215,17,24808,3389,BENIGN
2432693,83,91,12161.945871355618,1239.031724548012,6,48755,443,BENIGN
4031564,36,88,74450.70366477197,319.581110505752,17,4591,3389,BENIGN
49,1,0,52020.907395631475,380.4756344018123,6,23340,22,PortScan
8545206,71,46,22509.725039198856,1179.688239959826,6,52300,80,BENIGN
7357904,92,1,28954.932308229807,674.6783360078609,6,39129,8080,Bot
6133166,44,41,55733.24247507513,625.6690758968984,0,23531,80,BENIGN
2887396,82,33,60170.249014579305,1332.8753726271514,17,52597,443,BENIGN
6529945,60,93,96817.640402948,922.9613707537409,17,50228,8080,BENIGN
2736682,63,20,85472.01364105933,1208.305527791731,6,23123,3389,BENIGN
7956156,5,43,20583.92869952762,1218.561528502336,6,21761,3389,BENIGN
1100600,617,86,77399.20705671454,25.683000626024413,6,60547,80,DDoS
1576690,989,96,829.1808151645541,35.18052461240263,0,2758,80,DDoS
5594276,90,1,12980.8461165144,1429.7241812850002,6,47890,443,BENIGN
1962077,76,90,19970.041606628318,730.4400926495542,6,41826,443,BENIGN
7050026,40,58,59719.935265913795,1103.629989773056,17,4490,21,BENIGN
4032754,19,85,19468.50063001867,858.764691917879,0,46674,8080,BENIGN
664568,475,97,36527.29420353071,72.60398601307978,17,34719,8080,DDoS
6500342,65,15,24277.978214207953,308.8865956639851,0,38136,80,Infiltration
7900063,67,19,33741.66243799633,662.0730844752393,0,48525,8080,BENIGN
6978240,366,25,94245.14447340659,83.52050364781928,17,29616,443,DDoS
9268820,18,15,99737.635259543,764.6360151167775,17,23620,6667,Bot
3037199,50,69,68572.21062641092,1433.4011211037778,0,24472,8080,Bot
4828526,30,22,57230.78714556809,168.3767253234652,0,13965,443,BENIGN
8100806,66,41,70844.78458162832,583.1795667607863,6,43430,80,BENIGN
2042923,5,36,77165.22004189083,781.5302039791098,6,3723,22,BENIGN
1048273,93,71,73901.27436095144,1445.406854313335,17,17275,8080,Bot
8379441,97,5,8189.252820000481,766.3859291704167,0,47024,8080,Infiltration
9890733,42,36,31029.3419286774,1167.4080657789232,17,34131,6667,Bot
6579237,84,21,34343.13817897497,1128.9315999024843,6,52597,443,BENIGN
1912684,94,5,36925.447415014125,858.3371931541386,6,38772,3389,Infiltration
3777638,5,31,34431.3778651542,213.44059093925534,6,16657,22,BENIGN
225149,50,16,78709.22974503276,343.7628907382252,0,7424,80,BENIGN
9705899,85,37,74760.46678843783,375.4075827598218,17,29546,6667,Bot
747519,58,16,460.0302892651786,77.2162785295981,0,19971,80,BENIGN
65,1,0,29638.152349471904,581.2426545895303,0,37131,22,PortScan
5438784,84,22,62366.36477853256,923.5603091168275,6,48025,443,BENIGN
6030589,8,48,12026.562198879954,233.51412213368909,6,21407,3389,BENIGN
5537903,31,60,7119.829448553239,279.05329450202083,17,10596,443,BENIGN
2381032,12,48,82839.81194984817,1066.3397660359094,0,5966,8080,Bot
1654853,21,60,45268.42721720691,270.49501544259425,17,3379,21,BENIGN
8793480,94,76,85568.73679208534,220.29665487605567,17,13154,443,BENIGN
571207,62,31,82355.27271765655,1467.2059919555134,17,58969,6667,Bot
2086313,91,85,89337.05221405857,41.808215500421326,17,64014,3389,BENIGN
3358609,90,62,4827.4563560647075,501.6040906444569,6,43655,22,BENIGN
2779599,33,6,18613.006610838456,71.70625885815032,17,20187,8080,Bot
7313934,26,21,29614.31644014205,1260.3113265199868,6,23325,21,BENIGN
11,1,0,13623.038783786013,883.632857116005,17,45749,443,PortScan
1999354,40,5,48546.98207857142,90.96874228285752,6,52714,8080,BENIGN
5044942,65,60,79897.68900390586,930.7359879602565,17,9854,80,BENIGN
9376179,59,13,95118.18108497045,202.1826610972644,0,20093,3389,BENIGN
4156632,15,15,88957.4134476466,753.6842594286427,0,5099,443,BENIGN
6593010,137,2,45733.66800158083,40.294136843704926,6,22210,3389,DDoS
5561212,11,8,63649.110137095224,239.79040859436589,6,15557,21,BENIGN
5382958,55,46,23069.612344865287,755.6346034640344,17,18782,8080,BENIGN
5017750,2,84,40300.89999319198,696.9681750340266,0,63705,22,BENIGN
7188338,65,93,87118.2595420003,1375.3107058464527,17,24583,80,BENIGN
7909799,95,93,2919.752201948078,1493.6380639714519,6,39142,21,BENIGN
3617656,44,41,53275.92726434743,988.622181014969,17,19134,8080,Bot
258617,16,41,87279.82978990213,1285.1915503182317,0,16476,443,BENIGN
9745841,22,95,12200.987385076045,977.3852970066616,0,42640,21,BENIGN
6428640,18,22,98254.62019511219,1316.9036580378604,0,15375,8080,Bot
705575,47,2,1239.1463981169193,661.2426368094807,0,64501,6667,Bot
9136721,81,0,88612.00114631643,919.8249895937811,0,25200,21,BENIGN
9640786,30,66,35367.257439496694,1270.8508942671015,6,9004,443,BENIGN
4338943,549,70,13269.058167776271,66.16466166600009,17,39107,21,DDoS
424326,99,2,15735.81752545351,56.53044530943127,17,40841,6667,Bot
4118023,58,99,70117.87183542708,173.84998458556595,17,40399,22,BENIGN
5613301,62,48,87071.9676655944,1398.1346507804278,6,20370,3389,BENIGN
6303845,85,66,64106.63538067879,861.3929792071064,6,58278,3389,Infiltration
699056,80,54,92872.4971360753,1485.4842990221173,6,5937,22,BENIGN
3403196,6,3,84247.87950568991,1193.0969032209928,6,63692,8080,Bot
6278702,67,30,903.1806940650422,1230.8474719398537,17,53051,80,BENIGN
9143658,546,65,66942.96644301347,20.069804625007226,0,50755,21,DDoS
6143426,43,77,30463.468871429257,401.1612539957986,0,49278,8080,Bot
175311,85,63,45450.00117204101,905.4235774931827,6,42143,3389,BENIGN
7519917,77,30,9403.074813422674,1320.9675059797987,17,4596,443,BENIGN
7412720,18,62,28209.91618716504,1094.0337928883048,17,27089,21,BENIGN
4258050,131,65,63268.596743250746,42.27099764855147,6,20303,3389,DDoS
8654506,60,30,21838.2130256324,1134.7367045407368,17,29528,6667,Bot
9919522,88,46,64753.666827119305,1041.7884823472402,0,11761,8080,BENIGN
6048155,27,21,92303.21707966723,1371.3161088592951,6,34255,80,BENIGN
1883476,68,73,494.0305004957235,410.06469023462506,17,27989,21,BENIGN
3891213,22,93,78577.07197298584,196.58095970037436,17,58875,21,BENIGN
7021088,24,96,64131.88801631883,715.6757211989504,17,23191,443,BENIGN
8544391,40,82,4663.276273379224,554.3996000759837,6,59675,80,BENIGN
4730841,74,45,79016.71372452204,1462.794497659128,0,7318,443,BENIGN
5605226,66,88,22452.103513713108,31.106197746055333,17,51197,443,Infiltration
1906139,40,57,26582.054072262483,1401.4069317300982,6,44606,80,BENIGN
1455565,6,60,9351.568246937337,1433.5172492999468,6,36725,8080,BENIGN
9382878,893,45,53437.98153432594,34.53070574732229,17,36734,22,DDoS
211930,81,0,49822.37402682267,1336.5633796955872,6,14007,3389,BENIGN
5439481,87,95,34717.4506336289,716.7526826545354,0,7380,22,BENIGN
5987129,30,24,16875.380776677306,1153.9030899517222,0,50169,8080,BENIGN
6516716,21,60,83795.35544990658,137.2981860797222,6,24136,80,BENIGN
3329149,62,80,87637.84300676717,1433.704279294759,17,53569,21,BENIGN
4756076,10,13,54057.96107136721,919.1717430800152,0,15269,80,BENIGN
8910706,13,44,24422.533359937814,1350.0675689129248,17,28443,3389,BENIGN
6897773,76,76,9611.006569868397,1015.9853794307218,6,50841,443,BENIGN
3746269,322,38,86854.41674915627,26.12369797194999,0,40123,3389,DDoS
6002396,68,65,9605.27195895543,275.29361280312037,17,37435,80,BENIGN
75488,39,31,1318.0037749451312,283.3721127090247,6,34559,22,BENIGN
6810283,24,95,46939.75773386387,719.4040320904833,17,47066,21,BENIGN
1775867,34,57,73127.10219793342,1308.2544791492383,0,60598,8080,Bot
7983923,899,55,45753.70044770406,58.71162387283066,6,9599,8080,DDoS
8373396,41,5,5141.06069865361,1497.6100214461007,6,46104,80,BENIGN
7467966,262,88,69002.91134218228,70.4812411865762,17,63380,21,DDoS
5494439,79,66,64233.26205578509,600.9869805836872,17,49688,8080,Bot
5877909,50,81,68152.9731124555,394.6151295214924,6,2361,21,BENIGN
6396667,4,49,21120.249134904945,1384.5542208451682,0,60453,22,BENIGN
9886326,51,37,79569.84091451991,202.35319647022084,0,21805,443,BENIGN
27,1,0,47916.82117481334,533.9891044203636,17,29642,21,PortScan
58,1,0,53635.28105904403,144.1902757711106,17,37851,21,PortScan
7667957,8,23,54583.00096542491,1431.1241740021912,17,43376,8080,Bot
4428790,45,53,28680.6437071201,934.0819640395733,0,3171,8080,BENIGN
5439533,88,33,25013.41043370423,517.5458741166893,0,2435,80,BENIGN
8889882,28,38,476.61304815364014,427.7150847481834,17,44690,22,Infiltration
2881877,741,87,39661.03420554003,23.71010829254029,17,23997,21,DDoS
2749096,65,99,48510.298393906545,155.2401459707609,6,43799,443,BENIGN
195346,998,91,74280.37456552986,31.03129433562963,6,32213,21,DDoS
3696276,81,47,6662.696094429998,776.191757887076,6,37942,443,BENIGN
8899791,62,48,92398.94123987113,1093.1452245312903,6,41455,443,BENIGN
1012484,772,33,26395.84682470415,94.58329430091483,17,31640,3389,DDoS
8143578,38,79,36672.06901282478,765.5489060974982,0,44615,3389,BENIGN
867064,26,99,4836.24655952618,332.4074817638946,0,7922,443,BENIGN
8437812,24,6,65313.64108181233,1227.8200296384837,6,52350,8080,BENIGN
863763,39,17,70892.27973898669,1167.407014564738,0,37843,80,BENIGN
5783282,21,69,92879.12172897655,239.3394398106712,6,4416,3389,BENIGN
6980671,94,91,33682.900331522884,130.27021308937805,17,49917,22,BENIGN
5334638,47,33,25736.872987823346,1239.811170100985,6,32835,3389,BENIGN
6349549,48,50,72608.65035708707,182.27889901411038,0,4491,8080,BENIGN
1206961,13,92,70680.08884429278,831.7562914142965,0,29848,8080,BENIGN
64,1,0,93712.40578533869,811.0412009384822,0,43156,443,PortScan
2891105,32,13,20531.862423328395,320.35722083559097,17,41362,8080,BENIGN
4936700,35,68,70529.26226945352,895.2075695094785,6,9441,22,BENIGN
4736419,19,88,6686.857718935424,764.0777070476128,17,46917,22,Infiltration
257781,14,7,48036.81067572186,773.6000491122455,17,11955,21,BENIGN
8482726,106,14,11939.077726570835,37.849027453448485,6,35125,8080,DDoS
5629581,86,82,65314.59880944719,1260.8742642492475,0,50594,3389,BENIGN
2054880,312,58,60146.676169168575,80.7990197243206,0,46594,21,DDoS
7991308,68,10,4883.293362972862,669.1621108160306,0,21792,3389,BENIGN
4423508,45,19,31961.782258475614,404.52821008348906,0,60616,22,Infiltration
842286,19,54,39503.36322767527,1275.6812129040284,17,23046,8080,BENIGN
5352827,64,35,24806.026951296444,353.11911639777924,6,38760,6667,Bot
9882001,66,81,3867.0044018810136,1155.196738877384,6,11930,8080,Bot
7116455,79,13,31882.18961060588,925.0426771404599,6,52992,8080,Bot
7226685,66,57,79262.49014508285,1314.6895779624435,17,50343,3389,BENIGN
5539017,75,37,36010.90885916426,898.815035523194,0,55185,21,BENIGN
1125005,45,88,32336.97552343533,843.5968622772007,0,27298,21,BENIGN
3106058,87,79,94175.31379115845,1205.6723105806393,6,49488,443,BENIGN
5559377,74,81,4163.07187145013,852.4799704173807,0,43302,8080,Bot
3258184,67,0,76728.8195641983,1269.9222472904564,17,64891,443,BENIGN
8593159,69,64,48309.359831434995,92.99068411749404,0,4106,8080,Bot
1980390,3,0,94446.25075105407,752.8217834175757,0,36196,443,BENIGN
403422,38,84,39347.07441633918,1222.7834397990594,0,16172,80,BENIGN
4310896,77,59,70804.23370055218,1275.5804174349912,6,27594,8080,BENIGN
5181157,42,24,6993.536439051484,1254.4019585658634,17,52354,80,BENIGN
7017503,83,90,92877.24255838811,914.4843530251143,6,48332,22,BENIGN
4077816,40,9,34454.266679859255,1491.0775863673505,17,33203,3389,BENIGN
6941547,50,49,52400.45757842865,288.4517355524082,6,23867,21,BENIGN
5037385,35,11,13848.160876296712,278.19721749355136,17,38491,80,Infiltration
1908902,24,91,94555.78712202408,68.57755829627223,17,4409,22,BENIGN
7335001,700,31,67297.04039298935,79.81879959939559,6,40421,22,DDoS
1548175,17,32,5394.747683611223,535.0703511823929,6,64437,8080,Bot
494048,40,71,15520.677917928339,1147.8401857173797,0,50286,443,BENIGN
65,1,0,39983.39976426497,108.37126290770958,17,39201,22,PortScan
15,1,0,21677.101238427178,462.05839736833553,17,25846,3389,PortScan
6690021,44,49,30462.556951633058,943.2940652644544,17,13723,80,BENIGN
8383290,23,60,99749.11608761764,796.6745422269122,17,11836,21,BENIGN
7228261,179,40,65864.86971498026,45.72660019009171,17,46529,80,DDoS
780741,66,56,92221.7602314452,703.1575109324232,0,16248,443,BENIGN
4466234,436,1,43579.8374854329,36.32935193973013,0,39533,21,DDoS
1554305,35,98,71028.22844905678,823.2011389292658,0,11201,22,BENIGN
6607063,29,97,45969.02921612887,163.4733357215038,17,51620,80,BENIGN
6651243,7,69,32822.45428550241,961.1844771880787,6,33167,3389,BENIGN
2551431,93,30,51917.314650105625,249.92921555871342,6,10695,80,BENIGN
3127848,452,22,42731.10417874867,39.51604428925812,17,12007,3389,DDoS
9223744,37,75,98054.06486806937,211.09860613836472,0,5244,22,BENIGN
4001170,23,53,49616.64052164009,613.0514418338701,6,56010,22,BENIGN
7365724,97,27,81111.31328987954,540.7106862839594,6,61356,443,BENIGN
2883891,8,78,66681.94682958485,1139.4878357528685,0,33550,443,BENIGN
3496705,458,18,47962.72372174225,65.27191735868556,17,19715,22,DDoS
4948700,48,75,47415.00724663361,1406.891454196426,17,50710,21,BENIGN
82,1,0,34189.01170620377,1384.4277648887592,17,15047,22,PortScan
9694195,79,1,10698.180763205612,1092.9941222708171,17,42063,22,BENIGN
5311599,24,10,76146.93289373167,1160.4668960728918,17,21775,8080,BENIGN
308723,90,43,91809.4793200539,944.870376534085,6,56151,21,Infiltration
3647471,47,58,21795.485466011767,1043.6615815021848,0,37428,21,BENIGN
3297003,53,58,92567.34939291974,933.4891055774742,6,47521,3389,BENIGN
9579110,39,37,23230.421805827817,481.412246326059,6,26001,443,BENIGN
5998323,67,24,53007.91019837752,539.0205821562956,6,20532,443,BENIGN
1147216,66,20,34362.19961271378,870.6060653950408,0,46351,443,BENIGN
3772863,6,41,11450.87859122582,1085.861852544328,6,1919,80,BENIGN
89,1,0,5283.837495554733,621.0561880293487,6,40163,21,PortScan
310475,73,8,36534.65321442274,231.14834522359675,17,7101,8080,Bot
2126553,74,11,4734.386454943995,699.9374091618579,0,37555,443,BENIGN
1271400,36,9,10420.64375378513,1445.5179743918825,17,30066,443,BENIGN
5238731,570,58,14229.75787979842,50.492721633595956,17,21304,443,DDoS
3842511,88,4,191.57061789990547,980.6222487019752,6,52935,443,BENIGN
6310308,86,32,15325.221584365345,1474.1618612822226,17,52415,443,BENIGN
9404124,78,68,57727.86803783746,576.831824801732,6,59347,80,BENIGN
6127864,42,79,81952.31220959364,1334.0677410855717,17,20502,8080,BENIGN
5859146,45,62,19342.995940806984,1298.7329014205116,0,43559,21,BENIGN
6034307,44,28,8087.260384750028,521.7865393573013,0,62349,8080,Bot
7940979,91,17,72951.41984358722,165.80564117134543,17,18767,22,BENIGN
3341961,33,92,816.2711457216031,284.23794875884187,6,16613,3389,Infiltration
7359301,60,5,73416.21020363813,561.3087835901541,6,2577,21,BENIGN
2615904,876,52,13111.72358668813,59.64522865882965,6,19943,443,DDoS
4312817,93,81,22828.50621194035,426.1862146711837,17,25586,22,BENIGN
1982343,422,31,12006.991088802954,84.92899865309529,6,16093,3389,DDoS
1,1,0,24733.815705139452,288.41973471332943,17,59555,22,PortScan
5986517,70,46,79817.59384617949,1455.3223900229784,0,54243,22,BENIGN
7863120,83,30,13254.410512507575,454.53471238903575,6,14758,22,BENIGN
3270309,77,61,99416.5632293534,956.9765498929843,17,18791,443,BENIGN
8604108,26,55,32709.77760977919,123.14301221638884,6,45224,8080,Bot
7324088,275,10,92196.81255083288,60.18371078370693,17,8704,22,DDoS
3324764,21,25,19003.307983554663,331.85140144000815,6,48976,8080,BENIGN
8210980,2,91,18789.751994440172,25.056669652160505,0,36187,443,BENIGN
3594158,47,26,56533.56830430738,252.0192858216398,17,55037,22,BENIGN
4584358,30,82,5060.008490467793,897.7934017590425,17,47302,22,BENIGN
8117754,27,56,80100.28976355928,597.0818563428951,0,37075,8080,BENIGN
4212477,71,26,43961.525066805385,1089.4050524297238,0,65193,3389,BENIGN
9633333,20,58,69919.64733528545,1013.1904084543706,6,47255,80,BENIGN
19,1,0,17463.22034960194,1202.9632733317196,17,52084,80,PortScan
6906217,95,19,64235.735078619036,1303.1970340882913,17,28224,8080,BENIGN
6112774,23,2,59407.06543516936,1233.3417446230194,6,11793,3389,BENIGN
4809209,13,15,75566.12519179437,683.1300427832094,6,36953,80,BENIGN
3735566,81,43,29740.12926509706,476.91704094095144,17,26637,21,Infiltration
1583346,262,92,93316.55749715092,99.61831405907805,0,17426,3389,DDoS
726431,14,78,96130.10693957319,811.9901898243022,6,22609,21,BENIGN
1794391,929,29,86812.36112213547,73.26670430540074,17,56056,3389,DDoS
6353485,937,39,57203.37661605418,36.57981265001653,6,26220,21,DDoS
4952175,3,64,42028.827066135054,176.55388520365474,0,41478,80,Infiltration
3898706,822,28,5799.241856995485,59.96150256986142,17,6975,21,DDoS
2878217,90,29,94722.78014609896,1124.1511685980222,17,64513,21,BENIGN
4481717,82,31,95178.13436983668,290.59169791913524,17,6406,80,BENIGN
7374726,96,9,1868.8454979683854,225.77601540023224,0,61979,8080,Bot
5288013,78,90,35688.75466407201,445.26792315472994,6,45915,3389,Infiltration
3733249,47,50,88003.63682582618,569.1526928066545,0,27113,443,BENIGN
5316841,3,7,8085.20330396183,506.2520529833588,0,19792,21,BENIGN
2804902,1,50,19656.637671020737,574.415969599319,0,36125,3389,BENIGN
4157363,90,35,97867.73168195908,227.07026748846036,17,38141,80,BENIGN
4488298,24,54,84728.88121203486,264.78483380194467,0,52820,443,BENIGN
9515506,35,34,91206.34940837637,369.0357698044102,17,61924,443,BENIGN
2733560,14,35,14215.441865531719,614.9481858309023,17,41160,3389,Infiltration
7084709,859,55,21131.595896684496,85.07341775709315,6,31011,22,DDoS
6216638,13,35,60541.658435174904,1191.175698511382,6,50035,8080,Bot
4115462,47,88,50173.822100269914,797.7665116293524,0,26901,21,BENIGN
1252657,689,83,29850.339054704888,37.46412279116023,17,61774,8080,DDoS
1490787,78,60,88384.62997372464,849.6775429177721,17,16973,3389,BENIGN
9311868,85,61,90138.8615535573,610.1870866721989,6,45265,21,BENIGN
4057125,26,80,29168.401014661114,1471.1152822039217,17,26237,22,Infiltration
5272964,3,86,15575.31405919398,75.24659017533159,0,35055,443,BENIGN
3789063,51,24,14909.242077031347,339.4399116024708,17,64277,3389,BENIGN
56,1,0,48442.519539193905,441.28895400950836,0,1942,22,PortScan
3368145,68,59,13291.849540135292,1324.3211386738346,6,5939,21,Infiltration
5185873,358,56,47334.02220952253,78.35377109148382,6,63657,21,DDoS
4832791,51,94,46193.40728598574,1272.2336533253065,17,18088,21,BENIGN
968716,1,69,88411.0213205657,637.0874519890599,17,61231,8080,BENIGN
4217833,33,98,29621.043980003702,1373.6433568154616,6,14148,21,BENIGN
7914620,7,51,56065.24586409775,165.79198240840287,0,17405,21,BENIGN
9639664,52,55,74349.98642840964,985.6033564178114,0,14258,443,Infiltration
1490136,11,62,59591.47950499064,1407.0911908206565,0,1496,3389,Infiltration
64,1,0,95406.7844980137,1137.25176330671,6,27392,3389,PortScan
7585259,14,19,60227.748049977,431.2434095313097,6,32215,3389,BENIGN
7179256,617,53,90186.21784701118,22.67592273527031,6,9056,8080,DDoS
9454631,519,0,24505.638925374296,95.41070651199674,17,58105,3389,DDoS
8944818,46,89,56075.277277943635,185.1415290309066,6,11959,443,BENIGN
9352871,76,97,54330.592656665445,1081.4878700739632,0,38116,22,BENIGN
7904528,10,9,98945.21101400835,285.2554326966409,0,6982,8080,Bot
4202371,24,22,20450.63133991235,184.37610944722337,6,45463,3389,BENIGN
34,1,0,14099.339836597746,836.6048808797592,6,53646,443,PortScan
2322623,18,23,61167.20776304204,938.5253832176624,0,57546,3389,BENIGN
9601969,86,12,22369.21433320633,95.56330099550959,6,60075,8080,BENIGN
4746871,9,28,63915.53456502899,26.613954238722307,17,29264,443,Infiltration
8640245,17,57,97248.90885195509,1325.4640889818645,6,21552,80,Infiltration
1756224,185,90,94650.59953974576,73.0689399531557,0,5846,443,DDoS
841631,920,94,23110.3024643998,33.00562433612646,0,6832,3389,DDoS
864745,50,42,17089.634821214895,1431.2484461829192,6,53187,3389,Infiltration
64,1,0,56073.92871625457,777.6269715474216,0,61534,80,PortScan
5130176,85,30,58677.72882231501,226.9010535830113,6,44149,6667,Bot
8859790,51,73,66225.00713806503,602.3570647687301,0,30305,6667,Bot
4254949,36,87,74149.09259868084,943.5823788098345,0,51273,8080,BENIGN
7574687,71,96,60095.73106720042,1149.0026628624241,0,13348,8080,BENIGN
6515450,231,13,11175.30037196628,89.94357595027168,6,12617,22,DDoS
8337000,11,98,79015.79705694478,70.78728706251289,6,59817,8080,Bot
1615877,621,33,7951.718452462597,26.545654471120848,6,46266,443,DDoS
3512764,14,16,1999.2686217192079,570.2664994165905,17,8575,443,BENIGN
973281,29,20,76965.81966118765,1064.4562542824485,17,60874,3389,BENIGN
1491733,74,95,54835.74244356758,884.8054029218628,17,12254,3389,BENIGN
9922562,50,66,69859.14185865234,86.14857572363555,0,26377,8080,BENIGN
2061874,5,57,38274.73242075987,1199.3911432537545,0,17130,8080,Bot
2790458,835,78,1109.2493524492486,52.4743170916977,6,16229,443,DDoS
3860662,69,7,33101.534913102536,1332.9820525413636,0,59700,443,BENIGN
6976710,88,95,60813.52329231426,638.126586172316,17,35241,443,BENIGN
10,1,0,22570.307047010974,745.4986356395704,17,45447,22,PortScan
1250732,26,25,68780.43336329314,620.2151390604071,6,22858,443,Infiltration
6210815,6,63,79440.1009891945,1089.2327036733461,0,53075,8080,BENIGN
8526186,16,29,45426.69983655592,1133.1536666751194,0,5527,443,BENIGN
3243187,60,8,87572.12980691675,1090.3987431909056,17,47098,21,BENIGN
909811,594,31,85481.65645691179,78.95594716795468,6,31026,3389,DDoS
3711684,75,10,87805.79527918337,961.3266748238666,17,54342,6667,Bot
6913383,3,85,66103.7032656835,521.0216858928892,0,22971,8080,BENIGN
1619815,63,33,30478.899967357986,1254.6166095592882,17,11412,6667,Bot
2590410,64,17,48125.1282371572,101.57192019108327,17,18868,21,BENIGN
6314868,62,18,71051.06495310913,75.826713984815,0,39173,22,BENIGN
9349320,980,53,21056.365326257277,94.9925301890612,0,62238,8080,DDoS
8324554,148,81,73884.35092545263,47.90482134713815,0,31371,8080,DDoS
8816095,112,36,54808.86170930402,86.44089847707204,17,43364,443,DDoS
6726551,80,81,9601.74402835633,125.99270003279356,17,12172,22,Infiltration
8064320,87,11,55728.63270001672,472.963609247278,17,59696,8080,Bot
1544713,43,3,6677.613821248329,167.6902090421785,6,41502,21,BENIGN
1297738,73,42,1430.7285046622042,1207.0691894786905,6,65288,80,BENIGN
7134997,3,26,88962.76699072844,99.72373566173344,0,56474,6667,Bot
7748770,72,50,48991.611160449465,1363.7355813904453,6,43123,3389,BENIGN
2430625,38,4,54328.96550403248,1308.8425250326416,0,40884,22,BENIGN
7439203,68,5,27993.77716302669,328.4088615033472,17,14032,80,BENIGN
2456170,76,76,54274.47194574935,125.86003809842654,0,49778,21,Infiltration
8878334,44,86,16886.869214973278,176.1918668304702,17,53298,8080,BENIGN
288959,95,55,74564.5797384525,847.4505902631539,0,34887,21,BENIGN
76,1,0,82334.91604038856,909.3552951776198,6,62362,3389,PortScan
4749866,80,67,85587.57799192604,487.06252339218764,17,10879,8080,Bot
1546336,63,95,10665.271742793004,459.313829079265,17,55207,22,BENIGN
8983013,950,43,55775.44003447928,35.740180613221646,17,61176,443,DDoS
4257441,64,14,80875.09698440328,472.32950521944025,6,12089,80,BENIGN
3759934,465,89,12821.648821238829,22.80882953318269,6,13454,22,DDoS
2628088,78,41,9952.240817407665,586.2950327765726,6,26790,8080,Bot
5477193,77,10,81694.1998670021,345.3243481863042,17,20549,3389,BENIGN
8593074,474,72,79673.60388912227,22.3008786634039,0,38879,8080,DDoS
502520,76,10,44869.31369634679,954.9281262212766,0,6141,3389,BENIGN
5529146,37,65,10971.116886006483,503.45919162763147,6,45575,6667,Bot
1679261,782,26,51612.31573169517,72.65363929715195,0,59554,443,DDoS
9426907,2,57,39480.320000466614,428.20697645979004,17,43582,8080,BENIGN
661002,99,89,51854.74310440127,475.6647281294705,17,53534,21,BENIGN
7562216,44,71,43989.52020255826,946.2335370214789,6,17113,3389,Infiltration
1538212,67,20,56851.44133908892,278.5286203774451,6,39849,3389,BENIGN
1726776,68,20,72712.97185132939,1104.5495723712693,0,22871,3389,BENIGN
9758781,76,71,77485.99036508586,471.2257567573937,0,17266,443,BENIGN
1686096,83,0,64898.219823784406,742.6981941350347,0,28924,3389,BENIGN
3246517,74,57,19894.06150463927,989.1617346033102,6,9921,80,BENIGN
9091144,62,12,39712.30256051191,824.5577586482592,6,21288,3389,BENIGN
1352244,1,72,7122.402873572165,1000.105642093359,6,29952,21,BENIGN
1551430,17,91,45167.372807517146,497.4413456758186,17,53065,6667,Bot
971348,16,5,97033.94127248511,1445.9058805122004,0,43513,80,BENIGN
4657951,9,86,64173.07075910107,699.3047879812228,6,58097,3389,BENIGN
6695406,53,99,15461.25146634969,496.4617425016092,6,8662,8080,Bot
5378850,73,57,26857.76597754326,458.663062631657,6,8480,3389,BENIGN
2607511,59,16,6457.36463025468,83.18855509183935,0,13931,6667,Bot
1693539,9,72,18241.389015196597,1033.512686153174,0,15908,80,BENIGN
1831194,12,11,48784.16434777778,408.5226101730763,17,62331,8080,Infiltration
3437272,41,85,34485.638142863274,1439.2167053574135,17,2872,21,Infiltration
9448033,857,51,20396.23173087667,32.33658447484587,17,37368,3389,DDoS
6919975,66,75,14659.841356285608,803.6469666543486,17,10762,21,BENIGN
60,1,0,65607.1116977206,1108.4966357549479,6,30803,21,PortScan
1963671,11,72,55810.23768728512,1307.7706363350908,17,53977,3389,Infiltration
5542611,8,51,84264.03122148679,251.5621213768951,6,6893,443,BENIGN
8985926,55,36,18325.288572775346,1478.3942799356091,6,11822,8080,Bot
3815244,96,2,84798.54599282461,1361.9884982701692,0,13249,80,BENIGN
3436352,6,97,57791.11725598561,1445.0176540167477,6,1368,3389,BENIGN
817152,53,7,26622.31939797156,1281.9527241216267,0,19834,80,BENIGN
7596685,20,9,27355.314056851123,1318.9504574896757,17,38019,6667,Bot
6269424,39,46,39038.03901438524,906.2667955514812,17,35026,443,BENIGN
1428180,99,40,46012.72166667943,1271.0588934137259,0,38604,443,BENIGN
9490636,457,63,8250.508473688267,24.025944831178148,0,43602,8080,DDoS
2521379,34,41,84199.91656663279,816.561412507484,17,37964,443,BENIGN
7503988,57,42,12154.106932419407,852.618536013469,6,48054,8080,Bot
6119948,19,8,48345.98430298817,1494.5505288565191,6,10379,8080,Bot
2726116,71,13,38296.823319092175,174.5043634036819,0,45183,80,BENIGN
1244389,31,90,51228.70843119428,1212.3027681738133,6,49217,21,BENIGN
443039,82,95,88748.2517068172,424.502534220808,6,22436,6667,Bot
9440915,40,3,98908.83398561062,554.6160822446585,17,9969,80,BENIGN
3283072,275,1,2027.137268275836,98.13980206653049,0,33430,22,DDoS
8692932,81,96,39323.943172519415,540.329196448423,17,35382,21,BENIGN
4414573,37,84,81761.05309172436,1486.3287917623284,6,64658,22,BENIGN
2711893,44,0,32660.288026197704,607.6625075054925,6,13378,8080,BENIGN
2319224,9,74,64903.61759185217,1011.138121558925,17,54743,8080,Bot
3923327,58,64,99225.92037664604,198.65551847907605,6,46230,6667,Bot
2073390,20,45,64677.128881594384,1385.295870428042,6,13315,80,BENIGN
2519070,92,58,11119.13776232689,1245.063162321262,17,4113,80,BENIGN
3889977,50,74,84293.19569539856,591.7155702114809,6,11787,3389,BENIGN
1727508,317,6,96665.74372925296,39.36098146637431,17,21759,22,DDoS
2801842,36,65,71250.84212988676,659.7551651999968,0,49660,80,BENIGN
1055775,769,14,41906.80998430702,57.00435863836408,6,45090,3389,DDoS
39,1,0,94840.01753454244,401.91519102687914,6,65434,21,PortScan
7436854,32,46,96857.20150491984,1486.4524857656988,17,65066,443,Infiltration
965288,910,89,93511.67434991575,69.04649112959339,0,13901,443,DDoS
2161188,17,39,41181.90023100806,416.5264240711742,6,60254,3389,BENIGN
8018106,9,41,78970.7673968847,1472.9527055198546,6,62786,80,BENIGN
2320584,84,50,65417.935903405996,42.98460430938137,0,62916,8080,BENIGN
4105323,45,34,17970.66658855868,668.0885023595375,6,29503,21,BENIGN
487610,96,40,53551.4901677154,862.8380916506019,17,44892,8080,BENIGN
6355086,66,84,74769.1009128637,75.62820072523408,0,54630,8080,Bot
7610064,32,56,89591.22759653094,258.33504224162607,0,56371,3389,BENIGN
66,1,0,86259.83704065536,402.0340016342394,6,48656,80,PortScan
4055547,9,71,15465.85001854821,1085.9360454053137,0,40658,3389,BENIGN
1673979,30,95,48803.324648521084,1410.8204227206074,0,6882,8080,Bot
1780852,84,7,47826.862946078494,944.3119285645388,0,37920,8080,BENIGN
3293431,770,73,89873.70618979222,31.55648292994495,6,26951,21,DDoS
32,1,0,193.73091368668494,814.4034975641797,0,50611,8080,PortScan
7253917,1,86,73871.35376269276,539.0414017202825,6,57316,443,BENIGN
4335618,5,3,61864.151654626534,1245.0172322830517,0,20898,8080,BENIGN
8791790,63,47,92157.14731765662,820.3358085896635,17,29587,8080,BENIGN
8589847,99,51,45691.7350331738,360.5527053991096,0,22352,8080,Bot
5222898,36,37,65767.22498755007,222.5101880828356,0,53036,8080,BENIGN
3904822,918,93,97274.70304215423,48.573508855090815,0,62540,21,DDoS
5215722,78,86,74390.37629159087,45.86035823256271,17,7747,6667,Bot
6879871,73,4,6738.3974129767375,1401.4912443849112,0,2097,6667,Bot
9596494,393,84,16753.355097267453,71.81654758147765,17,60857,3389,DDoS
8481309,758,69,82145.1102959748,71.18093739797013,17,9885,22,DDoS
3175784,4,80,33479.55409736589,466.2681378852343,17,55493,8080,Bot
629185,78,88,70591.8110598275,1292.519409582127,6,31489,80,BENIGN
9906795,89,23,69982.37333438279,824.2990768287805,6,9678,3389,BENIGN
6071945,68,85,99370.05233882049,228.76547885295906,17,34168,3389,BENIGN
2518738,25,76,46987.27236363408,419.3558006646687,6,36385,443,Infiltration
603203,74,16,73783.23605059231,494.071488883244,17,17843,8080,Bot
1990068,99,77,4875.287728610234,1331.1650992973443,6,26620,80,BENIGN
5304043,7,97,46259.10206930886,1154.7728596849086,6,26323,3389,BENIGN
5497291,13,89,18668.154481713096,1247.7892226640834,0,55567,3389,BENIGN
1257108,68,82,84057.15517131769,97.33323800534966,6,36731,80,BENIGN
6473607,43,25,83990.83320160709,876.5976641004302,6,32682,3389,BENIGN
7437793,57,2,23636.44207056953,1498.7818571616767,0,41535,22,BENIGN
5138097,36,1,31828.51531164682,1182.095465798905,17,33776,21,BENIGN
7270618,14,91,70247.77844603521,198.64736845707347,0,44186,8080,Bot
5512034,762,1,73826.5923412267,87.36458469893611,6,9206,3389,DDoS
8173421,533,21,65763.16021143738,54.99379462038035,6,14656,22,DDoS
7899384,96,70,99669.46375261612,781.0875667636848,17,29964,8080,BENIGN
1003271,27,3,86868.3211985112,136.55465870469416,6,53799,80,BENIGN
7215038,37,37,41705.88807525225,71.33562810540828,0,35999,21,BENIGN
2900837,87,83,32697.672154188363,1407.9583519142386,17,48450,8080,BENIGN
1370585,71,69,59684.97479960805,401.1206689083555,0,63501,8080,BENIGN
7046000,76,72,81763.63358335038,580.8728279873061,6,39287,8080,BENIGN
1681176,25,51,47534.347373655284,1197.0107606585473,17,21623,8080,BENIGN
8501698,67,30,73769.26068316396,1040.105905141816,6,61753,443,BENIGN
5312499,90,25,1916.0039506042392,1453.477236050816,6,56667,21,BENIGN
981983,4,35,92584.01082981042,157.40201631252796,0,52269,22,BENIGN
1668421,79,25,77383.47275154524,1066.2409696372563,6,49497,6667,Bot
3293805,96,27,39419.008676413294,141.69870211095093,0,36308,22,BENIGN
6154612,93,4,38401.232551929206,20.244934821694027,6,45437,443,BENIGN
9888779,74,73,10288.680774850534,197.9407347578661,0,36461,8080,BENIGN
3759605,85,17,81615.37238825284,932.7542554532712,0,22898,3389,BENIGN
8415514,16,14,76862.95092571844,1020.7652693746134,17,47562,80,BENIGN
5419052,19,56,63024.970753561625,668.7430111661846,17,64730,21,BENIGN
4609788,29,96,10145.647214403452,88.18465041138785,6,38891,80,BENIGN
4264523,51,4,26234.136563707078,958.4078987606463,6,29626,6667,Bot
8181983,18,36,45891.44732646183,147.00986682800527,17,34936,22,BENIGN
8306781,58,85,26597.194376422594,229.75497101426862,0,4032,3389,BENIGN
7170937,44,85,43397.39231529036,778.6120134608238,0,51488,8080,BENIGN
1519703,16,21,22595.754063765227,523.7524417827747,17,44543,8080,Bot
1750840,65,51,34960.05038060167,707.8358123689841,17,37421,80,BENIGN
863503,2,14,65229.68835966276,959.9138173682448,6,24913,443,BENIGN
9268611,56,16,89236.10807796952,256.8104135188672,0,23932,443,BENIGN
885521,79,50,38503.06812328252,1341.7683747426915,17,14841,3389,BENIGN
4278484,28,44,69190.82311607576,848.0304956764354,0,30261,8080,Bot
5495771,65,62,13479.30863825203,52.69804778630268,0,17217,6667,Bot
978936,5,27,54081.79778557615,950.1102057661142,17,57731,8080,Bot
3223622,22,58,92170.42255545135,705.504819025596,0,48693,8080,BENIGN
2217281,273,85,2793.580445738342,91.18621004423647,6,9073,80,DDoS
51,1,0,26755.736172680856,1180.3697619475663,17,10243,21,PortScan
1556618,16,41,13249.353368014426,1409.4903830170952,0,13302,443,BENIGN
2659183,86,80,53312.147949641476,1497.5517755269993,17,35728,3389,BENIGN
4113740,64,68,67964.24640713254,833.4331503377118,17,5871,8080,Bot
4500498,32,81,5777.919206310933,851.0323626300684,0,35407,6667,Bot
9625205,80,16,7028.442064055129,53.218971443897225,6,38088,8080,BENIGN
26,1,0,86962.91927489053,1300.4523007597693,17,23513,21,PortScan
9935969,79,6,45623.31485675083,62.50263044293112,0,62719,443,BENIGN
7880417,58,88,46295.15996386478,956.3439143615421,17,58566,21,BENIGN
9254891,46,39,94458.03949581168,165.89392854146038,17,19528,3389,BENIGN
9011601,52,39,32020.961026493176,443.04113407755557,0,59318,3389,BENIGN
8281547,63,42,89702.36470327903,227.6877386038737,6,52911,22,BENIGN
3896058,76,72,97425.47445762636,223.34354640656076,0,60634,80,BENIGN
7076142,60,82,24169.419765043032,130.4094538290571,17,27359,80,BENIGN
8839865,65,50,51403.88492125429,490.46533333854524,6,27056,21,BENIGN
1265998,81,72,53435.61529002584,647.0039897901347,6,50582,6667,Bot
2120639,55,22,86616.81117920639,707.4203253915947,6,42778,8080,BENIGN
880512,57,94,30390.813638182157,670.7678984113189,6,28440,21,BENIGN
5947248,92,31,79804.24433534149,795.0642107570108,17,34908,80,BENIGN
3231285,71,30,97100.73912780118,1292.4846551966725,0,6807,3389,BENIGN
7319864,73,16,84033.66527442992,955.058991245139,0,51279,8080,Bot
8706583,86,57,90914.02834567174,45.582793035322965,6,56527,6667,Bot
5923198,26,85,70835.44391429696,275.96937179567163,6,37979,8080,Bot
1228437,12,34,90395.57602771737,536.445736780243,0,19987,80,BENIGN
57,1,0,16485.063535232737,1424.5846891200176,6,47156,21,PortScan
8360022,46,63,71236.1415041626,135.55750822588897,0,19538,3389,BENIGN
9614842,908,52,73187.73549714762,74.57541884201876,0,16457,21,DDoS
3690683,79,50,43918.09464994206,68.9778349824121,6,62873,21,BENIGN
1600008,38,36,7973.846735791212,556.5550101229093,0,11707,443,BENIGN
2164512,21,89,62244.374626082725,1159.8201702963402,0,60545,80,BENIGN
5309892,301,5,5188.080657048066,64.96841559211661,0,55042,8080,DDoS
2353947,2,33,38240.24961565495,656.8174487799693,6,21350,6667,Bot
2892578,72,55,39367.02289757517,1359.850701835795,17,21687,443,BENIGN
1984217,70,95,99892.25084633329,117.9302551525611,17,15937,80,BENIGN
5949952,33,24,29980.20337291105,800.9402413109499,17,3736,80,Infiltration
29825,6,12,82045.39379236886,562.031586714944,17,50540,8080,BENIGN
9574282,90,62,5317.1685218353805,1446.4412738452058,17,42179,22,BENIGN
9184636,37,65,52976.59853858404,1194.6609475390217,6,49166,8080,BENIGN
888136,14,4,53669.167855601205,200.67363050247738,6,13521,8080,BENIGN
2971883,37,74,62874.985319446234,1392.5664399494067,17,46214,80,BENIGN
2662861,8,10,81000.52033899383,332.5956802315777,17,39295,6667,Bot
6524659,77,87,76192.3381723148,145.53011243153378,0,33242,6667,Bot
2513124,13,77,76100.81283323745,821.5580540958487,0,13905,21,BENIGN
2398183,40,93,43229.39343242869,1110.2147235648931,0,53830,8080,Infiltration
6536395,92,43,72747.14824665264,1079.7553164543938,17,5623,6667,Bot
3909539,58,98,49131.571774912154,810.4029819385465,17,13788,6667,Bot
5627845,18,84,6695.117834500219,749.2514621411599,6,6440,22,BENIGN
3911246,57,68,89018.1782611727,1454.9249680086657,0,47485,3389,BENIGN
1707117,83,1,89016.33061387604,1234.4270858188568,0,13755,22,BENIGN
689656,690,39,32287.87646551393,29.370946084833143,6,28331,80,DDoS
84,1,0,91390.26192809401,308.91296606827007,6,60538,80,PortScan
2253822,86,48,75798.40385050814,1233.2606227194437,6,3009,80,BENIGN
1649829,981,97,40080.123086202315,65.97631297143457,0,32977,3389,DDoS
1116371,77,74,33150.55984252535,1488.1993676709467,6,60909,8080,BENIGN
3099655,87,35,97514.2699386101,216.83275974250557,17,62358,3389,BENIGN
60,1,0,71262.69631113109,1078.637186003096,17,13701,3389,PortScan
1681741,92,72,37880.995477120014,1469.0431256896177,17,60478,22,BENIGN
516509,58,69,64198.38879808051,704.6376803218155,6,62333,80,BENIGN
666265,500,33,57152.61990373689,67.57376142450228,0,15274,21,DDoS
2788463,33,57,52454.00227039607,1463.5485628072365,0,61848,22,BENIGN
4476421,88,36,64470.18988118438,830.2776429808746,6,31698,3389,BENIGN
3710488,66,95,53762.63221803619,1054.5815601605902,6,3591,6667,Bot
3235292,30,59,65479.03536863806,49.725518817902,0,5364,3389,BENIGN
1935190,81,11,90756.8562223639,789.1043563271375,17,56484,22,BENIGN
9133890,34,31,99326.49681452719,398.5846009420745,17,9177,80,Infiltration
3937370,86,80,70928.68733480133,214.24207067880232,0,63418,443,BENIGN
6739113,69,3,92782.08017504327,1068.7251653283654,6,54555,21,BENIGN
7090075,48,32,85841.02538829541,77.85244358434593,17,13108,21,BENIGN
8805686,535,42,29503.739798127914,80.70435062885088,17,19319,443,DDoS
1033416,51,8,93290.79830430356,786.3050166088467,17,18118,21,Infiltration
4819175,80,97,7080.900005262148,979.3805704802807,6,54266,80,BENIGN
4742397,13,50,32992.182104354484,395.0835027068743,6,55419,8080,Bot
3868552,368,93,63994.49351048,77.53112539868178,17,35382,443,DDoS
8074137,435,19,52691.544589514204,62.39841434767639,6,30627,22,DDoS
1312843,39,38,54241.23928293626,363.7936266863542,0,32957,3389,BENIGN
7420205,63,22,79488.8329801248,1299.4624098743086,6,30350,21,BENIGN
104295,48,40,19470.368228619227,1185.2623141644237,0,64309,8080,BENIGN
7008543,586,43,98207.55099674586,67.42633371117331,17,51516,21,DDoS
5276828,48,34,43745.82272971705,1107.610624614429,17,33376,21,Infiltration
4101136,61,22,94984.32648055952,972.4545349673436,0,50997,443,BENIGN
9727194,12,57,38311.586449683266,801.2545408013891,17,60612,22,BENIGN
2165351,78,47,60178.66688516357,412.91310304226505,17,46364,443,BENIGN
55,1,0,45031.14713231361,1063.9371774361314,17,35408,80,PortScan
7303793,18,57,67593.51638519703,222.14491972341946,6,61548,22,BENIGN
3214950,27,56,18362.47293841865,776.3710844793387,6,29466,8080,Bot
7983539,28,86,40062.85328404849,309.0066573883116,0,16592,8080,Bot
8874983,713,38,6838.112210743141,81.78741696277741,0,46194,443,DDoS
8687579,80,27,59810.14169900135,454.9829710540453,6,14275,21,BENIGN
8268641,52,63,96268.16985891228,99.14991091399973,17,34544,3389,BENIGN
6,1,0,4590.651515738576,765.48933903869,6,27531,8080,PortScan
2949381,77,82,65963.00245015665,289.1087088759295,17,57213,3389,BENIGN
7356161,58,61,77509.79636376597,258.50944820234656,0,60921,21,BENIGN
1295029,93,93,21310.842417762888,588.8615285629942,0,40726,21,BENIGN
2504694,9,84,27307.429336854704,555.4449936229778,0,9009,22,BENIGN
1243394,26,87,20158.108624003533,1303.097641106157,6,25930,443,Infiltration
3567775,28,84,29741.263667630745,855.662793882689,6,36835,22,BENIGN
7711734,208,25,11008.255919337418,48.11522097094408,17,57547,8080,DDoS
9285524,36,50,37034.78712854224,237.31676813027232,0,58199,443,BENIGN
2414902,9,49,36892.91953143948,548.8191996823532,17,62417,3389,BENIGN
443131,989,35,80726.7456605409,30.797689248042204,17,26266,3389,DDoS
9479376,655,25,80095.83156007183,89.94395044020936,6,20794,3389,DDoS
6444445,51,32,79672.33633093648,209.52445816071216,6,56584,21,BENIGN
2790473,76,99,56703.59132189303,998.8743653537258,17,41248,80,BENIGN
3916743,57,67,32588.068686633454,987.6742767887386,17,22085,21,BENIGN
7061283,32,72,41096.45164004337,366.55482284718937,17,9906,21,BENIGN
7,1,0,31774.35047620818,356.1428620495831,6,15840,443,PortScan
5510593,57,65,58192.790498072136,1123.2597534085241,17,19111,21,BENIGN
291098,54,92,93797.91213136663,193.14200233952099,6,53253,8080,BENIGN
4856020,16,22,28449.67840557142,1386.4299750814516,0,7811,21,BENIGN
1828122,62,69,45885.18176461297,1416.7330111399556,0,63234,80,BENIGN
6367812,84,54,65511.69301393401,1309.0686382904846,17,47244,443,BENIGN
1409954,96,42,84469.49117955827,331.8024025593076,6,46361,3389,BENIGN
7997143,56,99,25333.392064096482,44.866589665317,0,3361,8080,Bot
181460,986,20,28028.995098039057,97.2015020176724,6,52428,3389,DDoS
2444126,17,21,88516.55322559361,529.0783044831967,6,47796,443,BENIGN
2515519,80,8,8025.811998580301,479.4071921827523,0,55854,6667,Bot
5532510,626,33,60544.76059672126,54.34438709872757,17,20359,22,DDoS
4138386,72,58,86045.5416095987,381.913536112357,17,44363,8080,BENIGN
9679918,83,25,92174.27503515333,1107.1388698536518,0,8839,80,Infiltration
8333200,30,0,1268.725423286876,1363.6825701613905,6,48530,3389,BENIGN
6893828,58,99,36966.597749418426,1183.363421584132,17,26856,22,BENIGN
3584297,98,4,25726.478612104664,1017.679789618344,6,56009,3389,BENIGN
312055,78,40,56803.25887747232,445.8811929609166,0,9247,80,Infiltration
2127699,22,62,63286.22768136293,829.5059434357669,17,17172,22,BENIGN
4933694,17,21,99977.44776055287,370.7114154849065,17,25791,22,BENIGN
9953778,615,67,51276.24968989256,99.22478314221544,17,5526,443,DDoS
66,1,0,55146.68787372697,198.03358435278096,0,61018,21,PortScan
81,1,0,41431.35078056419,913.5782757524858,0,25432,21,PortScan
7323594,77,15,14767.723783857567,76.94989498967524,0,23110,80,BENIGN
6699244,85,79,30332.464028059847,1460.416653789354,6,16681,6667,Bot
4698813,40,52,24698.49177110318,1493.2903659748565,6,35874,21,BENIGN
7867891,97,85,80121.9691348342,241.14854304915744,6,4993,8080,Bot
3790428,57,64,54581.64215523124,652.4075663531447,17,39131,80,BENIGN
5289830,58,78,29619.363021534205,1156.7525074621128,17,17094,6667,Bot
4437710,91,63,48909.29028935033,1433.4989038897477,17,23145,443,BENIGN
3239636,859,87,21886.488309541553,45.815593186696105,0,56295,443,DDoS
2326233,16,67,18512.715057321795,397.0376721611433,0,19787,3389,BENIGN
7948240,28,62,85994.22372418859,146.0914620382304,17,57339,22,BENIGN
5720726,98,61,94481.08544661388,447.31945391354174,0,47155,21,BENIGN
6221814,1,81,8001.4607826987885,667.1114157875209,6,62480,22,BENIGN
6374925,41,80,76488.27071864204,552.7087094748323,6,42837,21,BENIGN
5005958,48,70,45331.15364272902,1165.326301891524,0,19464,21,BENIGN
7028822,31,44,38897.16413082533,401.52607408951945,6,40115,21,Infiltration
26,1,0,68941.1309547821,1290.7829312906001,6,23554,3389,PortScan
8975808,33,73,26625.368533436565,353.93895285804047,6,10517,21,BENIGN
3415971,33,64,2058.1226283587384,554.8010265073096,17,65205,21,BENIGN
1878071,82,1,21400.2847820015,682.7574202285077,0,35619,8080,BENIGN
7997588,23,48,18492.50767091689,451.00285097568405,0,21670,8080,BENIGN
6814712,60,21,3404.938155356252,1154.2309107795852,17,22801,21,BENIGN
95,1,0,32131.54160263213,626.1298728970689,6,35408,3389,PortScan
98,1,0,47451.853351413985,1332.7981446702638,17,62490,80,PortScan
9725629,90,34,73582.86970505783,1446.111214632437,6,58485,80,BENIGN
5913418,30,80,32566.132549259684,1292.514585766629,17,12002,6667,Bot
6741386,89,75,19454.02656577434,793.4852549692074,6,52575,21,BENIGN
1578069,45,23,23061.976925360537,774.5164358684596,17,15554,80,BENIGN
3651487,335,93,89117.70791617145,25.325927527258436,17,24204,443,DDoS
1711772,39,29,20472.040641736876,896.570940460694,6,26896,8080,Bot
5906050,45,83,87924.06675165103,1430.0340736513506,6,34108,443,BENIGN
3212983,78,41,44709.89954877954,139.29766091767146,0,55697,22,Infiltration
3028731,81,70,93440.04323485264,1133.6369732307169,0,16114,8080,Bot
7232312,12,49,40809.213630469865,1306.918540399301,17,61968,21,BENIGN
6424059,93,70,17768.293380581734,1480.3211570535582,17,51895,21,BENIGN
6984397,663,59,54902.992921133766,65.79676649510012,0,43055,8080,DDoS
4024833,56,29,58770.66028490677,546.2497364277873,0,59407,22,BENIGN
4859321,24,11,63548.93032732697,360.0673576525807,6,43477,22,BENIGN
9802730,301,48,41149.67184695272,89.45605476375582,0,64408,80,DDoS
3801350,20,94,4860.134079449518,227.25860866305942,17,37568,443,BENIGN
9340954,79,81,62671.9922949512,416.295102721397,0,18714,8080,Bot
19775,56,45,93303.01542669718,456.9882895003016,0,3085,8080,BENIGN
8462705,971,42,95755.86285057303,69.3985454589115,0,43355,22,DDoS
9356269,657,1,59688.53678610147,20.75417185948745,0,42350,22,DDoS
486899,54,96,1988.7017954431817,847.3569478741715,17,46307,3389,Infiltration
6810905,34,74,10603.848084881229,1423.5925158167597,0,10867,21,BENIGN
2238157,28,97,83399.05257694428,385.97402646398376,0,45428,3389,BENIGN
4464444,50,79,82974.44376533422,1173.2464716099705,17,47082,21,BENIGN
82,1,0,94601.5605268362,1021.0576275252185,0,13105,443,PortScan
6559047,94,34,56377.44228668131,191.75434002642342,17,1759,80,BENIGN
658103,26,51,86381.62944684392,1219.3575920134701,0,12828,443,BENIGN
805213,51,32,82488.69256818773,154.10543385220004,0,13264,80,BENIGN
9322104,47,84,58942.08062071001,1113.6108198752202,0,17384,8080,BENIGN
5028135,26,83,78363.75533670536,1079.364382951876,6,37268,6667,Bot
4034564,84,71,12571.054451247144,1040.3147552228602,0,15917,6667,Bot
9992254,92,50,63920.27568801203,429.50466836453444,17,4155,443,BENIGN
2092201,670,25,95345.09563371941,20.946614513322288,6,51042,80,DDoS
5995234,75,96,16195.749843940777,1147.1351303840745,0,42643,6667,Bot
9844789,74,61,74404.26818000012,963.6360784942049,17,4147,8080,BENIGN
8504067,61,60,32078.579734338462,1210.3724664061565,0,57493,443,BENIGN
6208814,273,25,81710.392371783,77.94808582915354,17,27459,22,DDoS
6762226,37,36,69721.09337056676,426.1858343765026,0,7823,8080,BENIGN
78,1,0,92617.42576066234,246.52368633824426,17,23188,21,PortScan
3541583,52,94,71193.54196938952,955.3288997952559,17,15531,22,BENIGN
5,1,0,41031.05949628616,1144.4424036886678,6,36157,21,PortScan
9851144,82,10,1089.2534490325788,230.6379695011373,6,21140,8080,Bot
3557789,49,52,79291.68967708282,278.734277636384,17,63079,6667,Bot
1863336,27,40,40846.49666554055,37.86263394244125,17,34280,21,BENIGN
87,1,0,67063.40948348597,806.9887879330532,6,30346,80,PortScan
9988500,74,65,10506.648124841877,822.5907506658301,17,64119,3389,BENIGN
451030,66,12,89096.8635897655,760.1121718620283,0,52155,6667,Bot
7402424,643,62,43565.77974065051,87.62743965713051,0,47652,443,DDoS
7946332,38,81,91969.17338086819,653.1606270483358,17,28331,3389,BENIGN
1,1,0,70701.7433794491,1154.030420244741,17,52347,443,PortScan
5403352,28,24,12146.226209805322,289.059384267911,6,33045,6667,Bot
91106,66,43,57919.661340769926,318.29087224931783,6,47315,6667,Bot
84,1,0,90993.44479417872,1007.1278318693533,17,42689,21,PortScan
688825,46,68,79997.05598834314,1303.0132929072397,0,16810,21,BENIGN
9177476,69,58,41798.040757625,523.7823329897285,6,54730,22,BENIGN
206587,75,55,95506.43972539071,1400.46160121698,0,25108,8080,Bot
6389408,74,51,26857.61808015268,105.36058895412567,0,9120,80,BENIGN
3637920,43,65,37510.770331831576,195.40859407574018,0,25328,80,BENIGN
3284421,59,67,74971.41732867983,700.7402368498558,0,55952,443,BENIGN
7018623,2,11,23290.455721551607,1090.7581368902386,6,8483,8080,BENIGN
678941,15,74,51537.44699595479,568.8387078087017,17,22669,443,BENIGN
5420812,37,67,72878.91901041543,841.0259894480502,17,5796,6667,Bot
3452601,71,42,64396.776614234805,62.28461475104983,6,45982,443,BENIGN
8433940,20,72,15536.991412096824,703.5147812733708,0,43395,8080,BENIGN
2445940,98,73,62966.03161278346,379.0117910232095,17,3717,8080,BENIGN
2,1,0,57271.05288051072,784.2258839930652,17,25777,443,PortScan
1380004,34,5,55784.48250391125,798.2331438609267,17,47188,22,BENIGN
7353272,248,14,82604.71865372462,40.242936729826056,0,41509,80,DDoS
1437288,31,41,18389.60225250139,818.9656092430151,17,59726,21,BENIGN
1656421,87,30,75156.59870434475,929.1183757113237,6,14501,80,BENIGN
538745,19,85,76092.60177350818,803.8769409604645,17,54807,21,BENIGN
9960659,68,52,72264.54395808684,1485.7586028910277,17,12817,8080,BENIGN
5354652,24,5,50596.831347876,1191.5966556463718,6,29532,3389,BENIGN
4525221,84,32,39553.87477377374,1138.3546414433636,0,2719,443,BENIGN
5832901,39,28,39467.716007287956,948.3440022707705,17,49990,443,BENIGN
6911955,92,20,73380.87139422406,801.9886350096394,0,4317,6667,Bot
6550191,54,53,49789.67025828714,530.2405666174261,0,19045,443,BENIGN
7790674,39,55,33843.37242309269,1180.2725306105522,0,53081,443,BENIGN
3366923,17,93,62546.96844053216,300.6215662530482,17,27975,443,BENIGN
7370783,19,20,83701.12605030168,74.09237191034029,17,22104,6667,Bot
2167454,48,99,6150.874116828176,1053.2946259015898,6,46749,443,BENIGN
9486061,35,54,97213.69577714376,234.38051123252566,0,49751,8080,Bot
6439622,384,57,9665.193958190432,57.61048454100688,6,4509,21,DDoS
5048099,47,63,51173.812070291824,1160.6084527148812,17,47236,80,BENIGN
4385110,47,85,56020.95440377961,911.321679184404,17,12035,80,BENIGN
4818850,732,45,13821.070536134815,96.88727203899785,6,8370,8080,DDoS
4991636,46,83,91559.37530176794,964.1546914529637,6,39913,8080,BENIGN
9212963,35,21,47146.70772924939,725.7479010298085,0,58248,6667,Bot
3471850,94,59,14312.051446039331,450.8997323731032,17,5942,80,BENIGN
4475256,17,10,71161.24028477709,1418.71688610325,0,27936,3389,BENIGN
2765431,42,46,66340.43452426099,259.596334742409,0,49778,8080,Bot
8070397,29,30,96286.55697814476,1135.007949142898,17,12636,443,BENIGN
8976866,874,76,44151.63246877483,56.84592668879173,17,57630,21,DDoS
2630823,17,17,26779.597316475934,1428.6560201039267,0,49234,80,BENIGN
865239,81,21,5999.400629526208,833.136316107195,6,31980,8080,BENIGN
9967346,14,55,73312.15250802693,811.6152383012611,17,64949,443,BENIGN
7543259,653,16,61727.76892304224,30.865127952641043,0,24814,80,DDoS
5385035,866,37,97261.08349007595,92.93224053375063,6,15804,3389,DDoS
2901817,50,24,71216.49798036325,1150.181989727198,0,18497,3389,BENIGN
6286039,57,31,93316.1479938216,1187.9228402327421,17,17043,8080,BENIGN
6816625,61,14,99157.87947795805,749.9080153671446,6,57035,22,BENIGN
2211838,941,12,42843.11442326858,59.61341353555456,6,11377,80,DDoS
5692896,55,57,15029.50133692771,313.4320278160291,6,4948,3389,BENIGN
8678476,96,89,19585.07769032637,971.6282897431444,17,64700,443,BENIGN
6822667,36,49,31837.52231123167,606.325559275322,17,39902,8080,BENIGN
2640029,601,10,50889.57670662728,47.54455536391008,0,35619,80,DDoS
3133311,14,12,12241.999939635618,836.4832960570637,0,43603,8080,BENIGN
7440549,27,96,30171.787185523568,669.2172522241899,17,24427,443,BENIGN
1726299,83,49,30779.384738291537,367.39747179180034,0,60691,80,BENIGN
5072015,31,37,408.56549647128037,1084.06063835238,6,6060,3389,BENIGN
444045,73,0,35416.87396663927,1365.3867920320658,17,14947,443,Infiltration
7382103,789,38,11615.220008467142,27.794617792481525,17,6445,21,DDoS
6310214,697,26,42971.137966238915,56.66146376606317,0,44916,80,DDoS
21353,44,35,19653.67374037491,816.1656129796763,17,1809,80,BENIGN
3603210,68,31,82211.42396931961,1256.3419499010613,6,40645,6667,Bot
2276887,48,40,8052.535277382355,894.6530375134748,17,54112,8080,BENIGN
7690940,57,14,86566.04314182002,670.5623581520358,6,48073,6667,Bot
6501653,607,30,58052.66155245983,81.57382152484948,17,44945,21,DDoS
9338870,22,5,45864.06631983575,508.97831086791655,17,20466,8080,BENIGN
1274734,4,88,54974.23168939102,378.39210854505535,17,49087,8080,BENIGN
2755163,81,51,37610.912917766924,309.6751479304253,0,55841,22,BENIGN
1228907,72,81,12761.190499194508,891.5204199558677,0,21070,80,BENIGN
8511483,116,21,76587.98157837799,77.37474747504649,6,29314,22,DDoS
5163615,59,30,92791.15900964156,1107.5529646276666,0,40519,3389,BENIGN
7601848,34,99,95006.76231198647,475.7357152901495,17,38642,6667,Bot
4463258,501,72,67071.15062227445,59.72701202476809,0,23178,80,DDoS
8803308,337,45,41034.742651666726,77.56282768209257,0,41645,22,DDoS
6181522,744,66,47835.996227649644,48.06084547049384,6,62943,22,DDoS
2269170,56,96,65696.56969893156,536.3281944279296,17,31727,8080,BENIGN
4413459,38,90,82307.25165083479,461.34912702779536,6,61865,22,BENIGN
7640267,21,42,37456.71375430405,684.9467889680573,0,9232,22,BENIGN
2831669,94,0,91678.12247811112,1091.3334659260593,17,62510,3389,BENIGN
7322253,10,43,32427.21549306129,1443.0944409911917,6,39965,80,BENIGN
65,1,0,53085.97753272042,814.0737585076149,6,25514,80,PortScan
2519607,91,8,96136.18000356137,1222.4115557869525,17,46471,8080,BENIGN
1256815,544,4,93819.89154256102,78.82145620241565,6,18471,80,DDoS
8468965,8,78,69574.50895277492,78.98855046132836,6,51091,8080,Bot
1526634,820,8,32456.019447500872,26.85873266002868,6,62283,8080,DDoS
824243,965,44,21903.50331840035,35.938722673189915,0,15188,21,DDoS
7346662,34,91,8014.335533354422,225.2251491279858,6,2715,80,BENIGN
3803086,16,76,70865.44047393854,1494.3190108664799,0,42267,6667,Bot
371716,13,23,50345.06940020357,534.150514493004,6,23610,8080,BENIGN
1960255,87,73,57228.769394425726,222.07665045979988,6,36797,22,Infiltration
9163866,807,41,47239.21739257379,90.21786577063496,6,33615,443,DDoS
2710627,91,21,48294.64335734429,780.4796876387104,6,22511,443,BENIGN
10,1,0,57127.36192049652,150.1764880244205,17,53577,80,PortScan
9305091,96,85,91426.20061760377,541.8788348585622,0,31669,21,BENIGN
8370143,27,36,2936.6299468047696,1009.907505708569,17,35541,8080,BENIGN
279315,64,38,80163.67795731623,1375.5793672572702,17,57606,8080,Bot
50,1,0,39051.62605582657,608.207773149011,17,49475,3389,PortScan
51,1,0,74492.42672829998,855.5550837024726,17,16407,80,PortScan
8662057,26,73,94852.63292443565,961.3720559510772,6,18785,21,BENIGN
6154073,92,89,30628.699352633514,124.71514941998683,6,27432,80,BENIGN
6035318,83,88,8955.463674379893,526.4930627371762,17,63214,3389,BENIGN
1960684,69,52,23229.843631492564,1032.6959424405195,17,45109,443,BENIGN
6223854,97,27,22209.28311125626,1108.7784080055558,0,45837,80,BENIGN
5585809,84,76,74184.9417460254,546.809123057265,17,41643,8080,Bot
9804915,30,14,6185.8181725117365,29.969650517709535,6,28976,443,BENIGN
578788,171,59,5093.357985573377,43.49243255714066,0,52542,3389,DDoS
4226256,38,59,69360.85944838359,816.4176262355452,17,38608,3389,BENIGN
5755992,61,5,55671.968487602375,836.1991268680337,0,18476,80,BENIGN
7983472,81,51,41776.75448432034,842.4647599190392,17,25415,443,BENIGN
8127847,65,11,57536.840697704516,1088.1945374289694,0,36201,3389,BENIGN
4228095,67,18,73524.7905968639,1383.478705627322,0,40697,8080,BENIGN
7337794,46,95,10347.137270677931,1485.4519074468367,6,39372,21,BENIGN
8921434,90,74,55328.641598094255,1057.5787968448208,0,21510,21,BENIGN
3952355,95,96,82441.68329143054,780.7181020834677,17,55554,8080,Bot
3817342,72,1,36242.91705783123,228.6723015140659,0,56407,3389,BENIGN
4990588,43,54,76301.7987622639,588.5792655117552,17,63406,3389,BENIGN
240068,59,14,84542.08391465091,867.2358652062237,17,46039,21,BENIGN
8677671,46,63,82092.91918201339,1499.716552137172,6,61628,21,BENIGN
2592636,72,99,65035.64019858612,207.9328025108324,0,44486,80,BENIGN
5504481,35,68,71734.45183964586,1193.753177307263,6,5661,22,BENIGN
519265,39,14,78767.51807147809,1498.4314934678393,17,16900,80,BENIGN
4414184,92,42,73370.9309497632,1211.8310987971774,0,6503,8080,BENIGN
3440966,51,73,45168.01622865787,1155.3733561433253,0,22484,8080,BENIGN
3878463,4,16,15912.094287195556,402.8480828547921,17,17776,22,BENIGN
1027657,80,97,30973.05998855272,24.976510598121035,6,14535,80,BENIGN
7435797,125,23,20724.656224205817,36.47531155741017,6,55302,80,DDoS
5898985,84,73,36144.415432500224,1188.904170309365,0,38566,80,BENIGN
7601823,51,29,48933.10801824282,178.77617387730575,6,3457,443,BENIGN
7946255,5,66,95904.66717342459,458.2551947399611,0,22186,3389,BENIGN
5688338,55,50,95946.27949892626,852.5078010501765,6,34187,443,Infiltration
9594831,20,59,76958.85209168567,878.1192446527139,17,17947,80,BENIGN
6703660,24,2,98014.02883633404,823.6232618590403,17,36459,6667,Bot
1785659,36,4,99801.58158244591,1471.707573154321,17,18578,6667,Bot
8697157,34,27,88525.67477986433,38.18268156332778,0,2331,8080,BENIGN
533734,54,77,7950.358320613804,741.6457949173259,0,16482,80,Infiltration
3932847,34,10,42604.41034642619,766.5425180852035,17,24139,443,BENIGN
8578945,83,71,53411.998102534206,454.11675701900634,17,53851,22,BENIGN
8102973,17,71,12408.258561564744,797.1054879749837,6,51706,8080,BENIGN
9244755,188,75,80863.0627243125,27.12020705081165,17,18905,21,DDoS
4623736,89,14,14868.34149487809,1015.6787433228579,17,53989,22,BENIGN
7556955,18,82,38332.877539298395,150.0283240977021,17,3781,22,BENIGN
5334333,55,47,6891.217992788134,1207.6407713835586,0,22079,3389,BENIGN
1406468,53,45,52459.308795864294,1397.450548526857,0,28506,21,BENIGN
6841400,50,27,59704.144683468396,202.94554978464322,17,42868,8080,BENIGN
69,1,0,73517.68501606796,636.6276228438742,6,38792,3389,PortScan
5785367,91,70,33946.1488682953,777.390337124838,6,9718,21,BENIGN
1224844,79,93,59053.1499603181,219.53610022899127,17,44968,6667,Bot
5970326,45,81,73414.73396604719,765.0083943242005,0,13361,8080,Bot
4862994,583,87,76203.5148910024,51.436399551710615,17,61961,3389,DDoS
2131118,334,5,30164.184645003712,25.35856600074294,6,52169,8080,DDoS
8210810,86,57,6770.393017812504,683.7361059023464,0,9440,22,Infiltration
3489529,84,67,3761.947755155426,1492.4538519931373,0,60497,8080,BENIGN
6888360,13,54,76806.02846925837,88.83649943585009,0,11445,3389,BENIGN
6478543,20,66,38543.89171812458,208.81950165600392,17,50697,21,BENIGN
294846,66,48,13394.266280335154,675.9519847990243,17,30598,22,BENIGN
5710854,99,50,18448.89355212722,1314.05174169926,17,12647,8080,BENIGN
5432119,47,58,76615.04748031235,841.7341697345412,6,36767,6667,Bot
4352992,19,5,59890.20006907649,1103.8679665605293,0,13546,443,BENIGN
1702259,45,89,50140.316616357086,646.8734727293303,0,16181,8080,BENIGN
3758085,37,50,62300.758562453266,79.95781305503195,6,8517,8080,Bot
3802277,138,37,13749.95541574241,59.758436796396055,6,27090,80,DDoS
8512658,934,10,31904.224291015704,93.53637895733009,0,25022,3389,DDoS
1153324,14,51,37406.35173850721,125.71348759125188,0,56040,22,BENIGN
41,1,0,31449.77693797888,272.90457447266317,6,22250,80,PortScan
4740139,86,19,86441.63121349362,724.7105823539723,17,44577,22,BENIGN
8299450,55,9,58142.11446526173,681.0236298610849,17,62506,8080,Bot
9693474,34,25,72932.14074838936,1133.5779005613028,17,62845,443,BENIGN
2303654,27,47,23670.608987569653,593.3714426440915,6,2180,443,BENIGN
4020220,7,90,26407.403729575042,1001.6843534619837,0,62866,3389,BENIGN
2946962,3,13,22533.598307814627,1062.5468392706807,6,8816,443,Infiltration
2676617,47,99,68797.95776455574,974.6057120982767,17,45425,8080,BENIGN
4307186,143,58,34904.09956905184,82.97074761560825,17,13365,22,DDoS
7331106,2,11,40508.41324041631,1212.4115513647382,17,50829,8080,Bot
9015928,80,22,70912.16078388611,992.5183207558911,6,15241,443,BENIGN
8329542,25,84,97179.87018832055,1254.5928326902397,6,20016,21,BENIGN
6170012,60,71,16187.531373331798,962.2945796394446,17,38666,443,BENIGN
8832024,79,38,6267.626823480344,255.2800649739482,17,58526,8080,Bot
3517841,24,8,19484.593196746093,477.9792014576985,0,40897,8080,BENIGN
6168663,459,87,73496.06849632783,23.25390157312122,6,17545,443,DDoS
3456753,95,94,19462.72910490163,158.99489669061444,0,1556,6667,Bot
5429319,14,24,58435.24026248863,1044.6138530916678,17,14208,80,BENIGN
475695,54,16,59031.65364989821,900.7644965645221,17,48381,8080,Bot
58,1,0,29442.310029708107,892.8372842348002,17,4397,80,PortScan
1888906,6,28,6872.627987662871,728.2056058758922,0,40670,8080,Bot
2148191,78,59,39920.05174516047,823.8244477130845,6,26314,3389,BENIGN
3961776,81,66,18678.54222565356,31.969191497916544,6,12906,22,BENIGN
1760562,18,84,18447.321026652407,162.44714277628546,0,4169,3389,BENIGN
4058948,20,56,52258.8871028741,1031.3623962886518,6,7699,8080,Bot
809278,62,71,67312.11380977536,406.9708734730606,0,52500,8080,BENIGN
7932410,81,13,7541.5052266528,179.7090753144348,0,58788,80,BENIGN
4777502,80,38,57832.139864250086,506.4097850782994,6,45028,22,BENIGN
6934206,40,15,24620.164344846075,396.63417394083183,6,39821,80,BENIGN
7486427,39,17,67329.80610196826,63.47124616471214,0,31673,443,BENIGN
2562705,52,94,81021.58362023668,627.6255488945997,6,11320,3389,BENIGN
721137,163,74,80701.36356658838,43.98065312839448,6,63032,80,DDoS
5507783,73,19,36986.135824073426,20.57846665353493,0,21572,8080,Bot
6418054,27,45,56726.967387754434,1192.8611509675884,17,61637,8080,Bot
1021569,52,44,79369.51838373803,486.15801209055877,0,18583,443,BENIGN
6756450,97,3,6081.026148047719,860.0278496317609,6,50895,22,BENIGN
5779377,63,83,60562.43361723621,460.6711388510581,17,46267,3389,BENIGN
2892471,795,94,83652.19838244456,35.01154263743891,6,27286,3389,DDoS
6970299,63,19,37235.69979015264,1099.1882226207172,0,45102,8080,Bot
463101,17,10,45540.81139812868,566.371981194262,0,49061,22,BENIGN
6011593,49,64,69872.80685593499,331.7278372383826,0,4595,3389,BENIGN
2822236,81,17,6788.471186569877,223.95344624865461,17,56015,80,BENIGN
515793,572,38,38563.596042062556,25.35518841228871,6,15602,21,DDoS
2636822,23,43,29571.077022384896,690.4944008985035,17,50355,21,BENIGN
7818214,98,96,1699.4249587130805,363.305800759883,0,25074,3389,BENIGN
239117,72,99,19597.266123326008,1381.046585409201,6,35564,22,BENIGN
415094,13,17,39588.35655888493,597.342666867397,0,33799,80,BENIGN
941868,23,46,19742.87084005709,824.369218479477,6,23653,80,Infiltration
5712144,57,30,60239.83181945565,1289.5427927256358,17,46239,443,BENIGN
8043946,62,98,44865.260733630894,1253.3950938874789,17,11733,8080,BENIGN
1077041,54,38,3948.1294773384802,964.1713749536298,17,55952,6667,Bot
466082,697,37,27504.026431251692,28.691243838372642,17,21508,3389,DDoS
2538668,86,78,1947.6770379214026,1429.105278935354,6,3911,6667,Bot
273246,999,46,35813.517989447595,92.65154980503192,6,24954,22,DDoS
5453274,23,69,25911.001774583354,536.5308567522245,17,46460,21,BENIGN
6124252,35,7,68818.67821684617,607.8132223816096,17,30641,8080,BENIGN
1164895,67,85,30740.692559653227,375.9457201723489,6,24157,6667,Bot
77,1,0,37515.866458436394,1258.5081685193593,0,60370,21,PortScan
7130130,33,12,72533.39318632086,200.3004167475361,17,46987,80,BENIGN
2677847,46,54,48091.76759086529,545.5233878500454,6,8920,6667,Bot
2409481,81,87,55645.43785958399,34.40513112772168,17,53931,8080,BENIGN
7026592,45,84,84134.66637474486,900.0764405633847,6,18380,443,BENIGN
8309511,19,42,20688.830545736837,994.4087742848376,17,23363,8080,Bot
6859316,383,3,98918.55285275904,44.806657205103775,17,16314,8080,DDoS
2943395,87,70,90010.5091840394,1110.3613654024978,0,24201,443,BENIGN
3283716,15,59,28655.2828601061,584.6744461216697,0,29999,443,BENIGN
77275,78,11,89293.841762056,481.33239610795454,0,55451,8080,BENIGN
2078908,66,58,75395.61582968135,1435.1248264507526,0,12036,22,BENIGN
1357553,39,76,93075.64719621517,891.2648473654418,17,12251,8080,BENIGN
3011886,694,53,69113.51881257458,51.37791009828767,17,24875,80,DDoS
95128,70,43,67447.73829841586,1475.1983847405063,0,62110,22,BENIGN
1558342,59,15,346.4409097531318,593.57346473855,0,46351,8080,Bot
4319553,32,5,47461.15286750564,978.7880807005718,17,13434,21,Infiltration
4948108,21,13,20026.8606178423,1091.3037937178003,6,54782,443,BENIGN
5445415,40,57,32408.145916900732,644.9978140486312,0,36118,21,BENIGN
8552542,870,30,97881.56339963415,58.856069465735715,6,8028,21,DDoS
2367655,27,99,8550.195782617664,374.8772543896035,17,53614,8080,BENIGN
9618495,865,40,72248.64704537926,79.59432785181716,6,6676,8080,DDoS
3012459,97,34,17294.48418708732,479.98413025982524,0,57217,443,BENIGN
9714277,894,9,740.1339496148296,83.86963792684654,0,28438,8080,DDoS
9805536,39,80,50141.87088479004,1011.4377023534846,0,14031,443,BENIGN
68,1,0,16121.529875969309,928.7276972732927,0,22410,8080,PortScan
7204876,800,43,96546.62559815771,97.09836342975453,0,39541,8080,DDoS
3208923,13,54,20369.673710929615,81.46444318844888,17,64634,21,BENIGN
7458018,606,70,19203.527403486787,36.85424564912945,6,47816,22,DDoS
5051746,66,17,3216.692466083815,323.8648773159277,17,49537,8080,BENIGN
3625754,78,82,32981.96386789113,1478.9877496585939,17,19281,3389,BENIGN
285811,56,78,2411.1674928999128,1204.3967180625689,17,50572,3389,BENIGN
5278272,28,85,49888.6635243127,1387.6991055268497,6,36140,3389,BENIGN
9512097,430,38,50561.064282740874,44.085294278037885,6,23367,8080,DDoS
6912980,71,41,5324.328706398595,869.3076138447834,17,37257,443,BENIGN
576019,82,53,24006.227698741623,841.229498459098,6,5722,6667,Bot
3331206,64,29,83210.64851443518,862.8880477112856,17,7760,6667,Bot
9241454,745,19,46254.47729253664,45.03685721719019,17,54487,21,DDoS
422481,403,95,43461.00415857717,55.62070346477333,0,8980,22,DDoS
976533,41,41,69877.69473617982,1022.2713330858337,6,33792,22,Infiltration
8222562,4,88,71488.19434892722,1186.886825308987,0,24719,22,BENIGN
4900264,57,86,76196.26007956864,447.8283892774441,17,55545,8080,BENIGN
24,1,0,83048.23250861943,1419.699934601383,17,2218,443,PortScan
6336456,834,49,23225.06464023695,84.59234811389999,17,28640,3389,DDoS
5679142,84,40,6638.0607279351025,1104.4888015861306,0,15493,80,BENIGN
401167,46,93,38026.48786133209,1098.8088522753899,0,51275,3389,Infiltration
7094276,667,38,85509.79106231523,39.15648684248656,17,20959,3389,DDoS
460896,31,56,7802.866428556798,497.57186808256955,0,11887,443,BENIGN
7740716,640,90,57595.37988029502,82.63374132503857,17,1785,21,DDoS
5994476,811,56,70108.29491413933,36.32320147028115,17,46346,22,DDoS
5289383,90,36,48140.721328229716,1472.524373816121,0,15825,80,BENIGN
5858438,77,6,25517.544360660806,292.31594670337466,6,41409,8080,Bot
4990004,54,4,32630.948182336295,427.63075528387304,17,9311,22,Infiltration
9392709,8,78,7165.209798358607,1432.5699221085124,17,13232,6667,Bot
312123,942,50,29258.354733868007,76.81180937578657,0,61168,80,DDoS
6270116,69,7,4437.80075612743,271.73719355605647,0,48403,443,BENIGN
7320683,44,55,72632.49981339686,1210.7132501959964,0,65300,8080,Bot
7822736,13,72,89799.52785116863,391.9064937907285,17,32547,21,BENIGN
3178002,93,10,63351.312845359294,160.19535026016828,6,10789,8080,BENIGN
755211,20,21,65670.32229331868,355.43168116117124,6,30007,3389,BENIGN
2320815,731,97,47214.23371403862,83.92010558797423,6,22874,80,DDoS
2234905,32,98,15603.644920510806,434.87239447200136,17,56302,80,BENIGN
91,1,0,772.514125336965,1048.6895642972054,0,25866,3389,PortScan
1899154,50,10,34397.59976105711,604.8060596296235,6,48401,6667,Bot
3457650,27,59,75148.85573709561,407.93577531059145,6,62032,443,BENIGN
56,1,0,96043.15793155815,233.1901625859614,6,34913,443,PortScan
4174582,52,14,43108.492574189906,1458.8437582606648,17,20012,21,BENIGN
8153213,556,37,36539.1012333533,88.30269926515697,0,40601,8080,DDoS
3273623,21,0,44595.85063313812,189.83738992144194,0,16253,22,BENIGN
8477376,18,45,42777.489580419315,314.24468459846844,0,14650,3389,Infiltration
6961483,39,87,62587.9832998645,622.7996750211613,0,4229,80,BENIGN
7960439,15,42,73414.73970980934,825.3723793902399,6,54826,80,BENIGN
2770842,53,21,78495.80232545802,289.05926139473246,0,10333,21,BENIGN
2770474,38,2,64960.48094347479,431.0379695105552,6,28851,22,BENIGN
7296505,48,13,43772.39587873579,1179.8853611725183,17,60262,22,BENIGN
6846639,52,1,95010.37555515385,637.8727678328845,17,11519,3389,BENIGN
8659622,386,60,71101.96963712663,60.8228433152474,17,61373,22,DDoS
4109903,72,31,42665.804084617754,99.83162684155609,0,44785,21,Infiltration
5636389,932,37,44658.17770955044,46.29719893110986,0,41695,80,DDoS
8751163,85,96,81798.08499290154,108.97425162556051,6,55312,443,BENIGN
1034686,16,45,44054.08877224377,277.3785294814266,0,13132,80,BENIGN
6040602,16,41,51627.36227790912,1097.2571351428344,17,10868,443,BENIGN
5547194,35,5,29155.229191962408,730.9680605879248,0,30253,443,BENIGN
3100681,17,40,83891.48338852986,734.0436610806324,6,13992,6667,Bot
2661737,170,24,52228.548030332,81.79073866678073,17,39052,3389,DDoS
3672377,99,97,55253.59383894278,1187.0076288635269,17,44421,22,BENIGN
2084604,52,10,88067.54027133988,254.70720760042903,6,44757,3389,Infiltration
3021472,93,40,92051.72678472096,276.11043855006017,17,63200,21,BENIGN
4854142,82,70,82419.379666652,199.67769833401826,6,50080,6667,Bot
2471478,12,56,6537.041297730839,1406.5073303223687,6,16259,3389,BENIGN
3830221,83,45,44350.91017801145,874.3895309822344,0,46029,443,BENIGN
5354012,48,85,34333.09391524254,157.10782597211798,17,49841,6667,Bot
1353424,22,47,21351.47813291187,346.5554301344096,0,19503,8080,Bot
6753108,49,62,90895.3875845786,1093.8732738710114,0,44642,21,BENIGN
6124486,52,38,89006.89583145038,62.90768464996602,6,3866,3389,BENIGN
3372555,79,9,46529.78832832506,1093.9702258207205,6,28933,3389,BENIGN
4268273,1,84,13456.085067286349,1368.967338925236,0,7737,80,BENIGN
6034822,66,69,1336.5620331787454,103.44501334165307,6,52476,22,BENIGN
9258515,64,64,43846.708056481875,295.9022597226668,17,19134,21,BENIGN
7010231,8,97,3995.5148573543097,23.520330388084517,17,17920,3389,BENIGN
4396820,86,58,60955.594191976015,181.36516159387173,0,57066,3389,BENIGN
4070128,25,77,60840.8870880069,933.1474505949192,17,34587,8080,BENIGN
7951136,66,35,89893.94479174483,86.33033858192073,0,48924,3389,BENIGN
6870089,73,26,19004.91282893566,650.2359117197616,17,5983,443,BENIGN
1369377,73,72,37139.424241354405,765.0346144942237,6,62619,22,BENIGN
5522667,941,54,85954.53887842788,45.673316572827304,17,10842,22,DDoS
6722190,70,69,47429.6502490115,721.9497261604527,6,31689,3389,BENIGN
750071,94,94,5972.328897194423,230.96736833436145,0,20689,80,BENIGN
8222602,79,80,11078.391159552859,448.15247765387323,17,13635,21,Infiltration
7750072,51,52,81345.45715784511,1014.8491411742067,6,8933,3389,BENIGN
4460376,53,59,74369.74300285129,185.93139912969116,6,39676,8080,Bot
7456788,15,60,87588.15171667919,362.97929614973833,0,64242,443,BENIGN
4075937,236,35,11886.116590914375,31.84710209451203,0,43048,3389,DDoS
9730765,71,84,76041.67437965274,28.1911649512683,17,42345,8080,BENIGN
2233806,75,26,65510.43649581891,245.2313035309257,17,11635,443,BENIGN
6094745,38,40,23229.324114104278,1268.6550450651853,17,20406,3389,BENIGN
8874465,162,27,97390.43855556111,86.77491589565008,6,31135,3389,DDoS
2054476,66,15,57035.48191512311,69.78868826515415,0,61050,8080,Bot
1185211,39,34,90687.79753971353,199.542209702075,17,32452,22,BENIGN
4961928,74,35,85909.31342069864,1046.5238392727772,17,12949,8080,Bot
7732852,17,55,33312.54605226116,1489.8035870977187,6,50927,80,BENIGN
2393019,7,98,53595.686198681324,894.1406373760633,17,2360,21,BENIGN
1501048,39,18,43136.82994046717,203.98807820730053,6,43285,443,BENIGN
6327190,68,56,70907.75702600757,291.9925810226253,6,54593,21,BENIGN
4107934,688,84,58804.20045434277,52.899274380562495,0,2984,80,DDoS
2408730,51,32,78485.35330372413,1079.1741170347127,6,54826,6667,Bot
9983626,47,22,1175.2259597984537,1001.1100305056523,0,36897,8080,Infiltration
5837296,894,62,68779.32614145584,65.66670130733019,6,46193,443,DDoS
8095313,64,69,31906.515521965495,1479.6792682228788,0,1025,443,BENIGN
2703094,629,95,22422.213988941796,93.47552371215882,6,50925,80,DDoS
5919726,999,21,80124.13663586722,30.863729698738176,17,48886,443,DDoS
5557905,13,66,8922.121118818537,1291.4105914192235,0,57914,21,Infiltration
4902544,18,98,22846.00450991412,450.4161594654131,0,32803,22,BENIGN
192612,777,79,20373.434109977818,64.57471171564663,6,49895,80,DDoS
3714479,65,58,41982.54450597019,832.0288471916116,17,28679,80,BENIGN
5845547,8,24,32233.6784557261,584.286702943613,17,47264,80,BENIGN
1549520,48,16,72046.83171096702,445.7078391230071,0,36640,21,BENIGN
36,1,0,69936.98806014765,1377.419386646106,17,41411,21,PortScan
8313034,43,76,32547.089110603898,211.32583519363263,17,37393,21,BENIGN
3900479,53,91,43698.077614579524,618.3488794393623,6,31295,3389,BENIGN
3804509,85,74,20790.818417977298,24.39124689152663,17,46652,8080,Bot
6722155,27,73,67083.49004962706,1215.0314167492513,17,46162,443,BENIGN
9036049,19,38,39622.27401325755,269.25989222200474,17,10249,80,BENIGN
1521082,23,23,13282.610444221533,1164.0251952875092,17,26033,3389,BENIGN
6281746,50,37,12726.549191151127,239.93260942765312,6,34409,80,BENIGN
3998522,51,87,32232.06784211755,636.773494326053,6,49384,8080,BENIGN
6426388,43,96,74732.50286361958,1097.7137089843154,17,55517,22,BENIGN
9590546,99,80,2550.433613150038,420.7970286987272,6,59157,443,BENIGN
2164663,247,56,25777.469318288215,64.70116733184769,0,37414,22,DDoS
5181477,69,43,16248.615888875729,1007.637292269506,6,44901,443,BENIGN
5281191,41,35,95647.78213056149,297.7974557757495,6,54592,443,BENIGN
4408385,72,98,70528.16039710263,1428.640886300024,6,42781,443,BENIGN
8012469,11,69,23323.268411894616,299.40577260228434,0,33412,8080,Bot
4205055,80,79,20746.05854361946,1129.9932813785128,0,60146,22,BENIGN
5059767,88,44,85803.05453872767,1207.8463265250186,0,3950,22,BENIGN
8090836,85,91,19022.66964164131,574.068250619007,6,31001,21,BENIGN
2985796,52,95,99705.92001972269,251.2339281931526,0,6263,8080,Bot
2,1,0,28230.312001139966,265.53720350276683,0,64574,21,PortScan
8826333,49,10,8433.271486953498,1478.466538733355,6,62125,8080,BENIGN
3301206,285,51,69094.18940168581,88.95130446386051,17,6686,21,DDoS
1372170,47,24,60964.27925841737,686.0702063033643,6,39654,3389,BENIGN
2593826,72,30,99982.21653614567,400.877687964521,6,12456,443,BENIGN
6721408,7,84,80208.57443719752,47.986981662153454,6,18059,80,BENIGN
96,1,0,42883.65331332391,1012.2865080545295,17,10512,3389,PortScan
5670806,94,66,67661.14481630836,1436.2361930874388,6,32401,8080,Bot
4450352,77,75,81784.9453603352,178.1279474456871,6,11969,8080,BENIGN
9958765,62,39,51372.65254432951,1136.6470458315835,17,46448,3389,BENIGN
9249777,87,45,27287.14507352116,246.79059314468887,6,1495,8080,Bot
9245334,29,53,21010.564228636962,1192.3156703362238,6,58203,8080,BENIGN
8494730,38,40,29528.14366136144,568.447810746289,6,38643,3389,BENIGN
5655735,687,88,84806.87816698052,47.300717785892516,17,51494,443,DDoS
4975145,33,80,38043.23724887353,1390.8979584229792,6,63561,80,BENIGN
470629,29,37,28666.415856631746,937.8060084847488,17,38766,6667,Bot
161545,79,99,80588.7227795081,1382.6345559428962,17,30624,3389,BENIGN
3834342,23,35,3192.0341774543504,367.83607640729895,0,42967,21,BENIGN
56,1,0,59395.82709303421,1467.6380379596394,6,49610,22,PortScan
81,1,0,87363.18031862717,1311.815146521458,6,22151,443,PortScan
5337455,45,56,41008.37490556074,179.208534528611,0,20058,6667,Bot
8899078,8,65,26931.816135928442,632.0388217127638,0,4633,8080,BENIGN
6981540,86,80,49170.90694359564,1392.0036955889848,6,27211,8080,BENIGN
3999794,29,29,71747.71676920794,135.61073994095995,6,11810,3389,BENIGN
3308605,639,9,51660.556303519945,52.09712717231446,0,41784,3389,DDoS
8201528,143,98,763.899462577311,61.54345294758099,6,33998,80,DDoS
209044,932,60,7832.455610801592,33.37599857958204,6,38676,21,DDoS
5186786,20,62,72132.84230897014,1134.1897378809833,6,37028,8080,BENIGN
7576572,748,35,39995.13348754986,57.65291155461409,0,50299,80,DDoS
1361403,85,53,78477.5831270235,389.07028851689944,0,47837,22,BENIGN
4201865,37,96,64948.9914105909,872.4389314358427,17,7044,22,BENIGN
7964543,72,64,58151.58343218788,825.6102006258002,17,21776,6667,Bot
2894200,27,81,90137.51683784112,1313.4301435758725,6,49533,21,BENIGN
4666905,47,3,2132.207348071269,1020.4843448945106,6,58841,80,BENIGN
1197262,99,54,15503.43613978017,644.3592260409017,17,17761,8080,Bot
1046261,6,53,62437.59554919758,982.2048497186942,17,35936,80,BENIGN
6674951,60,90,6582.804655009544,1130.2190920518437,17,48209,21,BENIGN
4688582,461,88,64497.048506069135,54.88654353842137,6,42520,22,DDoS
8348122,44,63,98412.10770252677,1062.3071536354407,6,49512,8080,BENIGN
12,1,0,87880.80989945338,824.931086228703,17,2108,22,PortScan
1897601,18,21,59091.69240254285,572.0105227506116,0,2141,3389,BENIGN
4754719,65,24,89397.66743059622,1339.3957757783123,17,33572,8080,Bot
12,1,0,11626.815126626521,1192.9290592715108,0,45011,443,PortScan
85,1,0,45469.41649255641,134.22827548669113,0,32108,21,PortScan
9061926,212,56,42867.61158120757,35.79155800133023,6,18369,22,DDoS
3885350,260,53,33644.758699299106,86.64180150381532,0,18165,22,DDoS
8991999,29,43,20.139813431041542,173.3930114512633,0,25228,21,BENIGN
4902159,95,51,89102.90186112521,856.1421083984106,17,28536,21,BENIGN
6608012,44,75,77770.66101527949,304.9087810565794,17,35580,6667,Bot
5573794,856,15,65285.751559978875,54.48270093766696,0,35111,22,DDoS
5228666,717,15,12896.684385163404,44.48527284147845,17,34473,3389,DDoS
719507,108,80,37820.51336915041,30.42993892817541,17,59219,80,DDoS
2538243,25,54,92432.69973678312,141.31992005091365,17,29509,6667,Bot
338013,31,60,61692.96050695467,746.3832048755773,17,39882,8080,Bot
72,1,0,60341.0536526025,315.4594656591443,0,50925,3389,PortScan
3887108,84,78,91312.65747570347,1285.5891982976498,0,9112,22,BENIGN
6725375,74,76,55983.37248996377,24.441635301282474,0,46249,80,BENIGN
3615752,37,39,59762.32485569792,1268.5854086143106,0,49033,21,Infiltration
5193834,27,90,34571.56944762173,791.2167606417311,0,59230,8080,BENIGN
8457511,13,20,37144.092923237156,1384.7754056498707,6,3370,21,BENIGN
7772680,825,65,68560.68624141526,27.17982354962264,17,50883,443,DDoS
807844,417,7,32043.521663131203,96.81815147120102,6,54143,21,DDoS
9137444,85,70,55910.79205878501,944.9381496570635,0,30552,8080,BENIGN
5720722,97,9,27919.66911565796,1065.956581216107,17,3739,22,BENIGN
9088247,424,56,16612.523795444533,99.61227504456006,0,26519,80,DDoS
8634112,217,3,45440.245893870146,91.83403070425543,6,47714,21,DDoS
6933805,98,42,21744.60124141072,622.3044384413187,0,44840,3389,BENIGN
5545503,485,99,89849.43050815408,56.69051457123587,17,26940,80,DDoS
17397,9,98,30361.29658270329,534.255069240302,0,8059,443,BENIGN
788543,2,62,59740.20955393211,769.9965987232281,0,8836,3389,BENIGN
3266062,56,42,26344.184054520392,1059.4659073531009,17,25440,3389,Infiltration
6010434,30,66,25801.92627247665,1445.5734237659988,6,43658,80,BENIGN
9615854,22,81,35063.60814784079,233.11976969433425,6,9479,443,BENIGN
5752713,75,50,91587.45673209491,1026.2511512564802,17,62100,443,BENIGN
1333672,81,55,39149.77382852666,365.1529486840975,17,1503,3389,BENIGN
5637125,13,42,82126.64694241445,346.6429615593592,6,30655,21,Infiltration
8072979,71,23,19729.807453843296,957.6600380249249,17,63748,3389,BENIGN
9004571,16,95,4816.954313643107,1168.4792916182337,6,47649,3389,BENIGN
4701769,97,33,78167.79213014415,1467.124822765807,0,40456,8080,Bot
3765156,45,58,54187.48974571014,1157.8695991665998,6,44837,8080,BENIGN
3325415,65,1,50372.581302692146,252.82615298036305,17,57386,8080,Bot
5217192,11,1,27220.58492494136,353.59593136389947,0,51295,443,BENIGN
8264705,70,9,7231.701485935182,1146.8567484836888,17,10633,443,BENIGN
828891,20,22,48286.0036332846,799.942097627469,6,22027,443,Infiltration
3820987,99,14,86722.63587993717,457.203859830429,0,29026,22,BENIGN
6652446,63,75,12002.201370348586,718.2392045630893,6,63462,6667,Bot
2846374,305,16,92917.08793471723,84.63326078496688,0,58769,80,DDoS
5988199,12,81,27472.90802416147,1138.287064155522,17,2518,80,BENIGN
7069437,62,13,53218.629282866226,687.0326598257816,6,3723,443,BENIGN
7872017,815,80,6650.839546658182,86.74257588729671,0,49438,80,DDoS
5446179,92,78,42504.65938026457,1196.4144472464698,0,4874,6667,Bot
376894,91,75,12589.788640716348,28.688948356785655,0,37729,22,BENIGN
3878550,42,15,4797.378607720748,186.30353496334507,6,56602,6667,Bot
3033449,128,31,96655.76934276498,43.984736851246566,17,38420,80,DDoS
9910174,69,22,73009.45354641326,537.9321770990497,17,16255,8080,BENIGN
6407154,58,33,71905.77210136608,1222.5869704775223,0,58313,443,BENIGN
782977,5,97,9054.968948375208,1345.6167713303055,17,32012,80,BENIGN
4902925,27,15,92935.0524487742,376.16322347936534,6,7929,6667,Bot
22,1,0,46946.85150098856,1149.663011890211,17,33324,3389,PortScan
6299592,307,70,85228.4068057431,66.88232401351121,17,29358,8080,DDoS
5799046,91,32,1260.1101113770774,600.1112199630886,6,4172,21,BENIGN
7236794,403,67,29820.648133750692,96.5457613407021,6,58088,21,DDoS
5928743,684,42,99604.71221264657,42.40542401594716,17,31551,3389,DDoS
9724800,1,63,42783.80426953991,960.2203939692215,17,9925,6667,Bot
6049950,92,70,88849.35388643546,112.13600297740311,17,61794,6667,Bot
850450,918,17,32799.83483710397,73.03090993588647,0,47358,8080,DDoS
8556355,899,67,52532.91322682063,73.00329001179601,6,23195,3389,DDoS
2333779,984,60,85421.90659259605,56.21365214708359,0,35731,3389,DDoS
435577,81,74,60582.05602039354,348.5763550490802,0,42963,80,BENIGN
7736584,26,19,72519.23426447116,929.4239675911085,0,58792,6667,Bot
5652044,472,10,22883.32042195641,59.22630842021903,0,6147,21,DDoS
4327408,25,78,15589.043745513942,201.897797036436,17,21587,8080,BENIGN
1581520,77,45,23030.6443409656,298.8488671176646,6,15573,80,BENIGN
786361,541,63,49304.86462870568,56.510600983204455,17,1815,80,DDoS
3494808,89,80,80096.47647678183,69.63022970484263,6,48107,443,BENIGN
6952414,72,97,35399.38504762663,1099.7743027216231,0,54928,443,BENIGN
3079142,69,75,56481.578199197116,103.63122855056602,6,44932,80,BENIGN
6665869,6,27,80481.2460978238,895.9487132065401,6,21560,3389,BENIGN
74,1,0,23877.646609264193,1164.8665386018129,6,63641,3389,PortScan
8514768,503,34,88297.57349198095,61.68615384119729,6,19043,3389,DDoS
5968733,78,7,95308.23122223833,310.0014824068491,17,29383,8080,BENIGN
6898146,54,90,3897.0135799321624,447.98362803745255,0,10184,22,BENIGN
3077199,87,21,5911.11100847872,1055.4276470386,17,38288,22,BENIGN
2844280,11,23,9095.97187462169,397.1433481762533,0,34743,443,BENIGN
6758799,31,65,77676.84085096447,762.619592863373,17,49671,21,BENIGN
7984039,951,94,18933.69451789777,31.902223679612412,17,7103,22,DDoS
5066212,607,85,72569.5986465907,83.57976895960098,17,49092,21,DDoS
4093986,728,63,44127.606987188636,72.88600902247381,6,50697,21,DDoS
8950768,342,64,83625.50093714026,97.90578186329911,6,56241,3389,DDoS
5301458,66,13,80855.54128042613,1226.8264737106715,6,47739,6667,Bot
1506245,53,24,95966.2561382447,1407.4051598192846,6,19382,6667,Bot
2648302,99,99,25103.785047641104,306.45068343095693,17,7437,80,Infiltration
1193031,36,99,22923.916277203214,1143.960463600249,17,2906,6667,Bot
4889184,17,2,3150.7975288599278,483.9306603203201,0,64026,6667,Bot
7133556,333,4,41041.60954265289,39.651455125848955,6,46596,21,DDoS
871622,92,64,45906.31687554171,473.882559788847,6,65358,21,BENIGN
6049631,22,53,96451.38334294381,1296.2678366915877,6,64923,3389,Infiltration
9930955,7,18,83078.52941719731,533.7199663363216,6,33412,80,BENIGN
6890809,15,96,16679.171804992355,1276.2694331644313,6,22869,8080,Bot
2182006,96,53,79848.93626082008,1153.8910064651643,6,56459,8080,BENIGN
8990984,526,93,17829.928083575585,31.677459445942286,17,38889,22,DDoS
1500234,24,75,7776.506985777709,252.29055981760845,6,7431,3389,Infiltration
2604984,67,9,83708.27514567364,1173.8907094094238,6,38336,3389,BENIGN
1705343,471,97,97595.95818569281,47.404325268999344,17,41186,22,DDoS
4274792,70,15,8811.85445278041,1425.101890507069,0,4155,80,BENIGN
239879,66,45,81392.48762184821,1415.563431748913,17,12367,80,BENIGN
2975705,61,28,85921.26486431675,1046.3513333043122,6,22582,8080,BENIGN
5099254,78,14,11875.558426644217,760.8589027152294,17,37887,21,BENIGN
6289349,41,47,28325.347177194602,308.55161560189674,6,44637,6667,Bot
8152985,488,10,73366.0639013065,60.77931225188047,17,44458,21,DDoS
9176848,51,33,80773.02795825285,141.35697242338387,0,45608,22,BENIGN
6164114,44,35,35397.41220496652,568.1198896540759,6,58889,80,BENIGN
7499512,95,29,15992.939967952092,492.4448754744251,17,21729,3389,BENIGN
6216174,13,98,64834.44760092379,1438.4746672726978,17,7283,80,BENIGN
5334068,90,72,70196.86032434781,194.811571208554,17,47050,80,BENIGN
4588827,12,81,50360.785389502795,1337.4219950066863,6,6483,8080,BENIGN
8325132,82,18,14494.106764001557,695.5232554590341,17,39018,22,BENIGN
8979089,567,67,84448.6744322612,36.40076435474465,6,23046,80,DDoS
3684009,85,69,64526.595906651666,1098.7222016673106,6,56852,3389,BENIGN
1539700,819,32,86916.42488308353,56.84808248575295,0,41723,8080,DDoS
7465206,49,95,93296.90744900826,370.76603586909766,0,56650,21,BENIGN
5083901,53,79,80569.78554380688,1203.5986757387477,17,13412,6667,Bot
2227603,758,74,95865.74145163348,71.40905981714955,6,47318,8080,DDoS
3070871,40,21,95425.77457458638,501.6956639949661,17,22059,443,BENIGN
1143747,24,35,61934.4555390336,554.2774689604723,6,25822,21,Infiltration
7156506,98,22,72817.41018955056,891.4278018468276,6,22737,443,BENIGN
1417053,72,62,69940.85353068686,1189.101279233033,17,16727,3389,BENIGN
2694345,33,25,62113.61950221567,361.6006662464909,6,27349,22,BENIGN
421380,23,59,1935.5175830852222,324.55872068640275,17,8996,8080,BENIGN
909345,77,94,35590.66820856361,348.41583856357175,6,61166,8080,BENIGN
84,1,0,10007.831371148035,584.7855738428403,17,52651,8080,PortScan
1230846,53,4,30025.911013217767,811.9526806137948,17,20544,8080,BENIGN
3289891,49,53,6856.480692609745,39.89853260309355,0,12541,6667,Bot
592732,78,37,92003.14966513318,1174.8404263661046,0,26481,22,Infiltration
9860886,78,61,45132.99156559526,1391.5399532550189,6,24069,443,BENIGN
1162289,80,24,18936.44476753854,1268.408945408163,17,36133,8080,BENIGN
5730485,49,97,58477.92310639519,75.0330773652251,17,1244,22,Infiltration
8803007,943,11,19645.09333726201,24.493703610032192,17,56746,21,DDoS
62,1,0,80444.03217904262,1224.7601247278058,17,52536,443,PortScan
6713170,90,8,30591.910974025104,529.2894134963225,17,39626,80,BENIGN
8168426,65,83,31490.063286493074,1347.6153193164948,6,39375,8080,Bot
5393555,32,28,86995.09439164192,1332.5819241372728,0,13893,21,BENIGN
125538,692,43,55920.288465023485,80.64238905477345,17,37440,8080,DDoS
64,1,0,88730.210575551,750.5735397919619,17,1275,8080,PortScan
7086004,18,26,41288.80298653581,57.98787445712291,17,40630,21,BENIGN
6699844,94,54,34392.76965520779,437.15221951221986,6,6255,443,BENIGN
9024427,60,80,50620.29972661082,1221.5718002692176,0,35579,22,BENIGN
2801545,13,4,6149.167120290955,1463.208096406131,0,49442,8080,Bot
9196966,24,51,15420.07712093212,1371.7184194833956,17,1303,443,BENIGN
6839889,30,12,21952.163572631733,83.0189473057746,6,54565,8080,Bot
8570656,2,41,81667.72826864618,1391.5611771752322,0,39426,443,BENIGN
28,1,0,73379.87569107609,1237.51930172992,0,46258,22,PortScan
3769557,25,78,19330.727878394362,1304.1997247910876,6,60604,21,BENIGN
1206851,50,17,27674.75643735259,1373.9436274228167,0,7335,443,BENIGN
953792,14,49,94426.18634671276,742.5062779699809,6,52277,8080,BENIGN
217870,6,1,8580.296222602412,332.60307476544426,0,4673,3389,BENIGN
4100006,76,86,54745.50981480601,51.11564857191702,6,60018,443,BENIGN
4837017,197,12,52200.6992014499,95.17690245304236,17,44347,3389,DDoS
6969229,87,67,72570.78171576891,970.9169057796282,0,64782,3389,Infiltration
5910284,30,46,26143.537635350254,519.1745321697417,0,40661,3389,BENIGN
6082299,510,88,93477.2650797905,41.45985719385723,0,49581,21,DDoS
5301633,38,74,41058.288162869496,214.37606207258034,6,39533,21,BENIGN
1790108,396,49,28571.960723420485,82.09778973215825,0,44214,3389,DDoS
1826625,94,11,33686.94168458648,212.31563939280153,0,28931,8080,BENIGN
4513170,41,12,34872.234880028554,678.3133885450326,6,33815,21,BENIGN
9727238,94,8,19892.84136652799,676.1632289961791,0,63314,8080,Bot
7417974,479,58,92805.39198077607,53.434740898680026,0,24669,3389,DDoS
6151637,36,44,17487.518460933417,1008.3410014118857,6,42239,80,BENIGN
4467051,64,69,88283.26343393693,816.5516475578098,6,59605,21,BENIGN
1478868,573,42,40492.92199404274,73.1546129518388,6,54118,443,DDoS
7089578,16,73,26927.64835107516,1230.7655607722686,0,45551,8080,Bot
9953921,853,22,19850.89528386613,79.44128560641023,17,34855,443,DDoS
5124774,78,78,50434.23299082701,1294.4232784814324,6,59162,21,BENIGN
8326535,901,44,66925.85429895663,43.597891943282406,0,43470,3389,DDoS
9076860,72,22,89822.10304604813,1243.7562275565697,17,19891,80,BENIGN
403080,120,33,65244.658371013444,82.9918076317281,17,25124,443,DDoS
9427044,31,15,48366.24902727701,260.5850109715654,6,22517,22,BENIGN
9557640,781,62,3347.606457822616,28.408906819341695,6,15051,3389,DDoS
7557360,68,50,91542.69056756196,404.56476632302406,6,30600,6667,Bot
6932767,65,31,90236.92429824398,97.22868698441266,6,2258,8080,BENIGN
9837795,55,37,37871.69673208249,433.6156178183569,6,62353,80,BENIGN
2531628,84,55,2903.46626756125,714.3099012823856,0,64634,6667,Bot
2108642,78,68,73336.95515076038,186.84860434146898,0,28454,443,BENIGN
6922596,40,16,79168.08768571322,1417.6139261382154,6,41418,8080,Bot
9326343,25,85,54246.58295553471,991.0297481629659,0,43978,6667,Bot
3502726,25,38,40287.49852628207,221.78428215140744,6,11549,443,BENIGN
1386789,3,40,85113.2837802999,1221.8550171686818,6,33043,22,BENIGN
89,1,0,19251.64166867568,1393.570677804905,17,3315,8080,PortScan
28,1,0,43955.81892158208,408.92042532206625,6,26361,3389,PortScan
5553635,40,27,2448.611071869067,232.01408101716143,17,21646,8080,BENIGN
3678721,38,76,16401.052797748616,497.2637445029913,0,51960,8080,Bot
4556866,38,49,94083.12346780108,1251.7282234502186,6,25919,80,BENIGN
6227118,204,0,57808.32503647575,98.93798782065765,17,47478,22,DDoS
5000646,7,49,80559.23295278185,1173.4329484818106,17,37784,8080,BENIGN
9686699,94,18,48650.04141027135,1080.0696274539532,0,21936,80,Infiltration
6971238,30,97,83482.70980085402,984.0227271828991,17,53826,6667,Bot
8607109,19,58,53895.05108413188,661.3098990359633,6,13433,8080,BENIGN
9373840,678,67,453.7713410985633,46.96199879690778,6,41194,443,DDoS
8548000,33,66,89969.90070308282,146.18180362454353,17,63257,6667,Bot
7545289,33,40,14856.611983591261,548.8865621871266,6,64940,6667,Bot
8852645,78,9,45055.47613077708,910.7258731599661,6,36571,443,BENIGN
2681306,38,27,47667.43288487246,1349.3496398963332,17,32893,8080,BENIGN
4,1,0,4723.6273689713835,1253.0243164765525,0,16133,443,PortScan
6643533,57,38,5307.038543924492,67.67928075527496,0,14061,6667,Bot
187871,28,82,76255.18094447067,225.51708483605574,6,53791,22,BENIGN
237299,78,55,30045.079005069485,1275.762207595094,17,56522,21,BENIGN
7290313,38,51,40962.81662398841,1410.1911802728498,6,3020,22,BENIGN
2857381,16,99,56411.25154652398,102.59708996839616,6,43280,8080,BENIGN
2274416,21,2,37338.610454734175,1057.8530548684541,17,12461,3389,BENIGN
9971922,92,22,77503.7426543194,561.2850094070556,0,65332,443,BENIGN
751618,97,16,88446.46536191675,559.1495662632484,6,27885,6667,Bot
8227423,6,70,5971.788411985824,971.1504049380678,0,58211,8080,BENIGN
513413,41,25,63540.33839046087,1219.1198101167308,6,56285,3389,BENIGN
2332314,15,17,31766.00074571484,426.75957530293823,17,15821,22,BENIGN
5081920,3,45,58327.527841679235,1063.9244292194724,17,50285,6667,Bot
5266762,199,69,48390.731813229846,37.90422122219972,0,1435,21,DDoS
9042932,576,30,33367.85210122822,31.09232365541544,6,17478,443,DDoS
2250497,99,92,9481.564633064243,911.5901082468221,17,21135,6667,Bot
8291960,848,8,55943.99115028976,84.97457002658982,6,1741,3389,DDoS
8843126,66,34,11279.256642678038,26.01757632254284,6,22884,21,BENIGN
7726460,29,80,15612.00881766951,834.6490787046808,0,60838,80,BENIGN
7846713,4,59,98217.525493091,795.6805278547816,6,11504,3389,BENIGN
1472642,26,75,31670.51903470788,125.57610388448596,6,12890,80,BENIGN
8333748,12,62,58443.61896214709,748.1989634021355,0,24221,22,BENIGN
4473114,2,99,27223.194201906397,1141.1425870401124,17,50894,6667,Bot
45,1,0,86550.94386061469,820.9796171423571,6,41528,443,PortScan
3529901,35,47,28334.01908733505,786.0691503217535,6,25143,22,BENIGN
4808263,10,60,36688.51516374889,1082.5045118101411,17,32422,6667,Bot
6284951,86,23,60838.7577810033,274.3294262906044,0,58494,21,BENIGN
1598199,43,73,86998.67076445866,697.0711875801741,17,58793,8080,Bot
9600277,21,57,81621.41545310133,239.1108578171152,6,16913,3389,BENIGN
1195985,15,63,26385.988555696327,795.2836394382552,6,57418,8080,BENIGN
9544791,35,29,82955.49574955342,896.0733200535986,0,19733,22,BENIGN
3898290,863,28,70119.53153909631,66.87122986800534,0,28141,22,DDoS
7386233,85,9,98982.84904110161,131.76249313110605,17,36227,22,BENIGN
3388545,85,38,93544.76679862513,266.76574445147713,0,20226,443,BENIGN
90,1,0,53313.67220453773,887.7796825056396,17,48060,22,PortScan
9667888,44,27,74992.86191925412,300.6363585729165,17,17943,8080,Bot
8197690,96,17,57017.97019872283,427.36009875219,6,61901,3389,BENIGN
8182635,5,40,59499.54421149723,1059.7680003554647,17,56627,21,BENIGN
8066613,73,80,10150.082997777876,387.55034400460084,17,41538,6667,Bot
2584282,18,74,224.57084776552617,608.3399443942423,0,32890,80,BENIGN
4363189,21,64,4818.637447488727,1394.6911323563506,0,11550,6667,Bot
2798021,72,80,96663.06678944243,1240.994984814446,6,38964,8080,Bot
8657868,98,99,12626.822792298919,398.0989302340791,6,44476,3389,BENIGN
442004,74,99,4438.970417518606,904.4121860746859,6,59512,8080,Infiltration
5070514,182,45,30964.4209707165,96.13362376363571,17,43705,80,DDoS
5092892,41,59,58817.99399545282,1352.3574344020694,0,53666,8080,Bot
578626,24,8,94846.06443029328,830.2516288233531,17,37662,21,BENIGN
6612308,24,44,69988.7578551487,850.7045788225062,6,17336,8080,Bot
7587776,632,59,27635.29689001668,71.81427123724953,0,51955,80,DDoS
837493,97,27,93905.80182371484,100.48499766845488,17,20555,21,BENIGN
5134644,38,96,3604.107526520084,949.6491573148041,0,34697,8080,Bot
814522,44,2,97905.40072667928,636.6408255871326,17,3155,21,BENIGN
5305531,57,50,5864.070082644901,1366.449809794208,6,30609,443,BENIGN
13,1,0,75384.99730571659,1441.5996019410352,17,12139,80,PortScan
2263529,34,69,4529.7539173452915,271.96595105450467,17,43831,80,BENIGN
3135912,75,58,93156.14423685071,436.5733365146994,6,40739,21,BENIGN
2938787,95,60,10866.589673113913,424.7176960888326,6,42290,3389,BENIGN
5153535,82,57,5047.901302713509,168.92888834734714,17,37308,21,BENIGN
1416942,23,69,88926.51548249475,734.7569800975223,17,45714,8080,BENIGN
3689124,86,92,9579.3883917625,779.3604878796978,17,21840,8080,BENIGN
4396750,43,11,79793.12907800835,868.0078242961404,6,7015,8080,Bot
3702518,815,8,74703.46404560079,47.2474387774749,6,33148,8080,DDoS
3641871,40,48,59887.80384883663,113.117829647819,6,33674,21,BENIGN
6428199,570,82,37796.27202193066,86.91300272068486,0,9732,22,DDoS
4079541,41,16,91558.05496329891,1372.437746497598,0,17508,8080,BENIGN
5356530,47,53,87108.12558681244,693.3866488944473,6,7084,21,BENIGN
6775702,20,43,42624.71109564929,177.93441611034984,0,35939,22,Infiltration
960752,77,31,23172.49563146482,147.1971595580758,0,52396,8080,BENIGN
2188470,65,34,27257.16694184145,436.9933491081385,17,47535,80,BENIGN
9937193,68,77,22032.35773625539,1133.7364469200645,17,63595,21,BENIGN
9956051,24,48,54125.19627605441,406.2794898700341,17,12045,80,Infiltration
6986045,36,53,86853.88285702976,1225.2097502057334,0,11124,3389,BENIGN
9144320,45,15,77361.19671981703,1233.0955375096269,0,1051,8080,BENIGN
3994628,2,84,79551.0459945439,696.5255202869321,17,55028,6667,Bot
2076575,28,11,44828.84916996454,465.1674874978822,17,4360,22,BENIGN
2142012,26,87,32244.48317983801,904.547386009373,6,19770,21,BENIGN
3144411,23,97,75735.57707050526,1219.5846204560794,0,5157,22,BENIGN
285722,79,7,79329.82758544876,115.56478104124875,17,21084,80,BENIGN
1962989,36,20,69535.37064807057,1431.0668441233715,17,12440,21,BENIGN
1396536,91,47,3210.712254226844,975.9324069135765,17,36167,6667,Bot
9056248,6,7,58968.46880684838,609.2586793323534,0,1071,80,BENIGN
2195790,35,27,34704.58292478846,768.9084685941764,17,40850,80,BENIGN
9976944,38,79,19619.274902656747,590.6768952297493,17,12929,8080,Bot
5170180,35,9,69439.52633422986,630.6643231115714,17,9221,3389,BENIGN
4705915,74,51,26852.613568607787,901.5125840463386,17,39325,8080,BENIGN
2982510,94,14,91284.11589558556,109.15593534861215,17,9985,8080,Bot
6674292,53,3,29807.907376319487,279.558144977744,6,8626,80,Infiltration
1404455,38,89,55518.05996436435,356.018563309218,17,2386,80,BENIGN
5056193,786,78,82776.21636516336,42.498803298945205,6,53516,443,DDoS
2464822,767,99,40211.83380273833,43.267254830427746,0,50992,22,DDoS
83,1,0,82865.7959241027,1088.8627483093253,0,13044,80,PortScan
5630861,4,61,72369.63974686625,403.58546568683795,0,1031,8080,Bot
2901192,5,3,92086.59530831546,104.46675773843909,0,5896,443,BENIGN
9911242,68,40,32583.45625897654,102.05452430530192,0,63126,22,BENIGN
1723007,802,72,10502.806478013226,22.262407148430388,17,19940,21,DDoS
2870674,80,98,43034.949793042746,76.2784896782197,17,52935,8080,BENIGN
6882899,25,54,78581.34691891381,1290.8177986266764,0,34120,22,BENIGN
7952117,78,27,45043.51133900551,1051.919518314025,17,47503,8080,Bot
98,1,0,26198.793019307064,1493.9781255291023,6,62863,443,PortScan
6527025,29,8,2760.317757301478,50.062837620125755,6,22283,443,BENIGN
5366086,34,1,31302.380295582734,1276.5222955914726,17,33496,21,BENIGN
6759391,86,66,71338.1111163138,1050.1633673140404,0,60280,443,BENIGN
8343628,14,47,14761.375622673655,967.7067985852095,0,14730,80,BENIGN
5532488,24,68,34087.93803072381,547.6675459163922,6,19793,22,BENIGN
8020464,922,73,2023.1461705112251,40.16181513016504,17,54156,21,DDoS
80,1,0,72175.50032259912,1271.4305619552501,6,3490,8080,PortScan
4,1,0,88068.30470511752,1075.9561398267101,17,6353,8080,PortScan
4537971,43,13,56852.83176880342,1012.0685389214203,0,33130,80,BENIGN
291564,36,45,2587.2105892631002,65.36100610567041,6,61405,21,BENIGN
61,1,0,21762.531254953312,292.7930607452918,17,51370,21,PortScan
118681,623,12,43846.91352949281,40.91473746435139,0,50276,80,DDoS
5370907,997,15,58758.12205614855,43.80172060791728,17,3485,3389,DDoS
3852356,59,93,49627.63424704711,1176.4619807318722,0,56891,21,BENIGN
8727248,96,39,91586.60464112714,596.2013348091866,17,1346,8080,Bot
501690,897,71,93863.63164015053,49.490287948205136,6,62492,443,DDoS
9807120,98,80,10715.246253916555,196.43460079615636,17,25240,80,BENIGN
3360592,56,29,13839.087820733865,82.34946904840048,6,53825,6667,Bot
872428,367,80,35805.491223239806,66.13391862561056,6,5870,443,DDoS
4809579,842,98,42123.488190059456,37.311281610521235,6,45060,22,DDoS
3110791,27,64,58606.669266112556,499.07879913353315,0,23163,80,BENIGN
1358197,71,57,77315.97497876566,1079.686849410072,6,34398,443,BENIGN
8313257,266,87,13576.770556174255,70.94088136384728,6,26116,22,DDoS
1294415,89,47,80263.96960775404,1393.908934364295,6,43092,22,BENIGN
84,1,0,61002.831347531406,145.78596587073878,0,5359,3389,PortScan
2575608,373,88,98088.44607950017,30.665204745817878,17,14384,443,DDoS
9747019,989,1,65116.76780825323,94.47287183611917,0,31769,3389,DDoS
4510884,25,88,71609.15047407176,1010.2785565549652,0,51014,443,BENIGN
9678175,86,13,19520.88664021695,1013.2550664346765,17,64925,21,BENIGN
164174,18,96,76886.19553590362,60.78172897553386,17,34913,22,BENIGN
2570566,12,16,7926.617768317367,1407.7593337231253,6,47515,8080,BENIGN
9179353,87,30,65653.04361881861,1162.3010827770897,6,54141,21,BENIGN
3287193,51,9,5557.290884870136,1151.1859303533938,17,37133,21,BENIGN
1017581,39,69,11522.58213095968,1369.6558691936245,17,32017,22,BENIGN
3594904,89,88,10786.627431659079,875.6666858136551,0,51512,22,BENIGN
8451215,10,36,5248.40648225563,604.1062580344333,0,35051,22,BENIGN
9494418,94,63,32113.891694589634,731.4051695065408,0,61648,80,BENIGN
2338477,74,29,99435.24579025361,1170.3162409093907,17,24600,443,BENIGN
26,1,0,34822.53684615363,1157.7203741205008,6,60229,3389,PortScan
3919049,77,17,76077.59133385497,922.1881997130484,0,50820,443,BENIGN
6047611,54,87,13231.701585710054,342.7589327404317,0,11444,443,BENIGN
9998181,29,62,45449.10802654547,1231.948455193612,17,1620,22,BENIGN
738054,41,48,18511.58355648922,977.917520951091,0,7413,21,BENIGN
2908156,9,55,19209.717009320404,347.46779092446565,17,33318,22,BENIGN
7840230,63,90,9969.003657403797,731.353785640859,6,52986,8080,Bot
8358098,77,57,43204.41530279321,1495.8653695068297,0,5560,21,Infiltration
9095881,37,26,7553.492074866941,506.0021618389871,0,24177,8080,BENIGN
5934361,348,54,90981.1356355661,22.08881883890448,0,17875,3389,DDoS
94,1,0,44790.032157195434,52.06777743256861,17,10180,80,PortScan
9068155,72,18,83856.61414378813,293.2558885974358,17,43621,8080,BENIGN
9450112,39,22,97946.44497055122,296.7101329742951,6,32742,22,BENIGN
7563593,40,46,67777.91788202396,1289.9412984021471,17,52962,443,BENIGN
2535332,481,78,90151.07571341733,92.65583112278398,0,44797,443,DDoS
7704794,3,65,13536.752050300238,1296.7233939800772,0,58594,21,BENIGN
2379007,55,98,82999.36458624358,148.3404324958466,17,20216,22,BENIGN
6990707,891,50,27121.733320997588,63.77602077177511,6,59672,21,DDoS
4532788,96,83,47259.80388421609,399.40318284357943,17,55965,6667,Bot
7579851,71,27,64658.26490943323,925.0171317455006,17,26113,80,BENIGN
7133231,19,56,90354.35925352138,256.3962334726417,0,34003,21,BENIGN
2363262,34,57,91099.38009297418,597.2823348769375,0,16419,6667,Bot
4882009,78,14,9210.237714184499,146.93635093150522,0,32292,8080,Bot
5680920,50,15,36455.54888210584,877.7017423001267,17,34561,443,BENIGN
9303821,47,96,79317.52066842167,531.8986800617181,17,61679,80,BENIGN
2692894,46,46,70315.68892322254,1281.1821237459965,6,24939,22,BENIGN
2345804,56,62,2635.244502082801,289.0883878828571,0,58798,3389,Infiltration
8812040,57,11,44988.940505694976,434.3823353435414,6,49242,8080,BENIGN
8220138,83,42,82925.30951236177,282.3369225183944,0,47711,80,BENIGN
8278083,51,83,73768.44373337728,854.4577147493246,6,4282,3389,BENIGN
6,1,0,41184.97923323227,185.385831968481,0,17667,8080,PortScan
1459800,90,48,73516.11223467554,300.2483677860652,17,35546,8080,Bot
8418044,81,2,55121.07091366065,1024.1651162941776,0,44381,80,BENIGN
77,1,0,91262.89980682865,130.13349927319143,6,63170,21,PortScan
56,1,0,58712.71744005437,1119.8822346998297,6,1069,8080,PortScan
1887063,27,65,40073.41787943681,174.41356384493218,0,34668,3389,BENIGN
5304220,48,86,86292.06245682343,886.5233641840302,17,25562,8080,BENIGN
81,1,0,4986.88423066409,1496.7579942627638,0,36709,80,PortScan
1448047,97,25,90051.06436374768,277.3615020477209,17,35747,22,BENIGN
5813875,51,70,69634.68144977854,406.4077516261453,0,59968,22,BENIGN
7242547,751,73,94060.58604240778,76.80362761969658,17,3298,8080,DDoS
8278599,29,68,25050.486912695837,946.9040710663223,0,8759,6667,Bot
6472752,43,46,69492.13646398613,748.94632223038,0,2763,21,BENIGN
6606570,69,75,80946.32669059945,852.8035439596538,17,23074,22,BENIGN
1498439,437,95,70210.25797858767,43.867418471072014,17,53366,21,DDoS
676396,58,41,21033.370228926506,1285.8762372888318,0,16337,80,BENIGN
27,1,0,27558.95680728436,1122.9981570496225,6,14573,80,PortScan
528814,42,21,56674.23484526737,970.8503198541948,17,14436,8080,BENIGN
7035755,76,16,44675.06026907695,1398.9790453761593,6,32534,3389,BENIGN
8368452,42,83,73511.71884165282,875.6040736031597,6,31456,443,BENIGN
2911290,13,19,37867.66914663204,777.5781206470688,6,17741,22,BENIGN
8941147,26,7,85948.05218597225,1464.026235454332,6,2554,22,BENIGN
4142635,18,97,43192.04050367502,324.90088763425223,0,1579,443,BENIGN
273552,42,48,4004.1280714792406,230.11289633260282,17,27648,6667,Bot
9167591,51,86,1736.4075884945707,260.17864690999954,0,26330,80,BENIGN
4371147,84,37,64674.25860845477,1484.37417186397,0,54999,80,BENIGN
7184972,16,52,54055.31182818258,985.3315612485876,0,21441,22,BENIGN
2190021,3,27,54274.46433562887,472.7658651846395,0,18571,22,BENIGN
7427397,91,76,79000.90160284455,388.48715043704624,0,7052,21,BENIGN
3198256,79,28,37572.02346397196,103.82511333419433,17,47002,21,BENIGN
5801138,98,71,99544.69975949847,215.28204648193125,0,43283,22,BENIGN
4822239,45,10,94553.01006098522,1364.095420378444,0,62830,21,BENIGN
4954682,22,46,1296.176715782471,1126.0647698649927,0,46703,443,BENIGN
762471,23,44,89574.27681987562,1413.5084070659152,6,33522,80,BENIGN
3258045,59,17,68054.96503701071,647.1217859537089,0,52196,22,BENIGN
8279243,745,49,50209.03368160349,33.903902792358096,17,41477,443,DDoS
5661164,875,88,58274.74740940425,95.78357670772264,17,7047,443,DDoS
3769050,54,48,84185.73632643213,1324.4503868019735,17,24852,3389,BENIGN
143080,57,21,95103.73920730238,1487.2451930157636,6,37478,8080,BENIGN
6500885,156,44,56033.36247364424,55.28030541973736,17,52116,22,DDoS
257454,60,60,18129.144718858992,905.1226547182774,6,54572,8080,Infiltration
7863538,73,98,63975.39838222649,111.46692623856806,17,53247,443,BENIGN
5954175,404,92,7621.896838858067,58.44103210850167,6,63557,22,DDoS
7972468,85,20,63513.873683486774,163.63018386605154,17,8040,8080,BENIGN
2235983,55,70,80861.18025268735,225.4557809808348,0,37291,80,BENIGN
764365,80,60,35333.143648588695,303.19015331991983,17,59578,6667,Bot
6630940,63,75,7118.442425517368,557.9702631610404,17,54429,8080,BENIGN
5668989,56,35,69222.61284129063,895.8439958027333,17,41609,21,BENIGN
308717,55,23,33932.87501685791,513.6594377771323,0,10570,22,BENIGN
744848,242,31,24909.66518805516,98.85427234530647,6,28928,3389,DDoS
5087792,847,90,68918.1758943242,46.88550391858876,6,39817,21,DDoS
734375,49,95,96958.64689087949,937.2415450721447,0,41368,22,BENIGN
6214738,63,58,74532.23774257375,992.4070129487942,0,7631,6667,Bot
9686527,45,95,49135.00405593755,167.09741911392314,6,27730,8080,BENIGN
9422894,73,95,60051.07224241482,1181.973390869933,6,41545,6667,Bot
35,1,0,14227.890868578885,978.2401453397383,6,24430,22,PortScan
5439396,39,74,81321.32856828079,744.7995553364177,6,37901,443,BENIGN
6194324,97,81,60429.50106114189,838.2326137886881,6,63618,8080,BENIGN
8945426,618,4,96583.03979980173,28.01532816004018,0,37059,3389,DDoS
6024393,69,15,97948.3368289948,99.61355671704635,6,48807,8080,Bot
6193467,56,10,35458.669244040306,1108.0212021777077,6,57248,22,BENIGN
9985561,320,34,98854.59355126708,66.95313782904397,17,43219,80,DDoS
97,1,0,95683.35281025902,275.77930317549806,0,15566,21,PortScan
8741122,28,41,63983.196380513604,1027.4816635452635,0,6278,80,BENIGN
2964044,45,86,33346.442845915626,1048.6970969718413,6,5227,21,BENIGN
3948501,26,97,75334.0220747769,335.97329473102775,17,39682,21,BENIGN
125032,28,80,27123.723135613585,1198.812707632176,17,54902,8080,Bot
5234359,40,9,62984.38966745806,695.626994303902,6,44762,3389,BENIGN
8656791,15,81,2458.161379956403,287.30222651044517,17,13476,443,BENIGN
6850907,6,7,62858.27965441736,993.2776049032977,6,28508,22,BENIGN
6280857,27,25,95160.82847335617,903.1559075108343,0,23705,8080,BENIGN
6784772,38,2,23514.304270621968,272.2013622187133,17,21850,6667,Bot
3877909,68,58,77817.94867157775,1311.0763716709484,6,18456,3389,BENIGN
4876809,75,87,29342.35499156016,1284.7108124054305,6,19367,6667,Bot
9947134,85,2,70784.97487286414,1257.6419900269434,6,27178,80,BENIGN
2592416,64,37,69997.23698735255,610.8572312653898,0,53874,443,Infiltration
5895825,30,1,18473.77416904785,1240.4417066393835,17,42333,8080,BENIGN
8677928,82,98,59712.791042101984,1270.2970564044283,0,55851,8080,BENIGN
5438857,157,16,85916.89531131537,64.38460648156855,0,41683,3389,DDoS
9783993,3,72,38253.30694395612,1437.2548348969997,17,51654,443,BENIGN
2664849,62,35,71027.69513489126,586.6140558558023,0,51996,8080,Bot
6729026,12,85,67443.00352345465,313.34228974917596,6,65261,8080,Infiltration
3999553,91,94,25751.40018006037,452.8443414274361,17,48865,443,BENIGN
9795686,408,97,91864.35597857034,81.84834943298549,0,43225,80,DDoS
7246913,85,87,56351.208411627296,1212.0772981085258,17,21338,80,BENIGN
2922089,38,72,35529.26568055242,1090.0164024746205,0,55541,6667,Bot
984256,85,1,16435.83757024367,1185.8148830408145,6,48440,8080,BENIGN
3713643,304,84,47345.8352419769,96.40624764035019,0,10091,80,DDoS
9252367,38,33,73011.34379017001,385.4188735387704,17,12936,80,BENIGN
1204020,15,26,62364.026977098794,55.71191710332044,0,15125,8080,BENIGN
3108691,18,36,72705.25595527633,946.751760676666,6,56779,8080,Infiltration
747952,52,70,79176.0752300384,1196.6558490330258,6,16965,3389,BENIGN
9545326,29,21,44100.476648944,1335.9279312533222,6,27141,3389,BENIGN
5297090,60,67,52016.61840242924,724.8320673600576,0,55962,80,BENIGN
6928755,21,13,98642.21115808905,1392.9157517467368,17,15615,3389,Infiltration
9496518,17,97,96805.13958208656,319.5698512158907,0,29305,8080,Bot
9200991,18,22,41481.71247588591,781.2796222539057,0,53877,443,BENIGN
1821467,57,43,68517.95242064951,336.3762624073249,0,12754,8080,Bot
3372963,37,88,26759.01783278528,298.35175862723116,17,10035,80,BENIGN
2899133,60,64,15269.754563564842,1431.0144353634807,6,37701,21,Infiltration
1578415,38,78,76840.12226237336,1230.2562193205447,6,63993,6667,Bot
7427310,12,95,43617.99694180243,37.46384673307155,6,46000,3389,BENIGN
8298952,75,77,17705.280365001898,417.39923280491627,17,42192,22,BENIGN
6093173,84,60,75884.7923520547,323.6001715595099,0,2908,8080,Bot
1349690,73,84,91517.03597940234,237.75858661399698,0,5526,8080,Bot
5366745,1,54,93327.3500457737,1052.170395459671,0,52304,8080,BENIGN
5630005,58,70,59633.370846261954,858.9199903764908,17,29588,80,BENIGN
3045629,3,99,47964.11289748736,691.8231647101638,0,8521,21,BENIGN
5440207,63,84,14186.658616180559,300.45564649092506,17,9322,8080,BENIGN
7103360,21,49,79278.98042561032,430.87472329685176,6,11911,8080,BENIGN
7081630,23,11,94532.31521002897,547.0295525563973,6,11701,22,BENIGN
82,1,0,88946.04136173967,1182.5143750318105,17,28685,80,PortScan
2897806,83,14,75178.34544376707,1484.0003616888825,6,64030,443,BENIGN
58,1,0,456.8862590776046,292.2860409208793,17,30386,21,PortScan
84,1,0,40775.087460734074,525.453549962089,0,21437,80,PortScan
9487365,62,34,41071.41717018079,434.6982888860263,6,35217,6667,Bot
9314923,87,38,89436.82329597318,85.21974399656789,6,5629,8080,BENIGN
6507760,91,77,6565.071691904834,344.4439082632899,0,31150,443,BENIGN
1450091,91,54,53122.258388192655,1354.3886362095136,0,26717,22,Infiltration
63,1,0,13613.440392711718,1267.4301047311467,17,52305,443,PortScan
5354066,76,4,66229.39142659723,268.0440263698393,6,16051,443,Infiltration
6747841,27,29,79225.5488178181,561.9212586721097,0,31992,80,Infiltration
5168654,46,3,64195.92119716313,479.98852180250185,6,21464,3389,BENIGN
424628,34,14,79458.51410206259,238.65639592015157,6,1264,22,BENIGN
7990101,544,34,60749.62977318803,44.613950137834806,6,25764,8080,DDoS
9000889,92,73,18983.911047487643,844.8006853406242,6,18904,22,BENIGN
6450319,95,54,38266.351850237465,651.94717245279,17,47389,80,BENIGN
1650924,96,65,95686.88161972551,1286.1375256001666,0,28701,80,BENIGN
5265581,50,59,28817.491277800666,937.1727832191032,6,48995,3389,BENIGN
6702792,20,23,6286.238426335,403.72505019976154,0,60874,443,BENIGN
8527935,40,91,38482.99748955526,573.0830110558057,0,50479,3389,BENIGN
1773155,99,21,36630.71188441145,242.23196007903698,17,54950,80,BENIGN
5192959,95,43,47030.88157324178,895.2324442030425,17,30490,8080,Bot
9080845,58,31,56030.342208121256,888.2110501965092,6,51087,443,BENIGN
281954,323,94,99242.32665070894,77.74371580164313,6,38885,443,DDoS
6662414,751,82,75623.39421860171,54.76024582983914,17,39839,443,DDoS
5830495,86,50,3589.0764257710316,1258.6742095207228,0,12188,22,BENIGN
9049035,45,84,71271.23282065126,832.4494331582648,0,29619,443,BENIGN
1657253,41,2,82423.17484117585,984.9893199210161,17,52937,21,BENIGN
9873963,9,69,89563.07388843864,1167.8020770730516,6,34397,8080,Bot
7083710,9,31,42400.610290240125,155.69354981441498,6,32202,22,BENIGN
7842780,63,1,31362.556810584952,464.88488486322666,6,2062,8080,BENIGN
1806784,79,87,83932.4792723238,270.25311537311427,17,32043,3389,BENIGN
1809958,77,58,77761.54093585387,776.9721876322367,17,34198,8080,BENIGN
479183,22,90,53604.24499658257,1259.7485758162595,0,2095,443,Infiltration
9783024,16,72,11788.27844151522,361.45371508164175,17,25238,22,BENIGN
1901840,32,76,65176.13390681011,1101.7372320526767,6,54385,443,BENIGN
5648493,66,13,6566.756643287419,620.619514652003,0,56774,443,BENIGN
6284825,90,50,10036.680469016723,1356.5508525308958,6,47996,21,BENIGN
7753050,14,10,33114.023892523146,947.6485204529614,6,22029,80,BENIGN
6710014,38,77,37117.54968680624,1465.298448281582,0,23496,6667,Bot
7395973,98,79,46197.40388902801,383.59126807711596,6,46901,80,BENIGN
4585046,8,9,33914.29592187487,1387.4583997934176,0,21851,21,BENIGN
8343299,21,83,3378.8155434519294,548.4425316791204,6,63429,8080,Bot
4301500,56,79,15741.568442573362,940.5118442045609,6,48298,3389,BENIGN
4641194,46,57,11511.196583203431,278.27215590191565,0,51628,8080,Bot
2707284,43,33,43118.35985659595,1144.48197780546,6,19861,3389,Infiltration
7873591,92,79,21212.892718166455,1467.8106423742427,6,55675,8080,BENIGN
3770871,46,77,29354.529289496677,1185.390652260337,0,55356,21,BENIGN
1540824,211,52,47156.74633647262,82.70182316880218,0,40465,22,DDoS
5875393,70,27,23556.1859810528,683.3566836113436,0,4011,8080,BENIGN
33,1,0,24592.91043860593,530.9497355539959,17,20197,443,PortScan
7343828,31,25,83314.41773865686,640.1386724474039,6,45653,6667,Bot
9064381,33,6,54808.68680606496,505.8667028922035,0,1224,22,BENIGN
7097137,44,44,85675.94515799968,1252.410603167339,6,41617,6667,Bot
4062324,71,97,51452.591521921044,1341.804462376697,0,23608,22,BENIGN
1094416,8,44,90926.42324233215,1425.4933748504131,6,15444,80,BENIGN
4301015,73,70,25474.207149300153,639.1762364236184,6,59150,80,BENIGN
6760503,2,96,61667.003344720106,828.4044210839367,0,36552,443,BENIGN
6620341,17,34,50323.177385387884,873.8052231428836,0,6249,80,BENIGN
1636775,52,51,91869.0926683193,983.6105025199413,17,5945,8080,Bot
9095381,45,20,41847.95778573312,23.63538451997199,0,37505,3389,BENIGN
801949,37,27,85482.38132665676,1267.1807137218295,0,23060,21,BENIGN
1161168,42,95,56390.4050605864,416.8481679680469,0,10154,443,BENIGN
7370231,636,43,70854.29518604973,33.142157009699275,17,36908,443,DDoS
1035991,81,79,88689.30931195563,1265.5210204268724,6,37409,22,BENIGN
753594,38,55,99690.64147047952,1495.3470974870208,17,28020,8080,BENIGN
8811885,99,9,73113.95586477195,1196.4275870825682,6,55366,80,BENIGN
9031470,94,22,31452.195291778273,56.753191183245264,0,42747,8080,Bot
7611532,6,47,29901.19932921097,565.7561727557409,0,53070,22,BENIGN
9156584,68,51,30910.38248919642,385.8717414768472,0,26854,8080,BENIGN
3704797,51,14,9790.832029949825,1446.9149647000502,17,38411,22,BENIGN
5277520,35,54,5359.889192886935,411.05879638689834,17,57466,6667,Bot
9594892,758,42,58084.28763236976,60.068513373131594,0,60166,80,DDoS
5327680,57,49,81058.85272216923,1407.5259199828129,17,6212,443,BENIGN
7272103,73,5,3613.453981536019,1262.3272631294597,0,63598,6667,Bot
1760611,6,32,56663.42964218405,165.14621471339623,17,38758,8080,BENIGN
3541915,13,61,37176.112122282924,22.952937449597137,0,10485,6667,Bot
8434710,59,54,89248.52025576185,1194.9469646362961,17,17366,8080,Bot
7389944,86,38,14538.692888088623,1268.0826052350735,6,24948,3389,BENIGN
4610246,92,11,56343.20050095457,1444.0289059827887,0,31643,21,BENIGN
9104047,909,99,97092.07069947926,26.174954229537093,17,21601,443,DDoS
4139389,2,30,34503.296646506264,1105.0567725278886,17,44824,443,BENIGN
5351926,346,73,74177.69112935055,64.89396233618794,0,22849,21,DDoS
6390559,179,52,88245.11550400854,33.517888737982915,17,16178,3389,DDoS
1784106,72,33,18621.056247172874,917.3106948873562,6,59080,6667,Bot
6072410,623,40,99252.7180262004,96.80360557731687,6,42657,21,DDoS
4913578,9,9,80938.66650390302,452.5957109314445,17,38396,3389,BENIGN
9017597,65,51,13756.42581125396,417.3244439550665,0,42925,8080,Infiltration
8303243,799,74,31088.470051483764,64.34642652812833,17,18350,21,DDoS
6353400,50,56,62497.003835734366,721.5740325593974,17,38263,443,BENIGN
5968433,79,77,88491.77626043925,467.0380006886346,6,4767,6667,Bot
9314487,32,2,19483.552259227745,410.3221138997457,17,60284,8080,Bot
6211058,647,56,73120.55825454951,62.34996706307282,0,7307,22,DDoS
6601557,43,32,27064.80132180208,1296.308347023163,6,37628,8080,BENIGN
6679255,95,6,80541.64506276646,1228.83307602831,17,36220,21,BENIGN
5737680,251,3,68344.20272750333,97.78645789482864,0,15762,8080,DDoS
5525824,900,38,52290.90346686073,59.87322294214042,6,45358,80,DDoS
6025195,47,47,64986.596240900006,1217.8069470811856,0,10405,8080,BENIGN
225491,14,73,87644.52455338172,293.31803458452686,0,46840,21,BENIGN
6698641,48,78,38642.58598464837,765.2331849174535,0,44937,8080,Infiltration
191487,55,15,76925.01801560287,347.7042444199748,17,11529,3389,BENIGN
3632732,519,37,15890.543487549647,74.13811712356907,6,63842,22,DDoS
4608574,47,3,70118.55654419016,1283.1122565661237,17,37416,22,BENIGN
9762781,63,3,75065.73624717105,1339.2991480138874,6,16438,21,BENIGN
2535494,19,99,44299.769675445525,1495.0852913050544,0,59620,6667,Bot
5596626,231,26,79362.21052995774,23.734522318421824,0,8415,8080,DDoS
9813371,9,85,55710.3365877877,1013.451072090888,17,25335,443,Infiltration
3291170,37,85,93627.43976694657,658.9544714125092,0,35701,22,BENIGN
686368,582,16,11246.643596136451,76.66710524748467,0,60614,22,DDoS
802055,52,97,13082.142626518178,920.0858479851496,0,36466,80,BENIGN
9499717,57,95,84242.74420445555,331.8073797659876,6,4348,80,BENIGN
2013248,533,69,84236.12745663521,28.344829902821242,6,23241,443,DDoS
6835835,28,53,47122.47512082587,832.370341437586,17,3626,22,BENIGN
4467323,155,96,96396.22098722307,82.41877035841591,6,23205,21,DDoS
9908301,64,7,67938.93186267032,1016.7726513367986,0,1178,22,BENIGN
2444391,18,52,98285.3246762062,534.0501639103728,0,28447,6667,Bot
147845,89,99,53239.53952013183,1143.447354314684,0,52850,21,BENIGN
3792924,35,4,20161.334424801556,1268.1953609261493,17,31558,443,BENIGN
137786,68,68,44439.312702913056,1121.3130458255935,0,64175,22,BENIGN
5250395,78,46,98048.68419470145,1169.6740348799597,0,13081,8080,BENIGN
4152023,39,73,37041.39530294075,552.8229987067627,17,62421,22,BENIGN
5680080,90,39,95701.64331348334,1416.658140467391,6,45625,22,BENIGN
5149634,8,6,79702.13476743165,648.3667351669926,6,44363,3389,BENIGN
3314444,88,11,44210.63277929974,1347.6343234487672,6,21911,80,BENIGN
50076,217,93,54187.103195758355,90.14766660362528,17,2551,443,DDoS
95,1,0,60743.907728229555,204.00984356007405,17,31413,8080,PortScan
2027420,15,27,66576.60847303056,1450.080428195594,0,34417,8080,BENIGN
1812205,7,42,7669.921661511969,1494.5856943673878,0,18093,8080,BENIGN
5761803,17,76,93358.80524162132,917.096844758921,17,10681,21,Infiltration
1947338,86,46,59699.97131006655,1179.0028752727233,17,17372,443,Infiltration
9784504,86,48,93114.92196038197,1401.8568155766882,0,33023,80,BENIGN
6330134,64,85,63189.847128836474,49.63609789505241,0,28063,21,BENIGN
4809145,469,53,43101.5489009751,45.2374294851537,0,29071,8080,DDoS
8597567,363,17,56692.80115363322,90.25040112404953,6,22617,21,DDoS
6402991,56,26,82950.3274040285,1246.115472546539,6,31685,6667,Bot
7031945,46,71,32612.583145167373,820.2689640694125,0,63424,3389,BENIGN
5394518,47,5,95646.00570759187,805.2081383024043,17,13452,8080,BENIGN
45575,800,74,46595.51978057364,58.610939324490694,6,18277,8080,DDoS
8080652,16,92,95623.70020973864,771.0585695974676,0,4101,80,BENIGN
3303464,69,68,88075.6614743263,718.2482840587777,6,29413,443,BENIGN
5396464,2,70,76766.19564158123,920.1194364740193,17,27531,22,BENIGN
3239354,619,21,46743.77994372061,65.72608649489003,17,1928,22,DDoS
1099677,54,58,58694.51443143201,680.5046950849094,17,14675,3389,BENIGN
9232789,27,46,83802.94123603257,287.1752657771371,0,27450,22,BENIGN
6483585,31,67,54405.58018647006,608.1527209570394,0,35814,80,BENIGN
4623137,746,31,73818.95765384911,52.878629686903054,6,2266,21,DDoS
6960072,971,82,79065.90510067633,58.12337019697701,0,44610,8080,DDoS
7232124,508,96,51309.52456686847,92.66167176136452,0,3735,443,DDoS
1603070,43,0,53624.75183536688,921.1005709041676,0,2318,22,BENIGN
8192022,65,53,19783.47172218824,373.21898787320885,6,44769,3389,BENIGN
8274225,50,45,24473.91777070842,145.0283969916291,0,46142,443,BENIGN
1531164,93,40,90494.31831942119,1121.767779770562,17,39729,8080,Bot
4411987,1,40,84032.96126633181,802.2846252647139,0,42847,8080,BENIGN
8615897,134,7,1012.2558540114013,95.7835522538727,0,2580,3389,DDoS
2076298,57,31,86938.75859880623,211.80129383072295,17,28160,80,BENIGN
7466611,16,29,2523.4885586802093,633.7023514013857,6,52478,8080,BENIGN
1469019,28,45,45828.04029423283,1230.899616598413,0,18144,3389,BENIGN
3282041,86,91,6743.272611090268,880.5247316075405,0,48253,80,BENIGN
3410680,82,51,96882.3138457169,154.64375884915336,0,50954,6667,Bot
4999211,22,95,97231.92558042162,511.767197028492,0,61890,21,BENIGN
3685204,41,88,61087.09419666172,1470.106998352108,17,39317,443,BENIGN
7659891,76,97,39220.49108235336,825.8710576750678,0,56009,22,BENIGN
1420958,19,60,51199.275019457935,443.8661978019356,6,46699,8080,Bot
1749082,690,96,76229.93204819158,55.66951536732458,17,41317,8080,DDoS
6563714,50,12,22319.29597201837,517.2809383250151,17,13399,8080,Bot
9833773,757,88,44172.24912169294,61.14891782129607,6,59782,3389,DDoS
83,1,0,73726.86902530848,237.88634846281704,0,31088,80,PortScan
8466785,34,60,39539.24778371273,251.6098088664313,0,5808,21,BENIGN
7479916,39,43,3199.652209269643,850.7447500867061,0,41827,8080,Bot
6007609,74,61,50739.44190551197,374.9385114910505,6,54912,80,BENIGN
97,1,0,73741.11625395466,93.01148806195451,17,58176,80,PortScan
5123064,52,47,97681.64091845602,1391.1688511639877,0,56766,80,BENIGN
6433736,366,73,3704.615319735072,29.293998683737392,6,32063,21,DDoS
4095177,52,58,53992.060215097714,1081.8080723095845,6,30617,443,BENIGN
9172900,79,56,44993.86621389575,512.8190175922404,0,62736,443,BENIGN
6264098,24,94,24244.878929093993,1401.5873483632583,6,7818,6667,Bot
4630332,26,10,63776.27200472377,1479.357535976672,0,32706,3389,BENIGN
920214,90,24,16362.249285578211,516.4373639699779,0,38524,21,BENIGN
8990599,90,60,28386.476731485276,894.8380930131237,0,34313,6667,Bot
8147147,10,45,78175.73901751243,1164.0174367650086,17,6721,8080,BENIGN
2183026,17,53,46041.1740025555,202.6458379752623,6,3871,21,BENIGN
2485770,78,33,99367.06469198847,1070.0042097319156,17,5135,22,BENIGN
3344350,2,83,38646.074414879404,1361.172276935178,0,28015,8080,BENIGN
4023378,77,6,46326.106610021634,284.1837699625963,6,23802,443,BENIGN
538077,27,96,30025.776208853404,1261.290935165958,0,14105,80,Infiltration
9946849,73,61,23629.360619104544,191.09313955298668,6,46439,3389,BENIGN
3668380,71,56,92228.1411194817,861.0865108825589,0,9446,8080,BENIGN
2723508,48,98,74882.6640128731,522.258230534102,6,31561,3389,BENIGN
4784908,74,92,33340.253220141334,718.1394736478547,0,57596,80,BENIGN
6637740,9,75,70015.59896457246,464.9356332146111,0,41911,22,BENIGN
6837488,86,4,96578.37504365607,405.59826998793193,17,63075,3389,BENIGN
4654519,23,75,7404.796561391391,1119.84600106345,17,40541,21,BENIGN
8430999,71,92,26450.44043708593,350.2075578464407,6,12680,6667,Bot
4622680,73,34,20057.85491950014,624.4513053720228,6,28164,8080,Bot
4589158,27,83,86978.31636444101,426.34447738890503,17,1542,8080,BENIGN
7245236,321,36,17919.032955151604,46.04969151219179,0,42467,8080,DDoS
8380066,512,59,30807.599598966408,61.058974313431534,0,11328,3389,DDoS
2122927,81,64,54386.07733261848,87.23435206187334,6,11482,22,BENIGN
7432400,84,15,62109.43555869497,1187.5701307654888,6,37643,21,BENIGN
7637274,71,29,80818.37625326558,828.4264146510144,0,47311,80,BENIGN
708772,43,72,40732.324655390374,1246.087346238862,17,62639,8080,Bot
6921254,7,41,53424.472265389275,335.2636554292296,6,40647,3389,BENIGN
8726077,92,60,96546.20750442053,1069.9209404440226,0,45848,21,BENIGN
81,1,0,29736.173664340626,642.4640853190949,6,38796,21,PortScan
2227139,63,76,24809.42111653248,133.6698862052404,17,55720,6667,Bot
296163,84,47,71059.91913417516,1133.665060474251,6,26633,21,BENIGN
1383975,44,61,77113.62712004718,1148.0371083911834,0,9981,22,BENIGN
6625269,39,83,41477.89031803083,420.95696151791736,17,17063,22,BENIGN
1876436,40,92,21297.891822189064,1375.7481080580135,0,37152,443,BENIGN
7541686,7,63,77892.26558113923,1150.6752992147528,17,14242,3389,BENIGN
3956878,70,56,67049.2895279038,474.0009063026163,0,23460,6667,Bot
2887857,25,67,87622.78012802394,373.8812347600049,6,40550,21,Infiltration
2468765,698,45,84432.64643271214,36.20662000782835,17,34779,22,DDoS
6473073,13,27,20519.518450423337,453.32892587130874,17,41999,22,BENIGN
693024,86,76,83233.91800886803,341.1941197934709,17,57671,8080,BENIGN
2570215,81,2,17517.37411189037,610.6691206933542,6,15904,8080,BENIGN
1661755,86,36,86370.39037779055,58.0422497829965,17,57268,22,BENIGN
7499166,354,47,77032.09340326783,66.12266112283507,6,10786,21,DDoS
4672512,62,18,56986.107428239855,348.06068976160645,6,64694,3389,BENIGN
3100598,8,91,64222.16758104462,411.21459672445695,17,47205,21,BENIGN
9412628,45,82,10407.92708747582,142.17886362366542,0,38219,3389,BENIGN
7181579,18,16,3988.518148633202,891.6188917807202,17,33870,21,BENIGN
3811766,88,81,33064.674173390864,718.5736568075014,0,28688,8080,Bot
33,1,0,82140.581141719,1130.9285192768727,0,51994,21,PortScan
1033768,60,86,46578.55731799726,1480.9059652654341,17,33137,8080,Bot
7712179,709,39,22339.40300532069,74.82265870744004,17,10260,21,DDoS
5604427,66,49,83454.88999148157,423.18913165106983,0,32148,21,BENIGN
2473299,91,72,22862.725864897293,1030.0321095064583,17,30736,8080,BENIGN
8271430,14,28,81549.37232409418,371.2217734701473,17,16282,80,BENIGN
8686383,48,50,45297.95309181482,64.61832296427536,6,10827,8080,Bot
708275,56,41,46349.48872672818,182.51380344298892,0,1455,21,BENIGN
1867406,12,28,27271.96098582422,661.7678526385507,6,28203,80,BENIGN
8652333,96,65,90017.40208993523,657.561285141587,17,31139,21,BENIGN
842940,92,16,8878.527569413409,1459.0109421277991,17,60443,8080,Bot
4394743,55,30,14440.63013035245,709.6060501686958,6,14360,8080,Bot
5889218,28,91,63588.476824620775,1023.5402070533701,6,15662,443,BENIGN
5128743,566,51,85011.52657563482,71.99680363853706,17,26212,22,DDoS
125455,883,38,9545.12501852276,55.40099943906351,0,32842,8080,DDoS
4222202,90,59,73375.22494166082,176.06757636960816,6,47921,3389,BENIGN
616037,36,93,74251.15331394864,1291.4295438130473,0,49216,443,BENIGN
1375707,617,98,58152.273016492814,81.54552964481833,17,54526,443,DDoS
19577,3,50,48672.80481696631,163.40255156584126,0,42255,22,BENIGN
3556310,332,83,32108.775930753454,45.561792863307254,0,29307,443,DDoS
6508956,17,15,35146.17924326665,23.68318606771173,17,63025,22,BENIGN
2487211,71,97,67443.34724154708,126.50842174098952,17,48126,21,BENIGN
2009706,62,13,6528.72912139103,960.0912172824751,17,49107,8080,BENIGN
1559857,48,89,58493.49875446256,380.4504581496848,0,38223,8080,Infiltration
7315930,62,83,27873.21924528471,520.997901550043,6,42741,8080,BENIGN
6156838,114,41,46660.591194394256,57.542154753291996,17,5327,22,DDoS
3432307,19,50,55897.96184501985,1163.8913827495444,17,29730,22,BENIGN
6171738,34,23,88565.93436343312,748.527189535297,6,42097,443,BENIGN
1881397,99,81,57907.488833235475,927.2054542254325,17,22559,8080,BENIGN
6083159,49,42,22715.9571639019,147.00069209152753,17,65276,443,BENIGN
9212467,80,72,7945.945317237702,1147.1601581924097,6,32598,21,BENIGN
69,1,0,62698.83995909716,783.963370708973,0,32503,443,PortScan
8519892,428,83,54504.83963511391,41.612391061104674,0,6040,8080,DDoS
1135727,50,60,67179.7896576062,1004.9799088457847,0,35754,22,BENIGN
245400,89,93,45939.6579137337,760.2594426720163,17,64667,6667,Bot
8972718,26,62,82512.58473330279,792.105092681581,6,4089,443,BENIGN
92136,56,25,92017.96822386331,759.4606684978589,0,37740,22,Infiltration
5995902,78,94,4000.4422223627103,755.2898676524841,6,41463,22,BENIGN
6439151,14,34,74408.65361631209,1130.3038450483182,0,59201,8080,BENIGN
853492,78,66,3516.054474684216,652.268620227584,0,8130,21,BENIGN
6015977,25,55,44509.66868725447,24.282111375170953,17,64350,6667,Bot
8670404,4,39,46160.321677132,925.8535006603855,0,48480,8080,BENIGN
3662440,79,28,69621.83975250302,1429.9404628908994,0,18336,8080,Bot
40,1,0,35240.329820094696,400.3005495715161,6,39214,8080,PortScan
9378737,82,51,82090.13383182186,1227.9661301348065,17,14453,8080,BENIGN
154792,78,0,34286.40579458624,694.1255082589585,17,44066,22,BENIGN
8362201,65,51,34251.78883414874,971.6134634639288,0,3939,21,BENIGN
4457435,61,23,22276.0667658647,1338.4931220685303,17,26943,3389,BENIGN
1657988,20,33,68386.89978380848,1161.1001469414448,6,62681,21,BENIGN
2586017,74,6,7658.722741705981,1329.168614893876,17,22795,8080,BENIGN
8110229,10,74,36305.508588476754,34.089568736747964,0,15223,22,Infiltration
6147660,88,10,26689.074614956276,297.2261772721596,17,31412,22,BENIGN
7946358,34,35,22933.56351014152,646.7717305973974,17,44075,443,BENIGN
7557945,61,19,6098.331717394123,1274.8058602305928,0,10413,80,BENIGN
1825064,92,62,19038.311572480714,1260.82005961682,17,62218,443,BENIGN
7725022,27,79,44624.441019870144,294.00769132144234,17,33989,3389,BENIGN
47,1,0,50374.14552673566,230.51880098166762,0,10072,443,PortScan
9777217,65,68,26950.467378979338,1255.3596040908678,0,54573,443,BENIGN
6789508,640,87,65024.35084665671,68.29028720525261,6,60346,80,DDoS
4764912,68,29,33579.33376569746,947.6192386869724,0,32570,22,BENIGN
1568246,71,29,36724.58382496201,1217.6249905050583,0,65441,22,BENIGN
483555,9,96,78262.43341211074,333.38476610899943,17,61538,21,BENIGN
4036505,16,83,55196.67214249021,221.99750385901527,0,54676,21,BENIGN
8935927,5,21,95317.48511940244,1291.3855089205508,17,24273,8080,BENIGN
2186368,291,60,35930.12012651382,55.2565626598896,0,65223,3389,DDoS
4446075,845,20,82784.04959944035,37.36901972396425,6,26593,8080,DDoS
2871756,43,36,73833.7535807765,430.07125991273114,6,17203,6667,Bot
4708669,677,26,89018.8927441895,44.65479638887277,17,33071,21,DDoS
3856033,57,34,95679.1372923081,376.8803239957783,17,1869,21,BENIGN
2326829,51,37,767.6518076821015,1117.6024433003192,17,40082,443,BENIGN
6695333,13,59,8829.77478675161,1460.5640869336246,6,19155,22,BENIGN
8274537,24,69,67433.88212275086,315.39518723245874,6,22915,21,BENIGN
3907229,11,31,39019.98596966062,1177.141240507577,0,38757,80,BENIGN
95656,52,79,81912.51017427465,85.47847119681288,0,59935,443,BENIGN
5399969,978,91,1197.982966607125,42.35744614778052,17,1369,80,DDoS
3470092,37,79,80697.74029964305,782.3737771288644,6,17563,80,BENIGN
9944245,13,26,13524.199830365224,1499.4211268484935,0,49739,22,BENIGN
6139453,62,2,29024.904396262795,1425.0611616764197,6,39353,80,BENIGN
652855,196,48,96907.82002607547,92.87301757234661,6,57545,80,DDoS
3666444,84,84,5159.811354816812,374.73663574792374,17,55208,3389,Infiltration
5650452,97,29,34904.061245267396,1419.7719375914633,6,62178,80,BENIGN
743188,96,21,8452.877564350647,243.07138093275347,17,31520,8080,Bot
59878,8,18,85360.44060133681,1119.3276833369446,0,42125,443,BENIGN
9483117,56,30,70301.6122537423,21.639874643374142,6,50279,443,BENIGN
5003461,93,19,80033.73878157293,954.9339119592552,17,51414,6667,Bot
8075142,83,18,52727.951176197275,752.0086243272299,6,46033,22,BENIGN
7706213,329,1,35772.001967147124,61.756342035666805,6,24884,3389,DDoS
9901791,44,39,227.3619605126065,1247.2037911150242,0,54379,8080,Bot
2173613,60,38,27792.73120429142,139.48683096693838,17,37323,6667,Bot
9787657,41,90,51455.35467661147,578.4515729869456,6,49961,80,BENIGN
45,1,0,66436.20364760834,680.1370465604825,6,4899,80,PortScan
6913562,314,53,22893.742145875673,72.21246707697262,0,65048,3389,DDoS
27,1,0,13890.084628813425,146.78648863401713,6,58291,22,PortScan
5862144,74,78,20161.486202987144,285.8291707448566,17,51428,21,BENIGN
9468233,74,11,35407.605169112,376.75063297011025,17,8103,22,BENIGN
8280183,29,77,14837.829120147628,1449.7696546366587,17,13938,443,BENIGN
1785918,80,70,15681.733442111168,723.9082926524904,6,33621,22,BENIGN
2951820,65,16,4375.170000675533,775.2277683553377,6,40901,3389,BENIGN
9548825,17,89,85672.51943544528,1066.357343341889,17,58575,21,BENIGN
2083063,30,83,21975.862406074244,1032.7148607493139,6,16061,80,BENIGN
5962959,26,9,82190.24390612872,764.1105551271893,0,63190,21,BENIGN
4256246,53,18,43830.938613723854,522.9608233930737,17,55816,3389,BENIGN
7,1,0,63243.78147136092,509.9565065094106,0,45674,3389,PortScan
289234,731,29,7570.213615819532,94.7787018961483,0,19170,22,DDoS
7632385,85,29,58358.04987801847,1351.4526061231898,6,31452,6667,Bot
4324760,240,24,28999.540317330175,34.577423621520225,6,42701,3389,DDoS
2866169,46,87,9520.995315119573,942.5479971262116,17,45892,443,BENIGN
737190,85,73,90823.24961678355,606.2009799570519,6,35220,3389,BENIGN
9303273,53,65,60362.804234949086,882.0492813632983,0,54452,21,BENIGN
3835698,64,95,24170.762724401895,737.9329113535273,6,58181,8080,Bot
4982142,567,34,41964.8010722407,94.95150057581432,17,50816,22,DDoS
1052525,49,50,35690.01340797053,461.88766512789084,6,2846,80,BENIGN
58,1,0,70057.96658578214,1314.2299655549616,0,6828,22,PortScan
777667,170,70,60743.317602749405,63.170976793494134,0,20456,3389,DDoS
2716307,81,26,1978.2176061886814,22.105277418350468,17,53403,3389,BENIGN
6553001,65,9,19782.698960467347,503.77021235733565,17,19327,80,BENIGN
1749836,37,96,47812.797224086156,523.1192877935237,6,59778,8080,Infiltration
9958942,70,42,44548.57922537906,1065.3766279883916,6,16485,443,BENIGN
6721735,26,54,51667.48819435305,1056.670946872045,17,15475,21,BENIGN
51807,2,70,71481.08333063147,706.9491824477094,0,9686,22,BENIGN
8669541,59,5,68200.8998498227,1427.449530960864,6,23207,22,BENIGN
9477671,96,5,37281.34221419914,1310.899171206536,17,54275,6667,Bot
6104228,5,76,87758.16279385952,1301.9918577989517,17,7161,3389,BENIGN
1877245,924,47,6293.2570448518745,88.49713674026019,0,40133,80,DDoS
14,1,0,58450.989511172644,657.8796879455958,17,44235,443,PortScan
9278201,790,1,94968.54925695297,33.43964439203354,6,8587,8080,DDoS
4,1,0,54908.143782532126,671.5949860467158,6,10617,21,PortScan
778899,94,50,45510.6300812856,1336.0319766160824,17,32317,443,BENIGN
7079801,48,60,13391.758869642445,388.6986353633038,17,46662,22,BENIGN
879559,6,18,81018.90952716113,1207.2487050197985,0,13915,443,BENIGN
8250053,824,1,37379.48900409121,41.83487033697021,0,59865,3389,DDoS
1822844,15,50,70124.5909484688,388.6445948852578,17,65199,8080,Infiltration
8167807,61,25,19754.688040705703,800.3947927121402,6,29062,443,BENIGN
3843239,16,69,4186.320293214907,309.25359859758385,0,10936,3389,BENIGN
4447495,20,19,30546.745252800058,180.1053603104117,17,15927,22,BENIGN
9240758,77,22,28141.386145689085,1260.5025783914355,0,34370,8080,BENIGN
2361316,44,53,87347.52535272743,1054.9965946773766,0,6028,8080,BENIGN
7446253,639,14,86467.37785847539,35.533682366193005,0,44467,8080,DDoS
2567687,46,5,53389.42226013806,1414.5962007828005,0,60478,22,BENIGN
264337,95,91,1899.8945572193616,56.10959254504877,0,3624,80,BENIGN
4469453,34,34,22832.466292047604,513.2546768342684,0,15306,22,BENIGN
4840451,64,74,63901.25942134332,52.046496967474255,6,42726,80,BENIGN
2514819,29,7,10140.840143036756,230.60043806821318,0,23190,8080,Bot
1909011,3,56,70062.22647194471,286.5174767218489,17,38062,80,BENIGN
4003081,9,49,1196.2262958743474,1219.29560424124,17,13120,22,BENIGN
1420020,75,48,68253.67753692703,1489.6987123894091,0,17121,8080,Bot
8360877,75,87,84453.92428593794,1303.6340064243618,0,47006,443,BENIGN
82,1,0,46921.771964611624,959.9968233974163,17,32352,22,PortScan
2738046,961,35,82908.09901100377,72.27374269902722,0,3054,8080,DDoS
9838174,42,70,78152.77332438696,793.775071150614,17,6883,443,BENIGN
9749944,46,68,67141.9150167677,645.3645378390279,17,20515,21,BENIGN
2088162,762,57,44514.92813978336,31.260912203672035,6,8205,3389,DDoS
1835007,84,62,27190.404440149385,1460.2126952938859,6,29860,21,BENIGN
8352210,59,92,86086.39621688686,62.763182687349136,17,14239,21,BENIGN
3861874,224,15,64859.03796629483,83.40180411146022,0,52404,8080,DDoS
3633895,74,5,79801.68352505763,508.4885084505383,17,47515,3389,BENIGN
3477184,22,77,55196.69277288919,633.0912666137474,17,53440,3389,BENIGN
4327902,29,51,17186.643449392468,947.800377414144,0,13614,6667,Bot
3399852,440,1,97943.79395135363,40.03490329313591,6,51910,80,DDoS
3801086,980,88,18273.87514576374,40.4380369583597,17,38735,3389,DDoS
5332989,61,94,91124.15010249033,629.18217601035,6,48373,8080,BENIGN
723958,356,76,20813.8646044974,42.48970371127775,0,22431,3389,DDoS
44916,69,17,37374.944174643584,767.1405928971166,6,11671,80,BENIGN
4238,40,80,44008.34445374266,1310.6515589883452,0,21517,21,BENIGN
4164060,75,91,92137.59895281451,609.9215925886704,0,43438,22,BENIGN
7082005,1,75,88819.85709130634,38.58684614382902,6,3150,22,BENIGN
3864144,65,34,82322.0977952436,441.64980598065824,17,21363,6667,Bot
6647563,62,85,37667.51474957343,220.79548791410252,17,41984,8080,BENIGN
7088266,54,38,449.3246828920161,390.3408787101812,0,6107,3389,BENIGN
221652,60,0,68158.33201075192,555.890266694575,6,57106,21,BENIGN
8432472,46,36,41095.38344652038,1021.4503654353099,6,17272,3389,BENIGN
1898051,5,20,75705.81928374356,499.7715930413061,6,32569,8080,Bot
5862935,22,0,79485.20460835502,1328.4815790945224,6,59014,6667,Bot
8705170,90,3,43972.34029174242,463.3605058966558,0,7633,6667,Bot
9278563,963,95,74810.25653169485,79.71104763600121,6,41470,21,DDoS
9803426,70,57,83993.72805196774,269.920817856966,6,44526,3389,BENIGN
2157380,32,0,92847.61316015001,1403.178198545303,17,43852,8080,Infiltration
808401,11,12,58245.53324893943,693.1254175221626,0,12402,8080,BENIGN
5476520,10,45,77847.87690598826,616.6265807325003,6,28223,6667,Bot
6296595,39,46,49456.48702096471,121.97330402581879,6,28945,3389,Infiltration
4346757,98,80,4166.300042996208,1105.3151817972393,0,47550,3389,BENIGN
113035,31,75,15522.142779918335,1048.085738149516,0,50883,22,BENIGN
8200352,12,6,12822.45092396701,576.0960131634415,17,14641,22,BENIGN
9727014,443,50,17176.559011547888,93.9372761287735,0,45379,80,DDoS
2150305,38,2,1021.2749612843241,563.8286055598043,6,26202,3389,BENIGN
5424541,298,49,85870.68232651526,92.60080113283817,17,53007,21,DDoS
4280750,66,25,56014.93199490124,1112.3870784155085,6,30093,22,BENIGN
4523635,262,30,38315.00030112677,28.100337680858,0,15293,8080,DDoS
4753089,5,99,40977.887157697514,979.4699816976427,0,4685,443,BENIGN
9758099,11,61,46335.10937188695,429.16262811724613,0,64902,6667,Bot
4310618,25,25,7388.350041959257,419.48202248805694,17,63212,3389,BENIGN
9242037,35,66,27466.54115799202,1394.8868428006133,6,12599,21,BENIGN
1730185,35,54,85162.64370920848,468.86965494872516,6,5133,80,BENIGN
2026210,22,27,74367.52362139845,1156.924505406571,17,63657,443,BENIGN
5641479,391,43,56340.55382539078,40.99495226469423,0,44140,8080,DDoS
8825250,625,80,48070.3984669963,73.77455727386229,6,45893,8080,DDoS
5520048,55,37,25897.31849908994,287.99082447508573,0,64317,8080,BENIGN
6928987,75,29,47125.496964710546,70.9283479386964,0,35882,443,BENIGN
4566801,283,65,59785.52760668148,69.48405126062262,6,44856,22,DDoS
8127433,161,7,71263.79514315806,48.00232519244532,0,28005,8080,DDoS
2980772,95,13,16664.01877523238,309.7246582654618,6,46554,80,BENIGN
8236881,72,98,81311.02684707774,814.5706405699028,6,34890,6667,Bot
8815382,64,61,34581.127703382255,1013.0493560739351,17,35742,21,BENIGN
5202513,20,74,50325.808329035535,735.8430204531344,6,37170,21,BENIGN
82509,98,62,60790.43165963325,770.2620337638472,17,54000,22,BENIGN
7363380,4,78,48809.515622103325,998.6167063249192,0,44536,6667,Bot
6766986,714,65,57195.690415411904,89.02746587317215,17,20290,21,DDoS
8212511,954,95,11152.346468287122,30.437302009482874,0,63360,443,DDoS
5417855,68,39,43215.545510863514,1350.9273427942192,17,40015,22,BENIGN
5131204,20,12,28046.74709362264,737.653291866879,0,47787,22,BENIGN
3499801,9,16,8602.615388687018,999.5786588185059,6,3034,443,BENIGN
1927816,80,14,19164.922563199427,177.6401784420092,17,1517,8080,Bot
9581211,26,32,60244.456642745834,748.8693438391675,6,25521,21,BENIGN
9522462,25,15,19668.640265145033,43.837540312864554,6,52027,80,BENIGN
5241784,68,12,18106.401011909333,598.7166134832585,0,6402,8080,Bot
5081957,608,85,55283.04323866363,71.12255024681701,0,56823,443,DDoS
5759520,59,22,90470.25067069852,1347.5316397302563,0,57671,443,BENIGN
9834958,45,35,78869.28506398297,1015.7515788920928,0,48753,443,BENIGN
5306590,41,42,90508.91105198504,1191.9770072200515,17,5967,3389,BENIGN
6923081,38,49,58298.02022965151,712.1656370147376,6,11374,8080,BENIGN
7817309,19,73,40992.956045860716,1280.8086528997367,0,47925,443,BENIGN
4893191,14,80,72964.13655419434,1312.1000729301818,6,64001,80,BENIGN
3800415,21,93,26136.40281826509,548.0909949661927,17,33791,443,Infiltration
6469823,15,12,7805.395800540371,577.7452644215405,0,22044,80,BENIGN
6102645,3,29,34461.47927311356,772.1962488573523,17,65295,443,BENIGN
2252741,37,56,29923.66974870174,82.52037266234007,17,44278,443,BENIGN
344226,46,29,67553.89278171422,1493.7370795074096,6,57564,8080,BENIGN
5107485,16,70,55136.26788118143,551.5882263101197,6,56926,443,BENIGN
8074544,14,9,13826.298405578553,716.8481037679545,17,22249,21,BENIGN
1137511,9,98,90850.41797704698,1137.0404756392838,17,61754,8080,BENIGN
1670457,7,65,59333.89405048042,460.3199813695499,0,27018,8080,Infiltration
5939434,14,93,45768.42254237769,318.4145068604548,6,29426,21,BENIGN
6393504,6,82,93719.49271186536,208.62617905298592,17,14815,3389,BENIGN
3331022,85,38,9730.184879790082,801.4656174402896,17,14359,8080,BENIGN
4155579,15,36,78959.29381397177,28.137465504078133,6,29522,443,BENIGN
5709735,52,2,36466.55057200093,1070.0906226856673,17,6815,21,BENIGN
8686694,72,88,69538.97509239716,702.8564606942734,0,28489,6667,Bot
9242313,34,33,93072.54276476786,807.0977819590835,17,63157,8080,BENIGN
1315923,1,85,51771.30804854173,409.5428803606745,17,25840,22,BENIGN
3433472,96,37,2263.8823428747346,283.8145213830725,6,63159,21,BENIGN
770792,69,13,2884.8230172337953,1055.9847134461659,6,14687,80,BENIGN
5867604,94,63,33056.08190853765,331.20482976701874,0,12118,8080,BENIGN
8817453,86,38,78165.82193950619,1174.5272184578653,17,3424,22,BENIGN
4832191,20,53,28826.134307358276,321.43532887737723,0,24925,8080,BENIGN
673912,80,1,33446.86008862177,926.7709925210281,17,58461,443,BENIGN
2933077,7,95,78446.07131975687,972.9306548148799,17,37190,3389,BENIGN
7797798,241,42,11618.917391928086,41.84675805530969,6,27343,3389,DDoS
6982352,289,52,84681.29619628856,62.17396976413849,0,21418,443,DDoS
9746834,2,2,26579.251555410654,576.2476566540886,17,21556,6667,Bot
6616759,47,40,5122.307102890822,1327.3152948301326,17,13681,8080,Bot
3817142,729,7,11734.270640368926,50.998925635934754,6,37760,22,DDoS
4539270,31,89,95255.48867388236,519.0720912316332,6,16477,443,BENIGN
4969511,50,95,45132.39550438685,235.14333892776372,6,44641,8080,BENIGN
536744,61,74,25643.810599845805,913.3642915989121,0,59836,8080,BENIGN
652516,828,62,52127.09501791951,98.37880795421009,0,36469,3389,DDoS
5210407,14,64,68234.66533938002,691.1858970792582,17,61729,8080,BENIGN
8161662,633,78,31879.840804406933,58.93538190196777,0,64316,21,DDoS
1707642,592,3,72527.1203161024,98.08747142315171,6,19813,8080,DDoS
4191996,5,67,25225.205090720203,1169.3077789641998,6,11324,443,BENIGN
6087032,64,91,11233.723204404056,377.6602882483507,0,25054,21,BENIGN
1474720,29,9,54970.822036909485,494.19089742586846,17,18683,21,BENIGN
9563554,75,74,15111.86758941303,582.809299987666,17,46839,21,BENIGN
1849495,5,49,94048.487869914,321.57406410735985,17,46855,8080,Bot
6623163,96,22,44.90281318507705,554.6296301256994,17,63029,3389,BENIGN
989436,36,60,75569.60999665465,372.3076017532665,6,63668,22,Infiltration
5224337,79,46,27947.320395691087,1493.677226078829,0,41107,3389,Infiltration
3138202,19,2,84608.6861772367,1179.2105037748413,6,43053,8080,BENIGN
5160424,64,16,6015.088374037525,1292.8252636164377,17,34933,6667,Bot
7421389,22,21,95300.05982995716,1384.7774073389778,17,32860,3389,BENIGN
8450461,34,90,10139.488383301343,1004.20146756552,6,35358,8080,Bot
5647283,56,15,78788.27550354453,280.44532003107565,17,41172,6667,Bot
5667012,724,79,51734.22136356044,40.401673336829376,6,40089,3389,DDoS
9460692,76,2,43039.4791877585,43.1049706082342,6,28126,3389,BENIGN
4318520,712,51,28015.57859102716,81.43527458252338,6,25022,21,DDoS
5217184,128,32,84136.95352490652,77.36465001538475,6,42899,8080,DDoS
9044204,17,41,19975.139753295014,220.45877209607025,17,29973,6667,Bot
3205328,74,1,72124.12749928591,1132.966274668894,17,55608,8080,BENIGN
5299338,92,38,44579.16510280063,1330.5112414275718,17,5560,6667,Bot
8882700,82,45,99849.500714727,432.683615083506,0,32359,8080,Bot
6515048,18,47,61139.90201697726,196.30825094593743,6,22681,22,Infiltration
4980237,45,26,10418.960382376841,423.9803392114877,0,37648,8080,BENIGN
6717626,96,14,41952.11891519996,977.728353615647,6,36696,80,BENIGN
8464948,555,6,6629.898038519577,87.81162299696808,6,7012,80,DDoS
4429999,56,56,28565.563438911457,1442.4961157166767,17,56474,3389,BENIGN
3891251,80,41,34331.679488110465,213.8486187259027,6,64322,8080,Bot
9715750,50,8,85317.66083396028,1485.7069352157323,0,27415,3389,BENIGN
1948161,58,5,83798.74766075356,38.4285033427588,17,39448,8080,Bot
7347100,18,56,1155.72199834012,688.5055892788923,17,61297,8080,Bot
6581218,80,75,53227.861500509236,392.6814243073015,6,43785,3389,BENIGN
5032761,686,29,22354.375560328244,75.4885971007252,17,28451,3389,DDoS
898432,449,54,32009.309804555574,74.58872784964339,0,29417,80,DDoS
9268562,798,83,2165.128552553519,72.85662058228937,6,21201,443,DDoS
7603976,98,83,74974.5865445313,222.05907260871962,0,2684,22,BENIGN
4026042,10,53,95058.97757524013,889.336212010388,17,41644,6667,Bot
8551895,69,26,21926.70403138518,69.35335732072386,0,14736,8080,BENIGN
4703955,85,83,34177.28670478325,480.26830376780646,0,39885,443,BENIGN
1562618,953,58,20643.399472986424,98.80412576611376,17,23865,3389,DDoS
5248500,83,6,93004.86636415285,1467.21303570265,6,19026,80,BENIGN
8556235,44,39,935.5967907426765,37.791624093005254,6,50769,443,BENIGN
2744904,626,93,58386.22812910351,38.247822086229164,17,3094,8080,DDoS
8299241,70,71,87076.39611221499,468.1085944576505,6,34439,3389,BENIGN
1587919,760,1,18630.717411534682,22.409094788752952,0,2353,8080,DDoS
5182201,4,13,58999.52913620822,103.43939078562674,17,51599,80,BENIGN
9909081,210,9,5064.810486488492,74.2376691547134,17,48728,443,DDoS
6541700,93,49,81458.51335678094,710.4552191260872,6,23338,443,BENIGN
6356481,99,17,27442.912277293817,690.1034047267169,6,33119,21,BENIGN
594657,52,17,98875.34171952607,355.6490229654619,17,59248,80,BENIGN
7240014,38,15,92200.96204897769,745.269215608672,17,40817,443,BENIGN
8354307,80,51,73251.59699327139,558.5623138963283,17,2258,8080,Bot
990221,20,68,49684.26413714917,382.80192565335796,17,59985,6667,Bot
1725149,88,51,76658.91118609019,269.6270688637612,0,27743,80,BENIGN
7845970,99,30,13060.904754276215,1097.9366404527968,0,23085,8080,BENIGN
483542,44,83,31019.963961417117,230.22360054809315,17,51632,80,BENIGN
5272325,51,22,2689.6388576857057,268.613354288513,17,39271,22,BENIGN
4109645,19,95,64502.464160974014,874.0655939496723,17,3854,22,BENIGN
9809535,68,41,80553.76380815145,354.59471083691136,0,10288,8080,BENIGN
6622866,700,80,94628.55535131677,33.78702159884477,6,53908,8080,DDoS
1751897,346,61,68650.71850502412,74.35071441287775,0,8778,8080,DDoS
8486114,13,76,73209.12402227292,426.1560403331099,17,24796,21,BENIGN
3452914,62,49,89545.57782349511,528.4602912868611,17,40671,22,BENIGN
6870779,61,76,93637.80288581262,331.1061040374712,17,8197,6667,Bot
8038862,944,80,49129.754986970576,45.57483286637604,17,51254,22,DDoS
9410144,98,14,10978.738970827428,1488.751865819357,0,46930,21,BENIGN
34,1,0,46641.73098721572,556.8136132850597,6,15311,3389,PortScan
7355666,51,43,55607.386287228976,986.928961280438,17,32587,21,BENIGN
1609284,88,91,63154.4771395544,961.1237875086106,17,57358,6667,Bot
7913590,48,41,98928.45573092735,1183.9931126167287,17,38410,22,BENIGN
80,1,0,91756.32152907706,1073.6392871306396,6,22910,8080,PortScan
7337995,74,93,39636.42027457285,37.434006278585215,0,32934,3389,BENIGN
2328576,82,34,11345.368627070984,477.64129690543507,6,39287,8080,Bot
484373,19,21,21479.159822267102,1307.9455472593224,0,47177,443,BENIGN
7738966,71,73,17379.962283342054,818.5343234941446,17,5938,22,BENIGN
5113828,57,74,35601.27271489966,174.25164755921233,6,23204,8080,Bot
5386259,19,37,87648.9283945232,428.68259375771095,6,60336,21,Infiltration
9077040,88,96,43796.85061487193,439.41145063302093,17,24760,8080,Infiltration
5646995,170,69,56727.73713978571,23.468137392519033,6,50263,3389,DDoS
726548,212,63,17916.687483871487,81.58143937792644,17,56050,443,DDoS
70563,42,6,49284.82809843965,920.3189588511914,17,21859,22,Infiltration
5450752,87,43,87362.77214002919,563.2557420880615,0,18496,80,BENIGN
6853002,52,75,77346.32635180769,109.25936835611024,0,64493,80,BENIGN
9521891,4,6,8119.071579902159,131.36745883523224,17,14608,21,BENIGN
2866557,4,65,86207.22687501152,642.166161609086,17,60606,21,BENIGN
2431092,5,59,27382.809741992653,282.69094004620155,6,50829,21,Infiltration
4314480,41,0,66571.62493399673,174.30858811090528,17,53285,22,BENIGN
5301672,87,61,14638.290514273134,408.12044635014536,17,51573,80,BENIGN
4911508,565,86,67464.43700858021,24.13185398710595,6,54936,80,DDoS
91,1,0,3570.142885716332,128.06709050775154,17,36219,21,PortScan
9549002,55,17,60064.470107021785,683.374345672012,17,35876,6667,Bot
5596056,495,6,64594.01707613443,37.931065250801836,0,9954,8080,DDoS
8425121,13,53,24449.671405906414,416.5287264079826,17,33621,80,BENIGN
7903502,14,66,93697.608971048,466.77383854101043,17,36791,21,BENIGN
5890398,60,92,4597.238720047947,1328.6267723339245,6,30971,21,BENIGN
6866784,72,9,89170.93267849389,982.0052987903642,0,29550,21,BENIGN
8027622,25,60,38189.7487642531,1200.6139007980441,0,28806,3389,BENIGN
8953138,928,58,71391.47417025059,46.912690703614174,17,62474,8080,DDoS
4860419,44,58,65154.84273479355,1495.2336958298524,0,32969,80,BENIGN
9304188,82,68,16824.62160279955,228.52662746676646,0,21837,80,BENIGN
3641241,10,62,31899.927558985873,1443.6668896543422,0,36258,80,BENIGN
3382015,71,97,52967.348091253385,1355.106696344496,6,31981,8080,Infiltration
8430764,50,7,84651.02703846068,836.8040806757093,6,18288,6667,Bot
2149083,44,77,95486.00759354688,886.238790336578,0,31139,8080,BENIGN
774052,14,54,2058.6633337241756,1167.0708601463737,0,33221,3389,BENIGN
908480,15,5,35255.82554710086,474.0375171642495,17,11571,443,Infiltration
4620892,16,0,66814.39245824626,800.6552774406833,0,63044,3389,Infiltration
1337868,2,55,52772.94332426671,1355.5161747196669,6,62633,8080,BENIGN
3091030,30,96,94302.2115856759,121.00857510759441,17,64070,443,BENIGN
38,1,0,1696.9434535947792,1360.1824306486847,6,25358,3389,PortScan
1514201,82,87,43773.93986176359,1098.5913501480861,6,28820,8080,Bot
20,1,0,66880.38478046222,1159.3703468304118,6,47604,443,PortScan
8913713,77,22,21758.371386795596,115.7827924899737,6,56913,8080,BENIGN
1229558,20,15,72587.13861149484,297.8798699793661,6,59904,22,Infiltration
9555980,49,15,8122.86282213085,1389.3874630119642,17,40387,80,BENIGN
6296550,35,55,45103.85294813154,203.59614374023732,6,62346,8080,Bot
7082222,23,94,67623.49561907047,954.1506262559373,0,30217,80,BENIGN
6360856,97,5,26675.712824048158,1178.3849735449562,17,38828,8080,Bot
4756097,146,29,7384.641767526279,30.619956046480034,0,42423,443,DDoS
1493651,61,62,95702.16097994428,1054.2095127014704,17,19454,21,BENIGN
3973413,84,0,91382.30287952627,117.05323967695676,0,35986,21,BENIGN
2436931,55,50,92636.99116117328,758.1772365031113,6,59253,8080,BENIGN
8743762,67,88,97850.2383297728,514.9610142695433,0,25897,443,Infiltration
3839947,8,45,18469.805441137156,975.6981856908694,6,16989,443,BENIGN
1166770,40,20,15777.599779244521,1335.7271721852221,17,7537,80,BENIGN
680767,59,98,3421.4586207677035,205.72655882251595,6,28456,3389,BENIGN
5319828,893,37,89182.27876177825,93.08553287145008,0,34685,3389,DDoS
5410997,93,68,75276.2841135952,646.3268336251995,6,8424,443,BENIGN
2014117,7,62,63326.24111184941,499.21695282300374,6,50835,22,BENIGN
7084464,2,49,92767.61591861374,730.6468129410353,17,33915,21,BENIGN
46,1,0,57507.66144924972,1323.4781472164705,6,61850,3389,PortScan
19,1,0,12973.0752725548,1461.019661973457,17,62219,22,PortScan
4675619,92,72,17686.44749350079,24.207473328098445,0,50423,3389,BENIGN
4895040,36,43,13218.39303380965,1113.7666838074267,17,27085,22,BENIGN
1999582,32,51,30765.80127230325,930.3201764632709,0,35197,80,BENIGN
3649344,680,8,37949.68331136138,69.7469192733444,0,40895,443,DDoS
4614566,42,98,79683.90646846875,153.09846591523103,6,18537,80,BENIGN
5846966,53,64,19125.391144534344,1220.7925263350005,17,44913,3389,BENIGN
6182819,9,9,72536.51528437021,1402.2137055938429,0,22181,21,BENIGN
1,1,0,49122.850211450765,1369.9311352457694,6,27073,80,PortScan
9854623,87,99,99965.99211282728,849.6476022423666,6,32880,6667,Bot
350167,75,57,77658.24610448691,504.78309462474203,0,56889,8080,Bot
2059485,342,36,96895.29886532927,90.03167574451504,6,36319,80,DDoS
9829954,2,51,34235.15016353283,472.98655293038604,17,17361,8080,Bot
7449294,67,98,12305.019316625787,630.1585037645916,0,57201,8080,Bot
2367422,11,80,50589.580514520596,679.6729774919521,0,50644,443,BENIGN
1375745,50,12,12423.9473863474,466.8862610936032,6,40301,22,BENIGN
6562977,555,5,49245.17048620648,74.56416503660611,0,40693,443,DDoS
9223148,15,57,26994.10261753804,30.82341607143315,0,44810,443,BENIGN
6044095,75,47,49104.72124280867,459.67671836723895,0,6045,3389,BENIGN
6964805,31,31,94963.62036219658,719.0119537568124,17,64447,443,BENIGN
9088603,92,10,28903.40642234972,276.0509079216938,17,19326,3389,Infiltration
6632242,62,80,99343.40493695611,1212.2651737424421,17,42322,8080,Bot
7656595,28,4,22932.94694040855,815.7027927502915,17,32943,8080,Bot
245244,96,5,20810.83789970334,1194.9433889056343,6,24871,8080,Bot
3822827,25,73,54478.85229991892,209.59307990965917,0,4721,3389,BENIGN
1244460,84,96,84204.49383160855,1234.3566614827596,17,48221,21,BENIGN
7225693,92,93,74950.35191817427,1438.2291322354822,6,37625,80,BENIGN
4970909,25,20,72353.69352959651,541.6318993341608,17,5474,21,BENIGN
3049416,282,41,28263.294115213088,99.35563248029294,6,22595,21,DDoS
6622675,83,80,2251.6776070323763,977.3106833989739,17,56468,443,BENIGN
7503376,92,26,16174.82901442524,961.1528836027592,17,44036,80,BENIGN
9538442,1,2,34947.330113917254,186.45269757823766,0,17653,80,BENIGN
7267907,59,59,97168.37505702006,1391.6030013571622,17,55971,22,BENIGN
2960983,69,92,91977.74579738795,729.0031099493166,17,16121,443,BENIGN
906550,74,65,20064.458726609922,1151.3362937420804,6,59354,21,BENIGN
9871503,42,92,72562.24779846957,551.7901607516828,0,26246,22,BENIGN
282240,34,48,57901.68569033815,407.0742300945476,0,8060,22,BENIGN
8213162,66,99,4984.265008772626,184.6824062069873,6,42427,3389,BENIGN
9997503,18,33,37170.56112985897,426.28769784918177,17,55479,21,BENIGN
559081,77,36,48607.374036590256,1490.2780953789186,6,9502,80,BENIGN
8497652,5,41,66757.41233501019,993.7810721473044,17,29907,443,BENIGN
1797619,20,64,29490.51160144435,1208.1178484630027,17,12824,443,BENIGN
3877690,424,59,93381.86290544822,62.01222390885275,0,50021,21,DDoS
7683747,75,89,45187.905670366956,136.90720065795762,17,63483,443,BENIGN
23,1,0,24852.96241169651,263.74775008779056,0,7863,8080,PortScan
4391501,94,58,31642.808724724768,1393.3892241515414,0,64728,22,BENIGN
2928200,96,3,75188.54286189642,855.5394488567225,6,42832,22,BENIGN
1953441,32,13,64028.536757456335,959.5768240006489,17,64493,8080,BENIGN
973837,58,17,74217.802144578,652.8987379318646,6,27108,443,BENIGN
9522095,50,33,29234.18253208998,1225.3545274885057,6,1358,80,BENIGN
5433101,38,0,32684.861850354442,785.5214384517243,6,18294,3389,BENIGN
3903008,441,52,39671.911655078504,24.30105930362597,6,29641,8080,DDoS
6671728,28,21,18859.2998495004,1488.4361732969815,0,31393,6667,Bot
7903598,74,79,69104.45449362481,977.1556407192481,0,54443,22,BENIGN
6062233,86,60,32934.951407784865,802.6441040753524,0,18282,80,BENIGN
5698718,81,21,32623.62241419413,560.4336243125354,0,36358,8080,Bot
7640988,22,49,26936.49698871399,308.15073486839844,17,12902,443,BENIGN
9084240,43,15,45282.780470142534,991.8535255822457,0,35122,80,BENIGN
295966,83,27,77197.60792342106,112.70304371236546,17,44184,443,BENIGN
9185765,81,91,83560.87054582733,1435.3056262946752,6,62950,21,BENIGN
6236993,88,85,80450.78776832267,978.3817041462587,17,2797,8080,BENIGN
6822703,36,69,62119.3577611887,1439.8569044365604,0,60395,3389,BENIGN
7250669,96,88,28042.753505827823,422.96627523799475,0,25499,3389,BENIGN
1805618,52,41,73485.52058083777,1420.8434046473149,0,4777,8080,BENIGN
3623525,36,65,3936.19417421287,925.9452104369037,6,38298,443,BENIGN
3599637,28,70,79815.24073104483,1219.1906699058811,6,2468,443,BENIGN
6521789,78,80,78022.75640665747,284.80648801726755,0,15670,443,BENIGN
6689658,58,34,67000.1113176478,760.1633497575772,6,7654,8080,BENIGN
6299041,36,19,9792.544998557772,862.0613418074818,17,58149,443,BENIGN
6010324,70,1,99734.13355282976,601.4245487339534,17,54771,8080,BENIGN
4091785,9,6,75640.91924009952,394.7844481227582,17,1591,3389,BENIGN
8596060,21,95,73480.68310078929,1359.0666174196786,17,64603,8080,BENIGN
184614,64,48,6400.785252931151,145.8871447755268,0,27297,3389,BENIGN
6736649,76,82,39870.51265728986,247.90089483059825,0,38556,22,BENIGN
9187366,61,75,8617.299964698144,494.35558903506563,17,56812,3389,BENIGN
1258724,94,8,36103.70068090407,1381.2596022156479,17,39599,22,BENIGN
5930049,683,26,57048.55543571834,32.86869154861452,0,28743,21,DDoS
7297091,40,77,87887.21883566152,572.2970639098146,6,26700,8080,Bot
9351160,56,1,28293.773299449687,615.9637585218018,17,33837,3389,BENIGN
4783825,4,84,62341.465248227454,1259.9108368490336,6,44836,80,BENIGN
6671303,31,67,16465.192234480564,59.63377039187485,0,20214,443,BENIGN
2750125,27,59,35396.38569422241,36.78180618689666,17,10754,3389,BENIGN
7785546,58,84,94723.74752363327,88.20535027970978,17,63821,3389,BENIGN
5735730,25,85,74764.09155827315,714.4234009170646,6,20191,8080,BENIGN
2927079,69,48,54580.57641871717,880.2491040200989,6,24534,80,BENIGN
2514499,502,1,25169.67991561616,67.0746129574971,6,50936,22,DDoS
955305,5,16,37970.52226438887,1102.082944112917,6,47318,8080,Infiltration
6666299,91,82,15669.33338525145,300.791204172631,17,40012,6667,Bot
966749,773,87,35346.71930970609,47.818283124611476,0,39920,80,DDoS
7494071,9,19,15063.282628719233,380.39038360792347,6,51688,3389,BENIGN
4981039,15,75,79530.70330111143,240.77470520377682,6,39142,8080,Bot
9322756,7,88,8075.90899422882,381.70545307744135,0,48177,21,BENIGN
7576226,96,86,18940.547980710508,928.2059141809231,17,1684,443,Infiltration
9816697,72,97,69116.6729780754,562.2891587000389,0,7274,8080,Bot
5061600,15,31,90251.67124205788,1156.5104066572744,0,33199,80,BENIGN
1200632,862,50,96459.16097676018,29.03142407722268,6,50873,22,DDoS
7496387,83,87,83602.29167407767,333.8179673328443,0,8990,80,BENIGN
5193478,39,41,21147.177636622495,711.7253608633413,0,15857,22,BENIGN
464562,802,62,28571.128583204976,39.051179353491904,17,10246,22,DDoS
4869023,83,88,87075.2352998553,1301.96855771465,6,18232,443,BENIGN
7930321,57,60,88933.29647441108,1253.9020480976758,6,60707,6667,Bot
6010654,92,61,64065.31658201125,651.1901565641472,6,2002,21,BENIGN
4603723,81,2,31364.109918687,978.5602122643726,17,39253,8080,BENIGN
7962466,19,88,22405.66630459767,460.7510739052469,17,59671,8080,Bot
62,1,0,85228.26992627463,956.8448979856511,17,60951,443,PortScan
5140809,31,75,20525.49984497558,1370.9328186433272,17,46391,22,BENIGN
2480117,75,25,66180.4350682417,944.3232991021497,6,13012,3389,BENIGN
4816229,79,47,96795.33427341322,469.58231937694586,6,2748,8080,BENIGN
8207723,10,7,70529.13924997943,973.095466588323,0,60906,8080,Bot
917572,87,4,25767.031316459754,1356.0769128327197,17,7244,443,BENIGN
3649379,737,10,28250.590127444488,57.96565842940093,0,56443,22,DDoS
5016339,277,41,9289.47754209054,61.45454961730745,17,14277,21,DDoS
3221231,3,98,68623.74899608121,495.155405904947,0,3355,21,BENIGN
8977282,18,90,51843.568146379934,377.37183176221964,6,17055,8080,BENIGN
2434238,25,40,20647.169953616707,606.3892849227311,6,24396,3389,BENIGN
8493635,20,18,22766.83005494301,603.0727080520923,17,15841,21,BENIGN
73,1,0,902.4554767183113,331.4408354019755,6,63711,22,PortScan
6590928,93,52,97841.93991066462,617.3651901964596,17,37621,8080,BENIGN
4217790,86,54,82801.81855409314,957.9230940179826,0,63565,3389,BENIGN
3649986,50,60,39416.99505282231,58.08330850154965,17,40543,6667,Bot
5533426,79,31,94608.98507940918,1484.0533147190163,0,26156,8080,BENIGN
4446560,10,45,67711.99391544015,457.99760087258414,0,31812,21,BENIGN
7293808,21,91,75146.25356278136,942.9951394675886,17,26722,443,BENIGN
5044180,29,35,67995.54998737403,439.6524388463081,6,25463,8080,Infiltration
953222,340,17,75684.88319542907,94.76650070426886,0,35907,22,DDoS
4663854,10,73,17093.892813557664,832.8714641872567,6,35917,6667,Bot
4517662,13,95,56239.799753479805,925.5417039019424,0,4241,8080,BENIGN
6540280,47,17,84937.62753884574,1160.2777652897303,0,42058,21,BENIGN
8503297,23,11,1954.258397005837,1191.6920460360884,0,23378,8080,BENIGN
1194082,50,71,12344.295338854105,787.6807051014789,0,42497,6667,Bot
9007711,87,96,24563.980966108913,132.07411631035896,17,63457,22,BENIGN
8582547,95,45,29472.669672767694,845.5196671491153,0,56194,21,BENIGN
6654854,4,54,18270.3866590735,726.8188204226215,6,41628,22,BENIGN
506553,67,37,62433.03899310662,338.77217875261164,6,47190,8080,Bot
6548994,85,77,29401.907119374348,35.04105054488795,17,23289,8080,Bot
2507843,53,1,15809.984371359154,487.62964178746387,0,24623,8080,BENIGN
1555911,884,8,90582.61821868003,27.25433986454047,17,30461,80,DDoS
5077298,732,4,69503.45315473295,48.62459601339208,6,14912,21,DDoS
6184477,65,97,24605.87465751247,1147.170322491482,0,14377,6667,Bot
3845574,79,18,36095.36333111718,669.7792164041169,6,5253,6667,Bot
3924582,57,70,74078.55628886986,1428.3212616521655,17,24378,8080,BENIGN
28,1,0,79091.0073570479,347.5437108038291,17,48720,3389,PortScan
4947896,70,41,17643.61654202291,347.0090215208657,6,53266,8080,BENIGN
4290797,7,16,93657.60840737318,914.5853530013707,0,15211,22,BENIGN
6887040,19,62,78527.19389900123,1346.468638802945,0,44723,8080,Bot
3812110,44,89,85681.44371338538,1014.3491995681113,6,12092,443,BENIGN
84,1,0,14385.880696329934,1017.0437797419869,6,52207,80,PortScan
1570989,65,90,14336.715221338303,1213.3032421738787,0,45175,21,BENIGN
7373472,39,91,30536.884422536747,1009.6457232471744,6,17281,3389,BENIGN
3071740,83,19,6464.641962497297,1143.834599290238,17,4430,21,Infiltration
9934199,26,69,9106.73268557709,1301.8686431823312,0,54166,8080,BENIGN
5254074,44,7,14320.715551993724,31.707847181351703,0,58898,22,BENIGN
951022,12,95,71242.97326849471,1330.7219073833578,17,25440,443,BENIGN
1684549,180,18,3023.029164119917,60.48393691129027,6,46149,3389,DDoS
8854298,77,31,8324.478136860058,1369.9161056391686,0,9649,22,BENIGN
5753471,92,18,94418.35361856814,413.9512770158718,0,63676,443,BENIGN
1433384,14,23,8365.668167234408,693.7536302192564,0,49554,3389,BENIGN
80,1,0,53746.23702690018,1402.147387311787,6,35421,80,PortScan
2999710,30,55,64257.31922627426,182.42528281070548,0,12949,8080,BENIGN
2298856,44,80,95859.35137152951,1123.019030025244,6,16770,22,BENIGN
7100152,84,17,89980.27179116438,600.8239852775974,17,37499,8080,Bot
2788207,946,11,44068.27671866021,29.061406477775662,6,23684,8080,DDoS
8418965,38,40,94216.40613165048,1409.9169391818125,6,61661,443,BENIGN
4601831,394,86,43226.587479791815,75.02416186213395,17,9282,3389,DDoS
7173977,42,47,66991.87154706322,1165.729820878537,6,31675,8080,BENIGN
985357,52,81,25960.80707181935,588.7198172791956,17,28454,21,BENIGN
1101367,63,63,63664.45258895432,1219.6627339000922,0,27878,21,BENIGN
418929,61,15,53818.89446086655,1130.425151881599,17,9883,443,BENIGN
7041006,34,79,60683.10427542453,957.1634423302984,17,13184,8080,BENIGN
3438880,39,99,68265.12013336616,1410.0493252313001,0,17557,22,BENIGN
7517850,41,22,17345.53001021375,166.40675150458148,0,51308,8080,BENIGN
1547033,37,85,30126.280097566192,1201.8971101987363,6,47532,8080,Bot
8714037,65,38,73624.1386925528,1012.7622167651639,6,57838,8080,Bot
2956251,79,32,16382.39862706824,485.7866989568356,6,30514,443,BENIGN
1227322,32,23,34424.013871895084,828.0388432498379,0,38502,80,BENIGN
1543912,8,60,66647.8691093093,974.0489663168023,0,22608,80,BENIGN
77,1,0,93765.09851916737,1109.6817237708758,0,14953,3389,PortScan
6835132,18,60,7530.020679956407,296.8483864329513,6,15154,8080,Bot
865356,45,83,51656.07990906703,171.1280110655645,0,34331,8080,Bot
7948845,93,96,8190.53392377539,171.0427190251247,0,31481,8080,BENIGN
1017,96,94,37913.195095154064,454.9256196470783,17,31729,443,BENIGN
7304100,33,39,17538.650408734535,248.1762679975677,17,2845,22,BENIGN
7150506,5,57,64943.842257851335,812.749528003339,0,49639,80,BENIGN
7069031,82,71,75783.25519546938,666.819188167778,6,49159,6667,Bot
4473547,712,73,24734.320655888365,61.20224730538166,17,42458,21,DDoS
8650799,36,0,71288.7149052746,1081.7556767441358,0,52477,6667,Bot
33,1,0,44681.89378566797,324.6020675087218,17,29224,80,PortScan
6877013,23,24,28358.00303890701,87.67597534699308,17,52716,80,BENIGN
6140096,258,95,52340.166868673456,56.760953415873665,6,11928,22,DDoS
7557873,5,52,37965.01438209656,1271.8247790176324,0,36410,8080,Bot
8637973,34,60,22999.625455524674,1057.4705585694408,0,41164,22,BENIGN
7737877,24,45,75684.47961299842,972.8156621666647,6,20257,8080,Bot
7554259,17,73,79752.4148935303,388.98630134075955,6,12454,21,BENIGN
6565892,95,59,80031.22407550034,752.0131818135516,6,16710,8080,BENIGN
1384922,71,50,38214.279603569456,1092.9433119486932,0,16243,80,BENIGN
1807502,81,72,16952.84514093729,306.19466366092195,17,8917,443,BENIGN
1950002,92,83,84041.12815074784,725.284444790395,0,22752,22,BENIGN
9524079,22,47,32926.387648621334,193.20184081836754,0,56749,80,BENIGN
7505291,505,83,74806.68022520196,72.48644590656718,6,16165,3389,DDoS
8717529,15,39,81745.05610441147,868.8352027606552,6,6622,21,BENIGN
9048695,25,6,76815.24976027578,812.3707330965219,6,27756,21,BENIGN
243977,53,74,38980.60306908077,714.807635858268,0,20896,80,BENIGN
3345126,157,84,93801.67265892704,43.02517528352097,6,55668,80,DDoS
9936127,66,18,66016.24168030491,1495.2632912563834,6,44787,3389,BENIGN
920859,91,14,57574.628432132326,941.3539180771736,17,13589,21,BENIGN
1761469,636,69,69790.91020750138,47.14616813460754,17,53658,22,DDoS
5786672,21,60,4472.712326539008,304.33893379769626,6,47294,22,BENIGN
9855880,68,55,39051.497277863804,804.4346396949284,17,44698,8080,Bot
7562260,44,9,88121.71538462109,31.107973906120243,0,14356,8080,BENIGN
8386469,83,45,16107.970149571416,66.55747267542598,17,32692,21,BENIGN
1859097,374,79,41440.06477363297,33.01587986566538,6,55970,443,DDoS
4980349,90,74,40524.799117197086,710.5687070137715,0,58617,21,Infiltration
9807534,153,56,35604.17107030245,61.8980774696773,0,17966,22,DDoS
4975567,14,34,56235.132885898,1334.2464634520152,17,27185,22,BENIGN
1429390,15,71,99619.80495856945,1162.199419055958,6,29046,443,BENIGN
5188857,20,91,25584.88487866297,463.9658999111826,6,6793,22,BENIGN
2120811,34,2,70495.71225749915,1120.3565805737117,17,62062,6667,Bot
521344,36,65,75799.49977756706,833.098802800484,17,36123,22,BENIGN
3,1,0,58449.84796796623,1173.1883046593161,17,14055,3389,PortScan
1399869,9,77,9747.568790118099,628.353400330437,6,33572,443,BENIGN
6913844,71,51,57237.34973452973,156.00210915706887,17,7848,8080,BENIGN
5919459,30,92,95346.44756724873,935.3618985234049,17,22496,21,BENIGN
8876759,77,52,34206.01443886735,844.4155897533258,17,51900,6667,Bot
825882,91,53,63968.81263794283,1431.3332266908283,6,51762,80,BENIGN
439539,63,46,95939.77324252483,259.9526059371836,0,65031,443,BENIGN
1264234,298,2,79799.0281234747,49.7927002999345,6,5860,443,DDoS
6767667,13,64,68830.7729697043,721.6287218572768,6,43889,443,BENIGN
5760019,79,14,97114.88787683142,580.8052349277951,0,16825,22,BENIGN
1894654,46,83,17058.29552988002,1195.9599946538676,6,36584,21,BENIGN
79,1,0,77274.87884998387,1219.7623999899665,0,23996,80,PortScan
16,1,0,40683.57673227734,1077.6088707556808,0,34208,443,PortScan
7984738,87,49,36043.168768050426,143.73022108923652,0,28178,443,BENIGN
947372,36,32,52067.251440196036,530.7638567033355,0,45597,443,BENIGN
4914182,3,72,3375.105877745821,89.19027427535958,6,24013,8080,Bot
5730582,98,2,31252.96209283628,528.6481591288587,0,14477,6667,Bot
5941128,19,1,16621.549452341187,978.9183123104639,17,18211,80,BENIGN
6600530,28,3,13869.089941730472,787.6860223834848,0,20358,443,BENIGN
6344002,23,15,33734.051002009815,1060.34649959526,0,13427,8080,Bot
3119834,7,53,80226.43580107093,836.1634499573388,6,12394,80,Infiltration
7748508,76,32,20111.106785506872,842.6043891436159,17,2593,6667,Bot
712043,14,8,53141.578443240964,776.228523969007,0,12465,443,BENIGN
2621258,46,56,74865.61940351549,559.2015220651117,17,31775,6667,Bot
7730584,15,39,24097.153490511857,680.9160219838542,0,42281,80,BENIGN
6143343,67,51,92420.32957557718,186.40786202867946,6,4256,8080,BENIGN
2438164,15,81,86649.79033316034,1255.0725065627003,17,31606,80,BENIGN
5754740,101,15,25117.821173384258,40.82646911405871,17,42765,3389,DDoS
4230307,88,7,98963.80673657938,1154.0808039221133,6,36824,22,BENIGN
5446541,434,86,66917.10941150163,29.979376620348148,6,38299,443,DDoS
1998273,69,59,28610.003742040037,862.3852871109574,6,50153,6667,Bot
5858304,62,35,68103.7455305568,716.0789709255057,6,54897,80,BENIGN
4706897,51,2,66624.82704032915,362.3931627498031,17,42406,22,BENIGN
1490117,63,14,60619.362473432906,588.0296609186873,6,10333,443,BENIGN
3102741,121,96,71169.61110784748,21.85801634121284,17,5662,443,DDoS
9258154,78,81,26831.569037524005,235.7884584752565,0,64663,80,BENIGN
641693,16,22,97898.54855895345,823.1712246293874,0,63218,80,BENIGN
9855838,84,2,85789.57572751581,1302.4581824926345,6,54147,8080,BENIGN
1534327,24,29,74574.13526293209,690.4424879105017,6,8653,21,BENIGN
2298005,6,44,2630.499360324912,916.303193048068,17,33544,22,BENIGN
4197179,57,16,59038.5373250624,1245.1338655683594,17,57699,8080,BENIGN
30,1,0,70648.39881423805,830.3908099944448,0,44869,22,PortScan
4109170,593,57,85409.98271078832,35.4681817153001,17,58903,443,DDoS
1806310,99,95,94615.71217889425,533.9631251609006,6,3289,80,BENIGN
3989384,79,56,91585.30999417524,1104.8743593625481,0,26977,22,BENIGN
6356705,29,6,40604.493248268824,80.71154862921247,0,37440,21,BENIGN
8415324,265,38,89650.11879739529,39.794095746113626,6,58070,443,DDoS
4940459,75,77,74.88092148711934,963.1983409232724,17,33168,3389,BENIGN
9622923,3,57,35147.52115077865,684.4527359812181,6,59491,443,BENIGN
3838287,28,55,11388.106923039364,1245.9564415010123,17,34212,8080,BENIGN
4401307,216,14,88306.77000502024,58.8349045398904,0,41265,21,DDoS
6091211,97,43,92798.19054335853,1155.4683038696962,6,49401,443,BENIGN
1038318,874,11,25600.84181502237,39.279729876618894,0,7596,21,DDoS
8741073,80,7,36731.04481254633,1396.6169367610037,0,33043,80,BENIGN
25,1,0,98387.76194170924,639.2902203338748,6,60730,3389,PortScan
4109504,972,40,56606.34637293964,85.41227949339878,0,1338,21,DDoS
8750017,442,33,49705.58434216396,57.930311210279434,17,40025,8080,DDoS
4250267,69,45,50043.54250165772,1422.8715213258179,6,31114,8080,BENIGN
3318943,12,87,69618.81792727826,1378.7609581977147,17,19894,22,BENIGN
9940607,57,28,95454.30347720139,372.14961640090206,17,50003,3389,Infiltration
9166343,44,15,36662.24297523728,1014.5713951161343,17,22778,80,Infiltration
9102048,13,4,17265.794614904295,829.3498290543416,6,51776,80,BENIGN
7292016,24,4,18501.289215299043,1093.1541704371189,17,22763,21,BENIGN
278595,44,29,2035.9038084906688,740.660615881576,6,61516,8080,BENIGN
9219965,57,49,55541.04961192942,715.2494718702495,17,3641,8080,BENIGN
1846457,96,4,92911.72188704507,1326.4061318357142,6,50275,8080,BENIGN
9711881,16,12,71307.6895378948,1309.459491654654,17,59258,80,BENIGN
5917154,96,98,99296.45265724708,1185.642561271204,0,42795,8080,BENIGN
7880155,21,48,90952.74074254557,1063.2444247977983,17,30693,22,BENIGN
3030586,76,88,49185.76733904242,1023.982536813119,0,12748,443,Infiltration
3980153,51,49,48654.93805911981,103.14922072049701,0,43405,8080,BENIGN
700133,21,13,62835.72298285682,1129.3135543210417,17,37835,22,BENIGN
78,1,0,11093.559740231107,964.3946301069957,17,25844,22,PortScan
7036378,51,89,60768.424045126965,467.56886645155345,0,20860,6667,Bot
3901503,21,81,46407.401981181814,1233.7501995444334,6,27699,80,BENIGN
134545,6,83,64274.042667261136,1252.02166696748,17,23713,8080,BENIGN
1845800,73,33,56520.996828519244,1399.6421875353478,0,12478,3389,BENIGN
8304931,677,70,31039.58602845186,69.90486114534026,6,60537,22,DDoS
6882827,76,46,60776.198301840675,835.8499542281177,17,29082,8080,Bot
871635,58,59,36601.43528696798,1360.8122900173473,6,2037,443,BENIGN
1742266,78,73,19462.11406478179,488.8660724171955,0,64267,3389,BENIGN
1035508,6,78,67507.08477580316,1199.0311032617367,17,5413,22,BENIGN
1461412,65,80,30634.70930185802,1488.1105785276918,6,1269,8080,BENIGN
7627842,86,10,88902.47798660361,984.8647787514666,17,46051,80,BENIGN
1,1,0,19933.245971421366,1475.8818871935066,6,59575,22,PortScan
8885148,56,90,60014.4038432514,783.4023989237897,6,4544,8080,Bot
1472026,75,84,57154.877484925324,246.51901549976452,17,27993,22,BENIGN
9840845,3,94,19774.180080115155,279.88190332432237,17,37031,22,BENIGN
2873624,42,49,43988.68388645398,1102.4342331521495,17,10855,8080,BENIGN
2742555,62,3,67553.87715427943,21.34497463042736,0,20884,80,BENIGN
2269509,6,40,31852.720448997417,999.5941209359593,17,57759,8080,Bot
6013804,6,58,11383.0657407465,243.88223056684976,6,11864,21,BENIGN
295699,63,59,61524.07149578807,1476.8655044477448,17,37387,8080,BENIGN
1557109,20,80,22412.19022605161,261.42874063243454,0,15960,80,BENIGN
598004,983,61,68147.49796695876,36.635067558321374,0,41625,80,DDoS
116941,388,83,83946.70965841674,53.290250317948676,17,44067,80,DDoS
5907826,437,24,12335.537144979558,68.22218855716112,6,18447,21,DDoS
8558642,95,86,43760.91022213009,699.7103038013332,0,40141,8080,BENIGN
5826138,90,78,44492.22693488027,1402.022161795377,6,14829,8080,Bot
1135370,220,32,63253.591865429415,44.88367103459094,0,11937,22,DDoS
237168,96,18,33440.792879756795,393.0487113884545,0,32624,443,BENIGN
5024692,975,56,41856.91555887802,46.89579271248216,6,25495,21,DDoS
1604343,234,14,1199.1244028255244,84.59401468335527,6,61127,22,DDoS
851261,70,40,12242.591118325929,770.9388916435448,0,10202,21,BENIGN
4773045,23,68,56986.20995550041,1105.1095496208231,6,44454,80,BENIGN
9094064,92,79,21589.58002950281,642.6075500732359,17,18367,8080,Bot
1638946,30,59,14457.688979637507,26.41849924605623,17,3276,443,BENIGN
33,1,0,32441.276796416318,411.5176280746424,0,38044,3389,PortScan
9848118,37,21,16353.569493312347,1419.9398859944135,17,22942,22,BENIGN
7871007,55,42,5962.2436478102945,1149.5704146879918,0,22334,3389,BENIGN
8713642,96,31,28385.824914417535,300.510059886067,6,1322,21,Infiltration
1802566,49,12,16435.84413655511,118.64642805426321,6,17426,21,BENIGN
2382965,34,37,79939.57423348364,539.1794097069334,17,43506,21,BENIGN
9186291,44,25,6265.696693066314,1257.7268548018455,6,60553,22,BENIGN
464410,414,80,74744.32367666921,86.9745096258786,17,26299,21,DDoS
3714855,31,4,38279.63474832018,824.1637295185185,0,62506,443,BENIGN
8945950,7,48,67532.1309349395,427.0003626753184,17,32047,443,BENIGN
37,1,0,5268.9436333389185,1094.857433062045,17,23847,8080,PortScan
9156931,16,90,92070.39947895709,20.607267439332496,6,16673,21,BENIGN
4303777,20,4,76737.56972516094,430.21770798194035,6,33133,8080,Bot
4098635,43,70,14014.307187422615,1025.2905394207974,6,50800,3389,BENIGN
4753392,44,47,21878.437102736036,829.1907577841533,17,52592,443,BENIGN
9561012,827,17,64399.62326394858,62.6352745937464,6,62442,443,DDoS
6228052,19,94,92156.26042943503,253.36038149199686,0,18560,80,BENIGN
5674038,48,5,44583.23910062335,805.8437916617503,17,2322,80,BENIGN
8009392,603,65,48563.279502180565,91.7128604247282,17,33024,8080,DDoS
5108828,79,76,23780.026138902966,966.0458061857134,17,17783,443,BENIGN
5060895,69,41,38301.08756211322,214.3869382358589,0,55383,6667,Bot
5769149,11,51,28601.77028303057,240.06683978536248,0,54168,21,BENIGN
919234,79,10,35057.114963781314,505.7437576093391,6,55235,8080,Bot
1855897,29,25,2059.762475534721,614.8215076277893,6,23767,443,BENIGN
6379615,366,20,4106.074467223775,78.93456023970714,17,2406,22,DDoS
8078986,68,65,68068.6533908903,879.4461676104215,6,51027,8080,BENIGN
4636540,36,39,68179.51889226287,713.8444533245453,0,6624,6667,Bot
6489859,48,55,33023.0600335835,87.5453087345541,6,10523,21,BENIGN
8899870,87,50,88546.23967538368,528.3213578398185,6,45162,3389,BENIGN
2570825,239,19,26611.211619992337,24.42412687114406,17,47916,8080,DDoS
29,1,0,39578.47819738937,194.76398606561733,0,42466,21,PortScan
7201087,67,79,73137.5624283156,157.37888028685867,0,26647,80,BENIGN
5324952,757,56,74356.81177907002,64.75787576145194,0,16615,443,DDoS
5580609,74,4,86116.57627051837,1223.122389367708,6,6187,80,BENIGN
1317721,40,13,2905.904190596242,948.8071470231595,0,64897,8080,BENIGN
37,1,0,18375.868114115845,770.0357469280472,6,10134,80,PortScan
61,1,0,64057.17706700609,1103.7411188627004,17,52704,3389,PortScan
2367993,63,51,33819.97692364037,1442.6111885354637,0,29683,8080,BENIGN
9829059,81,47,4356.167093086816,638.1592150123299,17,56397,22,BENIGN
5766240,85,87,58646.66739066885,563.7696750262671,6,52541,443,BENIGN
5053227,51,46,39307.31984648116,1467.1048747268671,0,11406,22,BENIGN
739674,79,59,36409.485854401704,1161.5689407330026,6,41887,3389,BENIGN
4071595,58,72,26436.428468582584,1170.1246149950648,0,49878,21,BENIGN
325537,15,2,599.7893116962638,907.9145966325422,6,54787,443,BENIGN
2091113,65,8,18236.001697062686,770.3724748627079,6,47315,80,BENIGN
8,1,0,47423.52978186051,834.8757311676835,6,60415,8080,PortScan
5991405,55,99,27573.64530878068,985.0858750237329,17,56189,443,BENIGN
872934,76,82,87438.86792634551,577.7222387576006,0,6942,21,BENIGN
4637470,10,23,14299.96621563664,1177.796251572177,6,47930,6667,Bot
6626479,42,3,87534.02870362015,1365.646996517579,0,2758,21,Infiltration
9008404,95,8,40482.580849570724,865.4998555252467,6,2560,80,BENIGN
5887874,11,96,27584.031306871413,584.5839219279538,0,60740,6667,Bot
1,1,0,30429.18585148395,1049.472881616627,6,10765,8080,PortScan
1032599,73,34,33007.07928289921,289.6035401872245,6,2269,80,BENIGN
3820988,78,73,50656.39846823781,1453.4875193776566,17,36325,6667,Bot
7730402,19,11,35388.23112638045,993.8212848790339,0,51990,443,BENIGN
7534604,31,17,64720.63470381876,120.00171016796229,17,37318,443,Infiltration
2331448,73,77,42517.90070829311,804.0301058473024,6,10347,80,BENIGN
6565369,584,9,67164.3709682707,75.82346379254946,17,56806,80,DDoS
7199207,90,73,60442.641835160204,431.2119691157934,17,13681,21,BENIGN
2806384,8,17,24445.397242926138,95.46451963998949,17,15989,6667,Bot
6572631,24,23,81277.32878500882,743.9604080919108,17,28559,3389,BENIGN
63,1,0,79898.14677729235,1253.764176328662,0,54664,22,PortScan
6816180,83,93,98898.04670163755,392.2708711392398,17,54390,6667,Bot
5550660,48,78,17505.01344334564,1081.1794083812397,6,16892,21,BENIGN
1230896,30,71,84783.82192736854,623.5302104673867,6,19181,80,BENIGN
114036,58,98,87198.09225426152,108.25544604455021,17,46433,6667,Bot
4210683,86,81,64216.41666023702,469.865313718696,17,26365,443,BENIGN
7539869,55,15,50638.47777826904,484.5755597970052,17,56222,6667,Bot
4280528,73,84,95725.95561690333,1358.9031523284434,6,44988,8080,BENIGN
2433451,62,14,97269.19278763293,1472.9872799145644,17,18988,3389,BENIGN
2189163,48,61,64169.74563422011,330.45633853552226,0,43645,80,BENIGN
2819282,4,4,35955.98579241624,657.1590120856083,17,10886,8080,BENIGN
9382686,37,44,81716.51834659438,1465.521111921236,0,16696,21,BENIGN
447344,8,51,8925.546721492294,622.7568768846702,17,9202,6667,Bot
6252116,1,70,29059.564402978645,536.7732250864109,6,2111,3389,BENIGN
9227635,92,6,98555.42947728501,182.62463847438113,6,15617,22,BENIGN
8471514,70,26,81433.33872069695,1134.8610618430434,17,57349,3389,BENIGN
1278773,484,88,93958.24715691237,63.27078652228195,0,62315,443,DDoS
5168738,75,85,59479.4571385757,965.2211690597553,6,31036,6667,Bot
4115841,5,12,40767.24581481159,774.5880235146277,6,4513,443,BENIGN
88,1,0,97969.01033910378,278.31496512063217,6,23568,80,PortScan
3457621,24,43,30942.558585715473,281.0272975616912,17,13593,8080,Bot
65,1,0,75741.42789089233,1410.8393614811928,17,9035,80,PortScan
5044929,18,89,55820.69579002082,1336.4883363304855,17,36392,8080,BENIGN
5683960,84,72,22850.714551446537,923.7383273840005,0,3513,443,BENIGN
2438810,28,4,1748.3287408542658,21.84149400115771,17,40301,8080,Bot
8887220,77,32,38376.40905040834,661.2775483725032,0,57698,22,BENIGN
767542,5,3,54768.53928773087,805.033447733211,17,48482,3389,BENIGN
7936727,30,91,18319.04009534666,685.1679549594456,0,45365,21,BENIGN
8863986,1,25,41455.48858612267,1389.6651809591813,0,59804,443,BENIGN
1930540,86,67,61518.993065895986,80.48144535865234,17,50991,21,BENIGN
8768301,82,15,71492.31264211245,989.2941897721685,0,47077,443,BENIGN
495055,220,21,5274.252990653738,86.55806802542237,6,9054,8080,DDoS
5478978,69,35,66418.08218023609,848.0260425820151,6,58599,8080,BENIGN
9908888,31,57,5666.730887771987,990.7576683667136,17,27084,21,BENIGN
5679587,356,54,2818.549535934378,44.06697038944568,6,41049,21,DDoS
4840449,91,34,15241.202591050573,239.59408822858845,17,24725,3389,BENIGN
46,1,0,65364.40572115654,788.176431938835,0,45639,443,PortScan
6096796,89,71,5282.144288445667,1400.7751256290717,6,25447,8080,BENIGN
2914711,894,80,2089.621220557414,25.238330651792893,0,35270,3389,DDoS
1308114,28,60,11795.951134755389,201.9509596959471,17,38276,21,BENIGN
2247780,16,17,94972.0990710571,1239.7612765069855,17,35123,3389,BENIGN
6589254,346,57,90727.77499272165,70.68964230281023,0,35072,443,DDoS
43,1,0,8646.597509965404,567.9211243234332,17,33324,443,PortScan
298883,12,56,30401.318351656304,654.5605463687195,6,36213,6667,Bot
3602671,684,96,94729.24390472667,78.46404904366423,17,12839,22,DDoS
8341060,82,86,9768.76734565012,618.5885711955054,6,36031,3389,BENIGN
9526321,548,62,9459.598198103426,81.22030946329315,17,61962,80,DDoS
3880028,53,11,8600.389773472894,350.5713346586762,6,18813,443,BENIGN
7039979,64,10,97647.62390986759,716.2194682713164,17,57779,8080,BENIGN
2115326,23,12,74310.85132824325,49.61267645253485,17,43871,3389,BENIGN
6962465,27,34,21448.436735929845,771.3455605711797,0,60550,80,BENIGN
1340783,17,26,4594.726129650295,185.2991937799149,0,58546,6667,Bot
3630500,48,88,96524.15089115333,437.7091945075184,6,32988,3389,BENIGN
5994702,21,66,42548.90417596912,500.81262358638446,0,23773,22,BENIGN
2854219,50,88,59837.53882949746,141.88188595002686,0,9108,80,BENIGN
2673805,40,44,27919.62334981254,553.6379218514409,6,9766,6667,Bot
6307617,95,73,75836.03222909327,757.124954908997,0,7151,80,BENIGN
3597270,3,80,19680.234589401647,658.0212235646134,6,30251,3389,BENIGN
3305710,17,66,78691.19333755145,435.0294656221176,6,5098,21,BENIGN
8841930,61,21,23060.304333503467,456.3853418505605,6,55608,443,BENIGN
2088718,50,77,9791.222568414349,957.7028923680266,6,55080,21,BENIGN
7596637,90,90,47882.25545308036,1083.2259044378332,17,45350,22,BENIGN
6923072,87,41,81321.68068956508,873.2653647953994,17,23187,80,BENIGN
4400952,6,19,38486.46964621692,1464.7583002240476,6,6677,21,BENIGN
10,1,0,2887.365066928005,1418.41361362631,0,21660,22,PortScan
2593257,72,17,55330.97122982638,165.73405313695997,6,6957,21,BENIGN
7058121,55,76,68047.13889235276,406.8341193260415,6,47555,8080,Bot
6120022,58,69,74069.49453360068,1305.2232870487471,0,31746,21,BENIGN
5575577,45,73,40192.4954309284,63.902000984994494,6,25800,443,BENIGN
6919979,72,92,9701.963149240057,896.451806605428,17,24964,3389,BENIGN
7759180,19,5,58432.64344633864,1432.659318801485,6,4919,21,BENIGN
6662164,943,38,32954.78852381818,20.884841874847293,17,26946,21,DDoS
217414,23,10,94688.7482274853,156.06130166196147,0,5464,21,BENIGN
2635222,32,24,50271.210806132774,1126.770241821167,0,3487,21,BENIGN
5728494,10,93,47226.604679897864,577.1973018967615,0,19552,21,BENIGN
748792,91,54,30920.95323183568,1383.869749368517,17,56273,80,BENIGN
2383062,419,83,33878.65053835479,73.87025986599474,6,9836,80,DDoS
3466789,65,57,51275.478407991206,720.3834110993255,0,40675,6667,Bot
1614794,29,36,30666.47953149948,1124.978629674904,0,2801,8080,BENIGN
8970612,660,15,89230.48843684122,21.658222744174598,0,37672,80,DDoS
4465769,45,94,43901.79324291087,289.03787420696335,6,56860,22,BENIGN
3881243,67,92,29202.208401302432,24.008049720772636,6,47462,8080,Bot
4911177,819,69,15539.483354114936,81.98288132863567,17,46958,21,DDoS
1945637,95,92,67235.07263003581,1394.353858544374,17,18540,21,BENIGN
7941338,980,95,2578.694328558406,76.2484112505276,6,33217,21,DDoS
8466824,86,72,44999.57871699404,84.20022303108883,6,48650,6667,Bot
8773078,82,36,55012.18203672239,938.2382975298507,0,18362,8080,BENIGN
3374759,861,52,33978.46108803316,65.39311229135522,0,48222,22,DDoS
519485,6,86,74981.77472750057,770.230107020587,17,17539,21,BENIGN
1572238,67,15,67566.04968379388,584.663967411907,0,1628,8080,BENIGN
5180803,62,17,97139.89875699616,723.6273035406582,6,38453,21,BENIGN
226356,5,18,50876.679928968195,260.7076238306997,6,24817,80,BENIGN
6853978,9,43,53781.2364629383,153.49878326558672,17,18808,21,BENIGN
8809247,28,1,24583.93191938222,1128.506499067786,6,12482,22,BENIGN
7849553,83,57,38548.38907307205,383.5868048881823,17,46337,22,BENIGN
6494390,92,9,2686.059115830397,1204.6276612397292,0,62443,8080,Infiltration
3373407,91,75,68927.47885976895,1142.501977419491,17,29539,21,BENIGN
550342,77,45,31162.279968354,313.6007286571514,6,44877,22,BENIGN
7001937,38,81,54036.70096666979,1364.2699465343953,0,7471,80,BENIGN
3497931,43,18,25499.239641094908,258.6937953061837,6,3572,8080,BENIGN
2848539,21,37,62103.62003396587,1199.7757078313512,6,48707,6667,Bot
5978206,91,36,44758.24929540444,642.3899066778623,0,13099,22,BENIGN
8065919,62,90,48186.06523862942,290.86414721995993,6,64701,3389,BENIGN
8334020,46,77,94260.71398153262,1408.4047486392824,6,23167,8080,BENIGN
8120866,70,44,70616.03231238601,1445.6210798727375,0,35677,21,BENIGN
2021935,262,33,26189.973560007395,60.505952478035766,6,1362,3389,DDoS
9188395,49,1,50392.18177414254,714.3782860876635,17,27666,443,BENIGN
6427195,75,43,46667.28190519783,1353.2457645215595,6,6827,21,BENIGN
6078259,81,96,79505.26068783637,902.2822828608529,6,7582,21,BENIGN
3531774,268,82,83335.51140962026,77.20862904402145,0,64573,80,DDoS
7336402,71,26,28344.28227417254,649.291940144829,17,1934,6667,Bot
6282927,646,47,82115.14539062363,24.575624668556777,6,54172,443,DDoS
82,1,0,17950.140529100147,1292.1536948850462,0,48194,8080,PortScan
85,1,0,76277.05545376954,1410.0941491526398,6,14034,8080,PortScan
6021756,89,26,24878.454380136074,446.62611302279413,6,26453,3389,BENIGN
6519685,32,84,29793.11574132959,1026.3300803122117,6,21678,443,BENIGN
8132262,691,70,85246.78401889939,86.57514938572378,17,25427,80,DDoS
2426205,69,88,42007.4865056297,1094.3359301795924,0,6524,3389,BENIGN
4811771,30,17,99056.58248562961,853.5355412677048,17,29686,443,BENIGN
9493089,8,32,15194.302990744112,389.6538177725841,6,38406,8080,BENIGN
6453977,19,32,46334.903803968344,988.8552345756731,17,65475,6667,Bot
7547981,59,95,73245.03309089362,220.06951108835463,6,34688,443,BENIGN
5055869,403,24,536.7057978507451,36.09809503241074,17,9448,80,DDoS
6061366,781,13,15185.527819301737,58.223109050067364,0,36550,3389,DDoS
8658854,79,37,2035.6749410980312,1170.1630023851303,17,62997,21,BENIGN
5574907,36,37,99287.78653827537,477.00077366110355,0,32484,21,BENIGN
4301928,55,3,76062.46624214706,92.5712850965111,6,42808,8080,BENIGN
6509862,44,61,37355.909774660024,287.4962276777811,0,58492,80,BENIGN
544126,27,81,15628.493469677573,919.9778336406871,6,12872,21,BENIGN
3942963,77,9,9038.324280345067,42.57056314832647,17,34489,21,BENIGN
6243590,555,34,53190.72005509119,58.94395397926399,17,49946,21,DDoS
6484527,54,98,97589.13181991989,1353.6577159706408,0,18469,22,BENIGN
7221452,48,22,67461.09446577639,753.1884600573551,17,34039,6667,Bot
4472189,30,88,36513.836825872946,1067.293019183676,17,62463,22,BENIGN
9778962,39,64,50085.09732374883,704.7616499589731,6,43990,8080,Bot
268549,13,81,99890.33679394519,476.96967588197185,17,35711,8080,BENIGN
2850874,16,78,51876.62288844505,264.00224044126503,6,2635,8080,BENIGN
7621058,44,24,96420.14857763558,786.8801856993966,0,25740,3389,BENIGN
5583381,71,95,1636.1718817826,1396.2365609841904,17,37984,3389,BENIGN
4430775,27,52,72096.31282341725,1337.158806989563,0,55950,22,BENIGN
9034983,45,83,62716.14492131166,1381.0461845853613,17,37455,80,BENIGN
5918906,35,16,68532.98584573217,1450.2913289450476,0,12543,3389,BENIGN
8513299,851,56,57056.70892574528,82.1698826432899,0,2401,3389,DDoS
10,1,0,4417.677624165583,236.85750510831656,6,62408,22,PortScan
9027812,99,76,14956.393549182589,653.0868836172983,17,15337,21,BENIGN
4461313,7,88,92225.12703352146,1040.181073474631,0,24563,3389,BENIGN
9723357,62,19,23292.50083671166,670.7470015488249,6,24026,8080,Bot
9597176,51,24,99293.72693269418,1340.6844689913994,0,36655,8080,BENIGN
1160252,46,41,67958.8484394617,1081.7467960086478,0,10766,6667,Bot
9372375,20,44,44435.449012618454,958.276792060379,0,15202,443,BENIGN
6305336,96,30,92004.88564360401,125.13598466932487,17,60385,22,BENIGN
2365985,38,64,79498.61896174555,279.49643267672616,17,26407,3389,BENIGN
6195296,61,51,42896.507958490205,653.6675562831726,0,61213,22,BENIGN
880196,32,79,6859.297226735605,1465.0346586498217,0,12655,8080,Bot
2714866,26,91,86830.45745345009,514.9248739038977,0,22038,22,BENIGN
2924637,58,20,76503.99313583411,952.3636845233459,17,3336,8080,BENIGN
1592273,39,29,79073.48372907146,1483.580929135399,0,59039,21,BENIGN
1074577,20,2,74485.87327255555,410.75708717140327,0,9520,8080,Bot
1473400,82,97,27575.44893780829,266.6671943975373,0,60844,443,BENIGN
62,1,0,85884.57196693376,828.5732575583197,0,5903,443,PortScan
297684,79,42,223.2553144108751,836.7977779569014,17,18719,6667,Bot
9794510,947,28,23727.627838375265,35.439285632020116,6,12056,21,DDoS
892115,86,2,4655.959882419569,59.116540883578516,6,45917,21,BENIGN
8020597,22,57,11059.645666896,622.9190449188047,0,63780,80,BENIGN
1651448,53,32,53237.913751750544,482.2752745177981,6,62500,21,BENIGN
2871359,85,74,3725.6189941034413,865.1581660288792,6,41634,443,BENIGN
8270662,873,44,18138.104770037957,43.97997911512527,17,54572,21,DDoS
854841,455,68,23274.01473908277,73.04863685061947,0,9351,21,DDoS
3352314,82,31,65533.880513722164,737.7848188896758,17,7655,21,BENIGN
2023715,987,81,46882.05244482319,53.02173930496308,6,53488,22,DDoS
3010187,77,83,45841.25230554583,682.7531961965709,6,29870,3389,BENIGN
4644181,64,51,76843.25542576244,721.8053931250273,0,53027,3389,BENIGN
8530157,9,63,45672.14120743352,1345.4135975471595,0,32373,21,BENIGN
5381399,7,39,34848.874291804634,332.12925996424036,17,20440,22,BENIGN
3018539,450,91,96245.10456043328,43.90908984449949,0,32081,443,DDoS
135470,54,12,829.3309437856999,848.0253607632508,6,19814,80,BENIGN
856736,210,89,30539.300007538382,69.71385779785905,17,62345,8080,DDoS
4642781,2,79,60939.271637972306,544.9385855535795,17,60672,3389,BENIGN
6194968,4,88,78280.92360528052,788.8765276260635,0,36857,80,Infiltration
9304712,703,73,81641.29547585643,26.92577522051475,0,25027,8080,DDoS
6535323,32,28,4607.313185517248,221.1477210185459,6,59609,6667,Bot
9982494,2,62,70913.20555575879,372.6287220980538,17,64714,443,BENIGN
427344,64,83,72025.36434718169,1376.2321276088328,17,48782,22,BENIGN
3556012,14,25,21407.942145626814,1206.6906360425908,17,31998,21,BENIGN
5011102,20,95,11277.502847009202,227.56360368007114,17,45151,22,BENIGN
4713299,89,58,74968.61576953021,88.90925305049898,6,8910,8080,BENIGN
9664101,49,48,24950.000623727807,157.91375833177693,6,47451,6667,Bot
2514468,8,52,167.38040836772328,454.2805501784061,6,29270,21,BENIGN
2089419,92,87,22357.260357686104,1220.8113433140538,0,42114,8080,BENIGN
5125919,63,30,3106.8008816312554,495.6342401785295,6,34418,6667,Bot
792430,46,11,24918.66866941286,294.7697896372775,6,17695,3389,BENIGN
4474943,390,57,33501.95823318209,83.18228575351542,6,6910,21,DDoS
1743055,87,35,27140.015953795148,203.5993610651536,6,20115,80,BENIGN
7312303,32,9,91993.70671792445,715.9209302152935,0,3127,80,BENIGN
8654858,8,5,23253.294738528464,1019.8201488765335,17,60415,3389,BENIGN
2787005,95,6,46753.48227781013,565.8959571896667,17,36173,3389,BENIGN
1846064,16,30,95742.7593844047,276.945013992252,0,35426,8080,BENIGN
6734814,40,90,87919.94913702221,690.7322735146253,6,47975,443,BENIGN
86,1,0,30925.847453276136,1148.4840640656869,17,16169,22,PortScan
3503648,372,2,32649.029495746872,61.979937378743564,17,16200,80,DDoS
646112,35,46,59332.94025094498,124.98694059469834,17,27195,21,BENIGN
7185215,786,84,91786.28507542299,36.48164074469787,17,12471,8080,DDoS
2585281,15,0,999.9795455803318,634.2781253577365,6,26286,22,Infiltration
7981612,63,44,39311.97921851812,340.3783168780215,17,28311,3389,BENIGN
51,1,0,84977.54863622239,59.827734179038856,0,14120,22,PortScan
4181826,91,49,41046.99783867759,344.94827003241556,0,13315,8080,Infiltration
3439389,385,78,72005.48752199391,52.68127338404619,17,51787,22,DDoS
6641720,66,6,69192.49024122022,137.55246976560858,6,11698,443,BENIGN
7685915,31,62,20545.870963036727,1079.5199063930763,17,30679,8080,Bot
8521367,61,14,44959.450436698324,837.1092497271408,17,64000,3389,BENIGN
2598575,64,88,56618.6712812672,662.9715253076271,17,46861,22,Infiltration
639972,98,66,71546.29352440897,787.6935279550636,0,21470,22,BENIGN
3855898,855,29,82238.96315750852,30.48614410225295,0,39305,3389,DDoS
4941512,55,77,75993.32111694933,1492.3017884999554,6,41824,80,BENIGN
2959570,59,67,2831.146738523016,1167.1776925613472,17,22691,22,BENIGN
45,1,0,67063.78416016654,819.7374043597002,17,56105,22,PortScan
5010268,108,66,49731.546385567315,69.3264890343481,17,59362,80,DDoS
5422669,78,4,57386.17358535868,723.3318569362037,17,2425,8080,BENIGN
1647924,78,24,37296.62127458769,480.1448800375147,0,56367,80,Infiltration
9539705,890,94,71402.62145869054,73.54405050547021,6,51729,21,DDoS
73,1,0,67388.85121191332,611.2293301084819,0,7768,21,PortScan
5810886,35,71,57948.64814563655,23.379247595653755,17,63819,443,BENIGN
4126003,1,89,86160.55325893145,281.89474785500863,0,28475,22,Infiltration
8821537,144,65,10190.00248916394,52.42287424805382,6,12443,3389,DDoS
73,1,0,30102.327592028367,1441.3061989934183,17,65204,21,PortScan
4314996,61,59,49513.041520282786,115.97477941940494,17,37362,8080,BENIGN
234100,97,9,95860.48112995355,761.4397057276592,0,47112,8080,BENIGN
8710845,164,49,7196.338628181919,47.17523905981104,0,23703,3389,DDoS
7943092,28,38,33707.74899848371,919.129923908172,0,42643,21,BENIGN
7144113,239,36,92589.05537259499,87.98277993129241,6,63961,80,DDoS
4574057,90,62,89794.75674491633,1119.6302126892863,6,18372,3389,Infiltration
8955218,436,60,86524.55707076023,66.08553949688869,6,27674,443,DDoS
9679602,34,84,30839.045600138394,306.69737168169416,17,51163,80,BENIGN
708192,59,91,84683.57797510055,1273.978039600662,17,42596,443,BENIGN
7724926,18,37,50533.94118959187,103.74159528337178,0,17319,3389,BENIGN
1098096,95,32,61977.88440423624,1215.5351038486867,17,8390,6667,Bot
8988500,59,74,23882.49054608691,172.9818131324392,6,19538,80,BENIGN
9964034,27,44,70667.38889191012,945.840459302324,17,41013,21,BENIGN
4818011,16,43,32769.71042556393,726.0300464090037,0,47957,443,BENIGN
4859039,785,0,34388.042612065154,73.36170176361202,0,16977,8080,DDoS
6254697,76,52,63681.71760935755,594.1227475795873,0,45198,3389,BENIGN
668729,22,46,23983.19221740709,1436.7843129125515,0,43260,80,BENIGN
1171348,16,32,22443.872324581658,617.5951458486863,17,27744,21,BENIGN
1383740,12,66,36916.29425960775,1028.916726555878,0,38758,443,BENIGN
514053,75,89,77806.36250592336,972.618677890938,17,20914,8080,BENIGN
6051965,84,14,22468.204906314924,147.9488888166755,0,47556,80,BENIGN
6434423,51,13,78731.8390553653,1120.181411228728,0,8743,443,BENIGN
4563753,1,22,69560.527716475,328.82806379713725,17,42212,80,BENIGN
45,1,0,67907.98804701495,594.8925998622541,6,18426,80,PortScan
685603,67,7,47475.56737134105,1177.657105717013,6,10436,22,BENIGN
8811349,12,53,74588.78333593512,1417.5842562872988,6,33252,21,Infiltration
337383,772,35,1351.9520103879024,30.201529072155875,6,55466,22,DDoS
9966940,739,83,30560.725816542188,77.0660235409263,0,3903,80,DDoS
4777521,53,51,67913.74638238145,767.2866568842022,17,48006,443,BENIGN
8779888,61,5,98729.54242652828,1228.515750126362,6,40449,6667,Bot
5696490,377,96,251.43410842759505,55.56886196184781,0,37149,443,DDoS
3699343,37,27,50997.22650337079,957.7147447915223,17,65008,443,BENIGN
2498034,65,49,92383.64290370244,580.3611911954174,0,48586,3389,BENIGN
578210,42,37,86353.93848166737,343.6231852869679,6,33331,8080,BENIGN
4218446,49,29,2313.6194754421413,314.2553817959823,17,17252,80,BENIGN
4602706,4,80,52955.81273506852,1287.1034823744226,17,6758,443,BENIGN
6964303,64,72,428.71014169335587,1488.6810454737279,0,45088,80,Infiltration
8284678,79,91,78957.49482323755,1053.0258518229066,0,46856,8080,Bot
4343799,51,53,30887.48420893458,1434.6268449461695,17,35338,3389,BENIGN
7153414,91,70,76559.06619152885,537.9933890831915,6,14715,3389,BENIGN
3710979,72,45,94479.3341703572,948.8409454876537,6,2635,6667,Bot
6926867,60,27,97608.50541551484,777.2931392884724,17,5001,443,BENIGN
9324491,87,16,89411.11808781394,733.3868736360354,17,38899,8080,Bot
2906592,79,47,20414.34531749662,955.9129815174217,6,54325,80,BENIGN
3534250,91,43,19460.01699279969,479.30144543959415,6,60746,8080,BENIGN
6142414,31,59,62578.04328862278,968.1210613122129,0,31840,6667,Bot
5686421,72,59,54405.36822479758,1015.8350668899412,0,30200,22,BENIGN
1741988,94,4,953.4607801348849,1257.447733092385,6,62611,22,BENIGN
122119,109,68,39172.73511513292,49.33347382296273,17,38404,8080,DDoS
1765417,82,77,90669.10055171754,493.2662054251387,17,25070,443,BENIGN
179101,4,69,89835.90189198618,687.1840476882055,0,44311,8080,Bot
8202737,445,6,20390.688409603485,94.35233597190413,17,21919,22,DDoS
3246088,3,52,38196.306915726076,400.795323680715,17,15349,21,BENIGN
9073202,79,16,56036.60109960826,790.9986887136324,17,32873,8080,BENIGN
3127122,497,58,85278.42650922244,24.31471897567766,17,34347,8080,DDoS
8982439,47,8,53199.44392413482,864.4973177836092,0,25805,80,BENIGN
7046027,316,94,96819.98124630349,35.64851239195612,17,15250,8080,DDoS
2416926,33,21,79905.2137987888,71.45408765895294,6,42985,3389,BENIGN
7780147,594,44,95309.1872978622,50.00320688696333,0,21271,21,DDoS
4290547,48,72,73149.22183763432,436.0874611447389,17,17525,3389,BENIGN
144871,750,58,87762.413936253,45.92320776979159,17,52703,8080,DDoS
5214736,502,79,83100.37923778495,60.85470800350591,17,37643,80,DDoS
5749693,8,99,25383.848174112798,455.26078311455933,0,37553,21,BENIGN
1009023,50,97,22953.642345426873,545.5090324945382,17,12116,6667,Bot
1821008,80,12,86438.34254567315,562.382954379487,0,22898,443,BENIGN
8500070,38,82,8467.773752032293,656.0618270866014,6,40163,22,BENIGN
3916633,10,11,40856.36046997319,156.09802903234325,17,14616,80,BENIGN
5533931,42,35,82065.77702855591,27.811117766803612,0,59826,6667,Bot
4370702,37,9,81323.93318411736,1109.2907850555096,6,55412,22,Infiltration
2681090,334,15,13878.281068026954,52.072164204877005,0,28301,80,DDoS
4667692,92,91,48770.98008572094,928.1454276770328,17,39495,3389,BENIGN
2362954,12,18,47983.24027251308,474.411533501115,0,54812,6667,Bot
7284368,84,5,32372.145243921845,1476.5972638600285,17,43032,443,BENIGN
2409509,49,3,91718.11450643367,486.8285623887224,0,56406,3389,BENIGN
3051099,14,29,65311.76120057318,915.4657157308495,6,30906,22,BENIGN
3051722,46,94,98018.74898443706,345.557447950812,17,32355,22,Infiltration
775392,35,45,6676.6210826758825,786.3475199978922,6,4024,22,BENIGN
3927452,29,26,39435.01729109318,877.4095938720657,17,65519,80,BENIGN
2333747,12,44,83513.75620988106,290.57957866823114,0,41214,21,BENIGN
3723334,82,84,42268.56692121592,203.01000191303888,6,6539,6667,Bot
6572929,44,36,26187.80270433242,1460.929909416712,17,52401,80,BENIGN
9989449,406,8,99780.75443171071,83.06312470722006,6,44171,3389,DDoS
189173,2,60,87312.48897023138,996.8993554663526,6,43089,8080,BENIGN
359381,59,34,54647.36612994485,1294.3603214577765,17,56163,3389,BENIGN
7116072,127,46,56170.923624660754,81.4400442533254,0,13743,8080,DDoS
4414111,10,20,686.2960587653233,1099.476847512925,6,53169,22,BENIGN
1085710,18,16,98099.45808831119,442.69443113231614,17,26130,6667,Bot
8182032,22,54,80629.51619074916,818.4499232155724,6,30063,8080,Bot
7752442,83,87,3672.935954462886,1151.9245992101633,6,5886,6667,Bot
3858984,382,94,17633.019215915647,81.78998208295599,0,44084,3389,DDoS
1059265,607,5,82103.12302974248,49.54836420624099,17,30242,3389,DDoS
5300201,1,34,8686.554827196069,663.6028499002681,17,53616,8080,Bot
7596059,88,49,94178.57275095671,670.715850379612,6,13978,22,Infiltration
3933917,61,36,99989.10621506252,1362.7715880978235,0,45634,443,BENIGN
85,1,0,88643.28095802922,1292.4098511759137,0,35788,22,PortScan
9214671,31,24,73890.39893575168,105.14994223907065,0,59109,8080,BENIGN
576615,31,95,48728.23511687732,935.1068377337972,17,34866,3389,BENIGN
4287482,858,0,8242.957634737359,52.58947822091593,17,24936,80,DDoS
2050153,19,48,73044.6231842202,194.36540718385308,6,28562,3389,BENIGN
5022083,53,34,39686.515402788646,1279.5560517068534,0,48170,8080,BENIGN
759501,76,82,57022.863114667445,125.8363881106001,0,64034,80,BENIGN
1985781,74,52,29339.047614162817,67.50414499502551,17,32270,21,BENIGN
2562013,95,51,24215.60095147415,312.32299913088593,6,44687,443,BENIGN
4067884,22,53,32429.695864640496,469.0012997681367,17,34658,3389,BENIGN
1549417,23,75,81382.8023413713,110.10355059261698,17,63556,21,BENIGN
4262611,87,46,42649.154015955995,969.1409594728573,6,4806,6667,Bot
6625755,15,42,31170.79119625482,666.9820357886955,0,44116,8080,Bot
888798,26,19,43297.03972749208,630.0395151816568,0,26792,21,BENIGN
58,1,0,3228.7365946468303,235.10428626290735,6,21429,443,PortScan
1559757,87,92,89060.42828153832,667.9278437831545,0,15040,80,BENIGN
8197006,20,15,55176.15591668783,597.445597823603,6,65496,80,BENIGN
95,1,0,10482.622712066513,587.7912254834191,6,11293,22,PortScan
5938371,39,6,28840.693194913525,343.47917757017666,17,10386,22,BENIGN
3880423,72,69,98355.27488777746,159.76725549261317,0,37975,8080,Infiltration
545826,18,20,59305.74264039231,405.8477384072174,0,41261,21,BENIGN
2680359,249,35,29140.488689984544,77.63695428140204,6,14139,8080,DDoS
7766924,70,85,42634.56613659942,127.92668641585813,17,17998,80,BENIGN
8830952,252,53,25847.477943533493,29.935869310954466,17,49890,80,DDoS
7399939,15,18,3180.42571195396,781.2768213358819,0,8215,3389,BENIGN
491099,37,24,84203.0032152054,1445.4646826563376,6,61859,21,BENIGN
3189289,58,66,29247.8641707996,1268.861003108515,0,3248,8080,BENIGN
6200953,5,99,83841.07388550119,1376.587732440315,0,24762,22,BENIGN
7622711,73,52,47855.70667139234,1233.6022814123446,17,63245,21,BENIGN
8796115,7,97,18289.46369476272,891.8895761146246,17,6357,3389,Infiltration
9259866,886,74,80186.86932046586,88.15356937269141,17,64263,22,DDoS
1303406,547,47,37711.14810557945,63.30065902505553,17,48815,21,DDoS
5489712,362,41,70772.91878066205,87.88361763559324,6,39925,22,DDoS
8809310,348,46,83722.96690287325,83.48823847485706,0,28239,443,DDoS
6567404,748,90,96298.56563438536,49.95064683003833,17,55021,80,DDoS
66,1,0,8581.453258624195,1217.9706416347956,0,59984,3389,PortScan
24,1,0,838.6481840437332,217.80597855287112,6,45252,21,PortScan
5568117,78,5,54842.49815224475,78.11252505451695,17,5928,3389,BENIGN
4422988,41,45,26424.096187500014,1188.5615667099587,6,5922,443,BENIGN
6424442,65,65,46910.17897435763,978.4362624513227,17,52671,6667,Bot
7128246,17,80,7265.868715610746,1235.5392526635676,0,26804,80,BENIGN
1720544,24,39,50158.90466733597,1465.4812599495672,6,31797,3389,BENIGN
85266,729,57,12485.56531781404,28.124776799922955,17,58532,80,DDoS
8074408,7,77,83858.77581990512,307.5521235142725,0,36275,6667,Bot
3443671,73,73,75948.68026364567,524.6482501509645,0,21009,6667,Bot
297983,99,32,7407.357821724214,1319.384202332841,0,13076,80,Infiltration
6850629,12,61,83635.03547279342,40.66652457309954,17,37119,8080,Bot
756179,85,11,32495.84924246226,35.58774290268635,0,11072,3389,BENIGN
3633746,3,95,35285.974287733094,340.8438526275906,0,35792,80,BENIGN
1443501,79,48,17980.35742415616,576.3561176854927,17,55431,80,BENIGN
6770253,85,87,83530.4121492478,467.47221070634475,6,5596,8080,BENIGN
9004124,10,77,40470.57638484248,1240.878407306794,0,32467,8080,BENIGN
3011265,33,4,4883.58706803137,1040.7891307570553,17,7920,80,BENIGN
1186530,514,50,96624.96278261629,93.66641926479842,6,6257,3389,DDoS
4155404,59,68,25588.72139608622,587.9652359395742,0,13668,8080,Bot
6915196,52,31,93617.7277906472,901.7992214005394,17,32166,6667,Bot
97,1,0,30123.83626467605,782.8740648114277,17,3388,21,PortScan
3809495,2,96,83142.6594698114,722.5952916963195,0,25531,3389,BENIGN
2659886,29,59,66421.94924591908,446.3927504613357,6,39620,443,BENIGN
1160814,40,45,86128.34319895647,1069.646533127098,6,2234,443,BENIGN
8701624,809,67,97611.79867028973,47.5684279773272,6,16649,8080,DDoS
8737552,61,93,87148.36834566128,136.33211601163748,0,7870,443,BENIGN
4322851,68,40,40366.516150002055,20.773128817872255,0,44997,8080,BENIGN
5248675,68,80,81450.34814951627,50.07219230573359,6,19206,22,BENIGN
1612133,929,66,71165.0810307093,49.899335244559005,6,34338,3389,DDoS
2931631,62,12,6160.367083165341,569.0122028770378,6,14170,80,BENIGN
75,1,0,92976.00977376242,472.3852170266343,6,9257,443,PortScan
7123853,84,17,46596.10916268312,251.830720341342,17,2772,80,BENIGN
4875317,41,86,13445.05656962559,782.8649666348247,0,14423,443,BENIGN
1414574,87,98,42537.8097198146,1455.868491688285,6,57628,21,BENIGN
8741747,82,96,60314.12451214775,257.83102529211726,17,45210,21,BENIGN
8050518,89,50,57294.612508390965,390.87536701418236,6,56613,8080,BENIGN
9750133,65,35,57479.36467863029,703.9124732615703,6,7937,80,BENIGN
5620824,64,80,25583.928315173365,968.4443142543382,17,35352,8080,BENIGN
2957598,79,33,63270.2449421189,908.3699864811549,6,4801,22,BENIGN
5244861,63,11,90741.48337776627,791.3749335292543,6,63781,8080,BENIGN
6200051,98,4,38866.69465516007,1111.1569561611866,17,23610,3389,BENIGN
1569820,48,47,63058.02826201098,1271.9994277301873,17,31185,3389,BENIGN
9516495,20,90,24398.700700724617,1498.4710229773457,17,25193,8080,BENIGN
5182030,37,39,4828.102018870184,708.955613923984,17,52742,8080,BENIGN
7496210,416,12,58573.13639194052,92.72388008393014,17,41648,443,DDoS
7643474,91,25,4754.980218522586,1101.139127211249,6,13507,8080,Bot
5134739,86,13,72358.45949204733,992.8657917445505,0,40811,22,BENIGN
3571487,5,95,67035.26978017642,966.7309371861747,17,19175,80,BENIGN
65,1,0,36932.50189013154,1367.901556246672,0,35112,21,PortScan
5282533,39,37,41129.01096479819,1422.9427729638132,6,30130,80,BENIGN
7738270,273,79,91776.09364772998,93.3877762334871,17,54120,21,DDoS
909310,81,56,1313.3625523062742,750.2672847766305,0,43739,443,BENIGN
8421474,62,21,56330.338082299204,1413.3457782214866,0,16221,8080,Bot
6240427,88,15,92336.11257344634,585.526989867554,0,45847,6667,Bot
8158570,24,76,91398.72477695967,364.3612728054271,0,55587,22,BENIGN
6289370,3,75,58465.576382469255,171.9267039165535,0,46927,22,BENIGN
55,1,0,38122.9998909598,903.8820532451275,17,46560,3389,PortScan
1458416,89,28,9890.352633237399,1056.4037880039,17,57327,6667,Bot
1427297,67,81,17378.42038123505,309.4110198382891,17,23316,80,BENIGN
4128884,79,1,67967.33552036615,1016.9844074946886,0,58650,443,BENIGN
7139680,93,53,1663.408380976783,1351.4364044317042,0,33590,443,BENIGN
4932148,344,1,88348.55764079826,41.03249495154016,6,38484,8080,DDoS
6768519,29,2,58793.44701458835,200.55984556449775,0,56538,3389,BENIGN
3861560,441,92,4514.666226476416,27.116502451685214,6,63455,3389,DDoS
7103083,32,55,23976.742019163255,1376.3407258516409,6,57220,80,BENIGN
3053480,87,71,59420.091056765465,337.99567481992256,17,56180,8080,Bot
311485,39,10,3560.126545981512,1087.643212867303,0,4834,21,BENIGN
6918963,9,75,77998.74019577623,894.56080531751,0,23509,8080,Bot
7916423,14,31,91992.20668306031,374.0107506350606,6,1850,22,BENIGN
3607423,68,3,96122.03933019373,1239.0133793958853,6,21411,3389,BENIGN
6514624,108,8,73365.92469005252,20.088642098437212,0,31561,8080,DDoS
6257938,20,87,85682.54708395171,1056.4941341992244,6,9505,21,BENIGN
9322184,28,55,61070.74623297364,466.10578849344614,0,26163,22,BENIGN
6415361,14,15,45854.36645415745,1227.3567681052446,0,22005,22,BENIGN
809459,44,80,71313.47533722072,411.1432186947697,6,8700,8080,Bot
2201680,98,85,22418.0664262695,559.8851200102245,17,32133,8080,BENIGN
1494239,77,70,10978.432619555024,599.3744043653998,0,9869,8080,BENIGN
5473760,95,9,76185.09761288986,325.5117218904723,6,4154,443,BENIGN
3009928,97,92,95818.6792985869,1314.0667444152928,6,2104,3389,BENIGN
4152192,39,35,57747.93323280235,187.96200313018701,6,27255,3389,BENIGN
69618,28,23,48254.237099786034,853.4310167696949,0,36900,80,BENIGN
176455,64,63,53440.42312721845,1224.94325686652,0,53945,3389,BENIGN
8508951,89,55,47846.41843848325,879.7393153446055,0,42450,8080,BENIGN
5201782,32,77,44220.02811772382,503.80681333360593,6,22303,3389,BENIGN
6042160,9,77,94703.56941462128,1176.4054891937683,17,62227,443,BENIGN
7230157,28,88,47976.319112824836,758.7825355420038,17,64637,80,BENIGN
6687864,95,21,8110.244101397857,261.2590175067711,0,15060,6667,Bot
3199139,17,51,76551.66790702364,488.9576467820963,0,37326,80,BENIGN
2776474,87,49,39156.160340791466,896.0709312106587,0,49488,443,BENIGN
6683735,77,46,71069.35457488836,994.9892389410206,17,25276,443,BENIGN
2318720,55,22,57956.93595744067,831.2354941883568,17,3051,3389,Infiltration
3487479,10,95,71318.00651558505,422.5739647082,0,61624,80,Infiltration
7300359,80,89,6199.395703567956,898.7539074666406,6,21100,80,BENIGN
6295525,6,90,3387.332266782306,512.0282691273185,17,32819,3389,BENIGN
9473017,48,75,37854.16248511412,352.88319085640376,0,45399,443,BENIGN
2429251,75,82,69316.61378219408,1419.3824152901436,17,61268,443,BENIGN
41843,67,18,22368.25269059941,486.0126366241474,6,43951,21,BENIGN
51,1,0,43340.07179625721,516.7182729982535,6,64334,443,PortScan
5521552,41,33,98081.02639729745,1347.2291530506357,17,56202,443,BENIGN
6850422,79,95,21487.45545173455,231.18560364979993,0,36452,22,BENIGN
7950906,60,28,84794.34617713637,885.2004116895299,17,32157,22,BENIGN
8890501,77,60,82546.08848111966,1179.8917402303946,0,48443,22,BENIGN
8714992,42,84,89135.21852889884,425.02484585193025,17,23697,8080,Infiltration
1830414,81,34,91514.17436287872,1269.2399702386463,6,49527,3389,BENIGN
3777441,71,4,50732.01923981322,1159.0804889433698,17,15323,8080,BENIGN
8657216,28,75,68193.37831955757,739.4192195547877,0,19660,443,BENIGN
4585415,13,6,61889.091201569434,195.69924305643505,0,52202,8080,Bot
5899031,81,40,30894.8540365557,1455.7585960994468,6,62921,3389,BENIGN
4976663,15,1,27978.758615470735,943.8607315685299,0,61102,21,BENIGN
1770503,36,88,34156.99695010913,785.3056382047587,0,51430,21,BENIGN
4371372,92,9,21845.773200769214,1330.4653860892288,6,59659,21,BENIGN
7568470,15,43,75738.35504927955,643.6071902872924,0,59313,443,BENIGN
4929526,75,69,96457.28684265158,854.1891995663863,0,60154,3389,BENIGN
9665193,56,90,86777.17418380783,1290.4512228850037,17,24933,22,BENIGN
507095,578,34,21794.040408838056,55.06355876975651,17,58856,443,DDoS
2185554,4,61,5191.547071217983,1163.1395384875434,17,40559,8080,Bot
72,1,0,75709.3907072175,399.08390388606676,17,13351,21,PortScan
7928348,98,72,39021.38059086162,1059.50035115811,17,55001,22,BENIGN
2072823,52,19,82461.26161667149,775.4435981737299,17,59115,8080,BENIGN
5227628,91,34,77923.57965864522,264.0620583468573,17,49343,80,BENIGN
565735,10,36,62541.02519990077,221.29104138643999,6,64786,8080,Bot
527509,94,71,25533.933437939537,697.3785464339442,17,27222,22,BENIGN
9989736,45,53,10403.576783014702,1072.053721357618,0,65263,80,BENIGN
287735,84,94,25264.83260561352,912.8780632440023,6,34147,80,BENIGN
583610,121,79,50975.96953454672,65.48587213019074,17,56474,8080,DDoS
73,1,0,97946.29756423821,596.6992409718996,17,3763,8080,PortScan
4779072,29,69,6368.724020035866,1268.5903652866646,0,43599,443,BENIGN
6335887,920,31,20007.20008159318,41.62704025057174,6,29190,443,DDoS
1693581,57,91,62727.94576924252,561.3908324609142,0,61178,22,BENIGN
3061442,50,10,30436.43946670277,128.01492672851919,0,53324,8080,BENIGN
600298,21,41,85850.42994398842,1380.481372343457,6,15414,3389,BENIGN
397991,43,22,13941.698706559502,723.4620216015556,0,59083,8080,BENIGN
3081462,10,29,96315.75235839414,487.9115386632095,6,37722,6667,Bot
4694605,76,8,91237.48915165268,748.8818040468452,0,25056,22,BENIGN
3648065,30,91,88752.90560107213,808.6121912764041,6,38558,3389,BENIGN
1041666,51,87,17306.90417634161,1272.4240582471514,17,6282,8080,BENIGN
5081602,33,58,32949.61242526443,822.7930496545455,6,21904,21,BENIGN
1619382,18,27,80409.68422335274,658.4445060374774,0,13541,80,Infiltration
3434178,78,87,80780.80655599461,1442.8045821178537,0,61761,6667,Bot
9459621,376,78,70517.54152071323,40.779972087905314,17,46146,80,DDoS
3297566,64,32,44805.088153375174,76.85683986767279,17,30817,3389,BENIGN
4442071,21,46,31158.927067343713,1066.1317202793632,17,7281,22,BENIGN
4850925,1,97,96295.79361817271,570.2019370146535,6,32159,6667,Bot
7323877,15,21,13926.2269888346,1019.295511360142,6,25495,80,BENIGN
6805797,36,28,4375.406096195611,962.6451432035151,6,39895,80,BENIGN
9275807,47,33,913.0519989861141,508.55467976062016,6,55308,80,BENIGN
5595195,54,41,77502.69096336885,1480.2549100706717,6,58261,6667,Bot
7438196,86,51,5670.514596673948,548.5219914754385,0,43666,8080,Bot
3053507,32,46,53864.360447191204,955.3327511247915,0,31668,8080,BENIGN
1417331,866,73,36729.24410673024,48.542803631837934,0,61661,8080,DDoS
9919889,46,50,14690.789007220696,235.28817233808846,6,59814,8080,Bot
408074,54,44,74059.54868872032,464.84121925970743,17,40980,443,BENIGN
3604824,33,93,5500.683104393455,314.4796234909947,0,43503,6667,Bot
6819022,39,74,31839.383858545232,1177.0971887022167,0,5334,443,BENIGN
21,1,0,56219.12254200911,1205.7886420962584,6,55439,80,PortScan
1151982,43,20,40241.57233562522,398.79691495071586,6,36329,3389,BENIGN
6456282,55,12,25914.819865920013,26.11267992497367,6,22406,8080,BENIGN
8118712,184,53,92600.10047060468,41.0468082362728,0,9555,80,DDoS
9332839,66,24,93097.03884986641,1036.9636688118032,17,9327,3389,BENIGN
6999466,152,20,41609.45396092264,88.67507236417953,6,30697,8080,DDoS
2471421,29,0,39374.44167614199,679.6356908214466,6,62845,80,BENIGN
700370,67,57,30738.504748670093,466.87362266743196,17,30797,3389,BENIGN
8479125,71,68,85575.61929123604,722.0932662973937,17,53913,22,BENIGN
4623042,36,85,56791.52859949044,42.35215811874713,17,5205,6667,Bot
9449268,29,70,8952.221290245521,129.3285167915534,6,54632,3389,BENIGN
192558,673,12,85332.07031183675,71.42739128902434,6,1507,22,DDoS
4719012,87,51,53488.62699570007,945.5999283805791,0,13785,443,BENIGN
3897037,45,22,41559.180410590845,343.8228324075524,0,49227,80,BENIGN
9797499,16,20,33786.49436435579,646.6008001800171,0,26480,443,BENIGN
5498063,31,5,9942.659031294488,939.6880444349224,0,53278,80,Infiltration
4102653,797,19,95670.21564008694,86.31574663057863,0,41319,8080,DDoS
8434958,50,75,74124.35174723016,833.4916503090127,0,14659,80,BENIGN
47,1,0,13177.75630989807,282.14722621260364,6,17575,3389,PortScan
22,1,0,51126.881913483434,1428.5744969629895,0,41242,21,PortScan
3017293,62,49,55557.519778628695,153.22242132939596,6,24456,21,BENIGN
2112468,43,27,16788.875703075577,563.3365506992776,6,57291,21,BENIGN
6818853,56,10,42722.15288623039,1383.5594322418158,17,25436,22,BENIGN
876436,15,95,64574.611545400796,911.4535264452103,6,4315,21,BENIGN
6436837,48,74,28401.057181476008,1000.7253466127826,6,47375,80,BENIGN
29,1,0,33160.895488994836,466.5051138721409,6,2759,443,PortScan
5782297,81,55,12202.847706500808,136.23706191828325,17,13678,22,BENIGN
4071967,160,78,41324.064432575615,88.838259968441,6,8304,8080,DDoS
40,1,0,58385.72847082947,615.1928880890925,17,10764,22,PortScan
1418160,774,80,11652.554069931697,54.80079568049115,0,39885,3389,DDoS
4228187,70,24,61478.43588350356,338.9183779989947,6,30267,3389,BENIGN
4228556,8,98,39779.321475281235,546.1528869976232,0,51022,443,BENIGN
4639122,954,18,67818.22543908081,58.20619589039786,6,49851,21,DDoS
5796360,34,30,31483.6975516826,1424.5714257350703,17,44936,443,BENIGN
8537433,96,80,56849.92382916041,1061.5954904537016,0,49076,8080,Bot
8879923,51,49,61280.28482598014,1173.8125657194516,6,1911,22,BENIGN
5997904,4,86,69050.73991461447,472.97911491187426,6,60284,22,BENIGN
2268793,523,62,75693.89835372992,98.22556789541157,17,23915,443,DDoS
3924252,84,46,13635.170989990796,451.4400472943326,6,10527,80,BENIGN
7688759,181,0,96524.27422002774,85.34719298910807,0,21461,80,DDoS
9296725,88,57,84364.54156537619,1041.024392785985,17,36918,8080,Bot
8710606,55,9,56231.878259861725,1410.250679205028,0,12530,8080,Bot
685438,26,7,89035.8870778358,1217.7529212476895,0,60568,3389,BENIGN
3502515,25,25,38243.29679807493,414.27242267337755,6,5288,8080,BENIGN
6334725,36,33,3428.6551606133476,1234.0450084284664,6,2841,6667,Bot
8443453,71,18,72703.13808679431,629.3852273772636,17,36972,6667,Bot
1683132,74,77,94334.414935536,279.6494515784564,17,55196,21,BENIGN
5232751,58,71,16185.466357530231,702.6551630832707,17,53119,8080,BENIGN
5954732,670,0,64387.39470163355,83.83154566608874,0,31057,21,DDoS
2118319,1,47,81342.55606523169,1149.839561850202,0,39971,6667,Bot
2148285,50,24,90506.70516380829,537.8468077279762,0,24275,8080,Bot
8433964,25,23,27652.7759115186,237.23339513732276,0,4960,3389,BENIGN
7037549,80,46,12873.380938473156,159.64324999186763,6,14675,8080,Bot
8890972,954,83,24785.01138759348,66.69705658181151,17,16514,22,DDoS
3346245,83,93,57772.16410191356,1426.034661122831,6,39994,80,BENIGN
9328403,68,68,91872.82564955315,1428.591857663197,6,55786,80,BENIGN
2184055,6,66,58253.58111985062,1453.759539199908,0,29345,8080,BENIGN
9641098,26,31,91962.13008359965,467.6835254581831,17,29445,80,BENIGN
479909,55,16,77003.70236912191,303.5893424108521,0,21150,6667,Bot
2650532,39,60,59838.94641678093,1471.7534199160818,0,43746,443,BENIGN
4175382,9,68,2179.85092633296,1482.6308533827332,17,59551,443,BENIGN
5455583,45,10,33307.576787614125,135.95865408646677,17,53033,8080,BENIGN
6864647,14,37,5745.955722490626,1133.7415885588719,6,37688,3389,BENIGN
1767513,55,67,32224.235027402836,447.22266274298545,0,27976,21,BENIGN
2573797,9,18,6233.349815844081,1365.7621417342425,0,11821,6667,Bot
3601052,15,86,16781.586145006244,152.05302376026575,0,6511,6667,Bot
1971377,37,16,41068.59162424089,1335.095049038282,17,22490,8080,Bot
5546610,50,12,51488.47454329807,23.87947355947281,0,42327,6667,Bot
9333448,84,90,21714.168829285485,792.5272520679849,0,24887,443,BENIGN
7896503,868,0,73257.7379257989,56.892020763728226,0,39857,8080,DDoS
6097120,598,1,59036.462186701974,91.56885573185762,0,26234,443,DDoS
5354442,271,81,69176.05307632778,84.3645569269768,6,35029,443,DDoS
1196411,57,99,73276.56810934133,987.3326755208162,17,53405,443,BENIGN
142257,19,96,72692.03385810235,54.183742493810506,6,62627,80,Infiltration
4788209,93,99,93623.3901196853,1043.2188802135954,17,21785,21,BENIGN
1462703,58,65,23722.033391466703,52.85323096518847,0,49201,80,BENIGN
9663737,157,67,27015.563923126818,61.34311258675755,17,35969,3389,DDoS
136745,311,15,9420.106800215066,41.639264157923925,6,22889,443,DDoS
1652231,281,3,59258.63574311031,31.782352316517333,0,53099,443,DDoS
1186937,819,56,39518.550763786545,64.21645668436994,6,23814,80,DDoS
8730929,93,72,49619.888066776286,1180.888450494523,6,22682,80,BENIGN
3,1,0,16982.14577141398,1064.385571675715,6,14671,8080,PortScan
7845319,3,22,64906.02505713831,416.1678892808061,17,18736,8080,BENIGN
49,1,0,61901.93606394512,91.87604055509132,6,27693,443,PortScan
2490372,55,66,26478.442693201952,1468.5958743421832,17,55543,80,BENIGN
6843408,15,86,46541.669042607406,238.8154543408926,6,65244,3389,BENIGN
5173495,47,25,89430.09381072798,1249.2396652963382,6,10452,6667,Bot
2629237,85,6,77349.90343257986,312.32577199440345,17,2457,22,BENIGN
4776515,46,99,22694.387676333172,573.6611431010429,17,29687,80,BENIGN
7208487,58,43,87885.48524996034,1046.5125937947892,6,43985,21,BENIGN
6892280,95,32,6731.297342154286,1419.1400393920676,6,2880,22,BENIGN
3861707,892,63,41392.85660554123,43.68240158543598,0,51708,22,DDoS
4124490,81,35,8011.822753739606,405.9368736642983,6,60417,3389,BENIGN
2656322,83,3,92421.41941864885,1152.1492239583106,6,7885,80,Infiltration
9515817,39,22,4070.2441820043346,276.6228756366391,0,46821,3389,BENIGN
4434415,508,24,15124.029610791202,41.13726289224318,6,43854,443,DDoS
1553844,30,89,91503.99438365512,88.35337294138958,6,60095,21,Infiltration
4267088,35,91,58215.764490062924,763.6851928669794,17,31039,8080,BENIGN
5693114,57,91,79518.79750962659,1156.2458040286738,17,38755,3389,BENIGN
8121585,29,84,1640.6760261795105,1443.3671557452126,17,60668,8080,BENIGN
5459601,585,73,41909.50705553172,28.462898748857537,6,18903,443,DDoS
7575427,106,26,98446.56302742807,22.757817591332454,17,12091,21,DDoS
4013682,52,50,57981.90660301559,615.7788442850122,6,25688,3389,BENIGN
2872975,14,78,84968.27885999187,102.05164613809343,0,19336,21,BENIGN
1841746,529,80,96355.94768968788,82.66830580553759,17,59406,22,DDoS
5800645,28,98,68504.05090224066,971.7583859343174,0,12452,22,BENIGN
7970664,58,68,32763.046169318077,268.8857148889375,6,56069,21,BENIGN
8038608,435,79,30860.693427113383,28.638805337619083,6,31146,3389,DDoS
1596346,90,22,7127.740787646797,1458.4845756305579,0,25132,3389,Infiltration
8194353,7,8,42777.21020060995,1299.0158808629449,0,19275,3389,BENIGN
4428722,39,32,91538.94156218805,548.1155847828218,0,49626,80,BENIGN
2470030,729,34,47806.24265939808,91.08875733307283,0,41926,3389,DDoS
132036,69,49,91099.49101267809,640.5946364157728,17,45979,80,BENIGN
8226136,35,23,81714.19332282389,1292.653317767079,0,16051,80,Infiltration
25,1,0,98418.71132899467,1490.8640668987337,17,47051,21,PortScan
4842356,14,23,94769.5281892063,1242.32560907817,0,13929,8080,BENIGN
2470070,63,18,70648.32690529896,846.0149035851465,0,27042,6667,Bot
5062681,36,38,87121.72868759748,164.1017403468273,17,54081,8080,Bot
9685281,91,60,74807.77016323757,1432.6365400161617,6,22937,80,BENIGN
5312570,24,24,70339.45146422178,1292.86778432274,6,47763,21,BENIGN
2578782,40,94,71555.95778978022,1265.2880561309291,6,38872,80,BENIGN
1505000,29,24,72104.3675357962,599.8904835835481,6,21181,3389,BENIGN
8580604,53,26,37941.90118615485,681.8136403287332,17,17876,8080,BENIGN
5283522,22,31,42356.241605258416,197.09943007109732,6,59008,443,BENIGN
4607865,72,10,29407.11591730443,1408.0520159010694,17,29531,3389,BENIGN
9472037,15,68,14826.057567132944,1415.9868576346307,17,42420,8080,BENIGN
7157776,646,32,45844.34003341924,37.10262460754657,17,41957,443,DDoS
2380712,64,18,89994.92892722826,1050.091560240598,17,62668,3389,BENIGN
8622687,194,15,65126.470661782885,80.77405539185739,17,30749,8080,DDoS
8666812,75,98,5618.035971811119,601.5616789449042,0,26555,3389,BENIGN
5219674,18,10,81119.99445646521,467.52443068546074,17,54793,3389,BENIGN
5569551,42,74,93540.15272175004,596.5946765919583,6,62060,80,BENIGN
4791982,100,73,82942.24399867706,85.83995841682223,17,2709,80,DDoS
6862858,503,97,72754.14141557469,83.40447376792935,6,50460,8080,DDoS
995993,852,68,15012.039581332148,89.8284656053432,17,38724,80,DDoS
2670592,55,86,34899.98922525881,464.040169557273,6,55687,8080,Bot
7354521,53,54,56528.68883480303,1225.749287332128,17,19892,21,BENIGN
2977399,16,24,7686.077937838953,860.5248243927605,0,34954,6667,Bot
2934417,73,92,10627.021413578486,1175.0582619412442,6,16025,22,Infiltration
4537554,34,76,93425.39220111498,1379.9581626711367,6,30354,6667,Bot
8151268,27,95,70269.11932759837,224.8689267516168,17,61330,8080,Infiltration
1546164,13,33,27508.704605127554,528.9575713645688,6,43421,22,BENIGN
3240741,541,11,32736.030976134778,47.17766856273614,17,35363,443,DDoS
2715648,73,87,38442.93042801694,622.2268516653527,0,54185,6667,Bot
779191,830,20,7507.129257871692,98.87107810259538,0,25271,8080,DDoS
1707030,86,28,73917.6998714428,866.0843507317286,17,14088,6667,Bot
5967620,31,50,17683.401209120562,1179.4169822955118,17,54918,22,BENIGN
964895,3,22,80512.00248207101,739.821647015071,0,48657,6667,Bot
82,1,0,84587.24297769336,513.7613842686275,6,15496,80,PortScan
8658223,21,7,63843.41774274641,245.78342148707466,6,34181,8080,BENIGN
5981904,99,41,76985.49433989132,59.7086232211534,6,44229,21,Infiltration
7583591,6,76,17183.516668604338,1023.2668566968043,0,34348,443,BENIGN
672086,92,68,57593.89826706368,65.20777472852626,17,7573,8080,BENIGN
8526608,32,40,67679.93144461313,1382.8411471269214,0,35792,3389,BENIGN
7845872,904,73,66156.05808542778,42.367576048811166,6,25166,3389,DDoS
9672991,62,62,11728.987764318077,542.877068645154,17,19912,8080,BENIGN
8048156,89,13,34438.24624800381,82.03211372949235,17,4549,6667,Bot
6989975,32,87,32503.752148233656,631.9600981297945,6,43094,21,BENIGN
9891769,99,61,57252.687259690836,1303.603311368613,17,7166,8080,BENIGN
8901774,86,74,76523.71288677532,1455.3385400224465,6,39120,80,BENIGN
4008246,88,45,57059.036617021375,145.69401024779253,0,13535,80,BENIGN
2361431,39,66,75482.74386516542,1170.1643990526923,17,35068,80,BENIGN
1158443,64,92,9896.759669900812,402.36927037524373,6,8351,21,BENIGN
541629,30,52,87813.86908672773,581.5666109162283,6,53442,22,BENIGN
4348630,63,51,53661.706936425966,830.5553895267489,0,10616,80,Infiltration
8283261,507,93,3749.866046717287,94.74384719183456,17,7311,443,DDoS
5156858,31,6,64321.300302242635,329.04604853574637,17,38017,22,BENIGN
2153648,87,80,51734.71873630755,213.13760724382854,17,52211,443,BENIGN
9929727,40,83,22036.956884856496,900.56593998967,17,47554,21,BENIGN
8507628,33,53,76442.54586113547,1282.5125166820176,0,32808,6667,Bot
406647,63,10,93356.825120798,979.3593808604671,0,39602,8080,Infiltration
1657683,724,24,32268.34538435058,54.9952075884858,17,65485,80,DDoS
63114,36,58,49391.5682816369,1465.9342004859132,6,65501,21,BENIGN
6477106,24,87,12817.499869842908,1492.6474852685012,17,16816,80,BENIGN
5910594,95,65,92979.97237048161,1160.5606721097345,17,64231,80,Infiltration
1235482,58,26,31879.605961923295,1207.5761224008825,6,10672,80,BENIGN
5228398,39,82,19478.468369952585,1146.0456605249797,17,30234,21,BENIGN
4532989,46,57,47842.86767694554,401.3382178480579,6,64934,80,BENIGN
8745486,744,92,4328.248950118074,24.554559456567766,0,18760,3389,DDoS
9686390,10,10,25283.683122640487,840.4431870423045,6,42915,8080,BENIGN
7775779,87,54,6765.773649141082,1432.1363725021154,0,55817,6667,Bot
3132393,82,18,12737.115449419978,1319.8725880491295,17,43868,22,BENIGN
9929745,32,91,11215.755086586809,178.15240852624427,6,36739,22,BENIGN
4032471,97,38,87241.99550179573,104.34692644987149,6,21588,22,BENIGN
2602452,36,84,93043.4848034628,1313.1807659043945,17,38756,22,BENIGN
1531917,28,89,47452.2165780146,927.2623068707086,0,39937,8080,BENIGN
6767935,16,85,63041.70878533453,470.3951408110893,6,46286,22,BENIGN
2015174,16,69,69590.18972629984,851.4168603841383,6,9627,443,BENIGN
5715275,18,10,39131.33248720602,348.0695155715148,17,15960,3389,Infiltration
7745963,8,13,37021.04670428878,1421.4886765912283,0,29593,21,BENIGN
4720158,475,59,67556.90192236696,82.79331754440297,17,17528,3389,DDoS
6619611,75,35,37671.45152452384,1444.1122648607657,6,18888,21,BENIGN
1802602,70,40,58100.95195501771,296.84462781590105,17,14877,8080,BENIGN
1462638,1,1,51519.281081145775,1268.6322308863794,17,41992,8080,Bot
6379978,62,56,52446.060090098144,849.2227205098366,0,41600,21,BENIGN
5746080,76,59,82935.8862876451,500.9881525643601,0,21815,80,BENIGN
2026919,38,19,70405.71088986966,729.9017654526452,17,65335,22,BENIGN
5210095,92,21,96068.26540380929,1417.6882837318094,17,61643,6667,Bot
3934153,640,3,79097.66272515796,82.9928666362538,17,63292,80,DDoS
7632849,58,55,14579.251459989573,552.6750179657539,6,58156,8080,Infiltration
5864175,81,92,73848.33029998427,1499.8515327673908,0,17907,443,BENIGN
732822,1,57,66564.75539671353,531.699522090454,6,57228,8080,BENIGN
5080792,32,87,64604.39795113485,1224.3052794203052,0,39821,443,BENIGN
6025361,985,64,48074.46261920036,35.78383155781854,0,44681,443,DDoS
8245144,40,87,6246.391981598643,1089.9314243475746,6,38032,80,Infiltration
9589555,56,57,95148.47675100698,1010.7657136422833,6,38288,8080,BENIGN
9422812,762,29,85192.4694724412,85.88099585061202,17,3998,22,DDoS
3875516,557,75,48680.803741185795,32.60635223617045,0,59053,3389,DDoS
5038560,834,18,15858.096763080843,32.11453271741234,0,23088,8080,DDoS
9604761,177,61,82447.26578557586,84.7135430347169,0,1778,8080,DDoS
7317719,36,67,43067.16054091858,388.7387524507135,17,33369,3389,BENIGN
6038702,470,78,39011.39235063594,43.217529944603314,0,62946,443,DDoS
4101699,57,83,66538.22319327014,848.0087497495243,0,44131,443,BENIGN
1390698,74,43,75867.53985326516,1257.7893643801658,6,22730,8080,Bot
4547025,83,83,6284.073662045808,577.8795715640787,6,32975,3389,BENIGN
11,1,0,76755.64164835129,134.20996257500258,17,28252,3389,PortScan
4879897,224,20,73394.05013516282,26.150226812927045,0,16108,22,DDoS
3775802,80,9,58920.96105220436,1154.3167758066247,17,46865,6667,Bot
4090384,2,29,33841.89143581343,458.20507021464425,6,39882,443,BENIGN
6770261,942,23,16480.214725582788,96.50751887389973,0,19722,8080,DDoS
6898510,932,47,10265.296918386324,64.56321247433644,0,41672,443,DDoS
2456018,50,54,118.36937185679686,554.9140147849014,17,46585,6667,Bot
8053148,29,51,20646.017569209285,721.7144597347155,0,46040,21,Infiltration
8093312,95,37,41133.697004997295,1177.3062019576873,0,19705,443,BENIGN
8699143,81,66,24364.433140008434,520.4497295546819,6,5558,8080,Bot
8547185,10,92,30897.905360500987,691.475692747016,17,37471,443,BENIGN
7588273,27,7,39045.24153609902,949.963946447988,6,64225,8080,BENIGN
7955329,15,28,30826.230846543112,943.6383437457193,17,50562,6667,Bot
7111028,783,9,72462.10386587307,55.84619915458586,6,51661,80,DDoS
3730470,31,68,49172.678916496996,506.1425704306885,17,19951,22,BENIGN
3688273,283,74,1932.7147752040696,60.328803508884846,0,22119,80,DDoS
9735360,60,67,22666.82313623034,1258.9884307499815,0,24536,22,BENIGN
6705936,58,48,70965.82446345307,247.64485320906812,17,63119,80,BENIGN
8009906,631,57,30093.052328678583,73.63602217481451,17,39907,80,DDoS
1980507,46,34,92014.17716990488,1009.7476349537735,17,42120,3389,BENIGN
6143292,45,49,71266.40474474206,1138.5477279930512,17,60995,443,BENIGN
3277846,26,39,28992.697587964132,1176.5602762357858,0,46252,22,BENIGN
801225,51,11,51640.98461734441,986.8425888412522,17,35841,6667,Bot
2386637,36,84,66723.90301801698,727.8399125941025,0,39030,21,BENIGN
2998878,52,15,19336.58653370953,975.7834145526272,0,34648,80,BENIGN
2693795,81,77,24618.74678868623,219.86590165338214,17,62961,443,BENIGN
1768793,421,84,50712.37458622565,88.9332788193228,0,51319,8080,DDoS
9698723,3,47,92489.47224902922,1392.7459401524927,17,3861,22,BENIGN
5254330,14,90,34401.03668576152,1384.8130546182738,0,33144,22,BENIGN
3856700,49,99,40213.03281007065,1091.348060916149,17,32708,21,BENIGN
101994,77,0,19062.021068151356,504.0298693624716,17,33712,80,BENIGN
1408377,91,64,59320.86952731095,980.2832065782063,6,25748,443,BENIGN
6188853,1,21,74015.07472509984,1037.9315818135688,6,40777,80,BENIGN
9993300,57,14,44064.226630962046,782.3701065802659,17,63318,443,BENIGN
3568045,17,83,75024.93796598184,1127.8182237965661,6,36058,21,BENIGN
3666669,50,66,30260.47233679574,63.942574059358094,0,33757,80,BENIGN
3229212,98,13,70698.44180285014,399.20677834320156,17,23734,8080,BENIGN
1049066,14,72,25834.453317045412,1195.7865492870858,17,60931,21,BENIGN
7820883,59,18,78064.95417715702,1409.276656660289,17,9785,6667,Bot
7875989,81,39,83064.15782992095,1316.6099808788865,6,17605,8080,Bot
4216894,3,97,79772.36683597889,1080.4101860735107,6,4469,443,BENIGN
9221015,98,3,21547.2605850626,264.93526954361676,0,55738,3389,BENIGN
2089732,40,32,69424.94378939387,565.7048831155723,6,61465,8080,Bot
94,1,0,53854.038737634924,94.31477914489524,6,44489,443,PortScan
4799512,66,36,98603.69899890477,966.9954690025014,0,64624,6667,Bot
7729678,34,65,36157.68209790641,685.797588712615,17,11972,80,BENIGN
312679,90,26,77125.13528390406,868.0575779515094,17,62374,8080,BENIGN
6807140,95,44,37007.8117057317,1469.4423122382652,0,47332,443,BENIGN
6355521,9,80,39685.74741540419,615.3336186321135,6,23911,443,BENIGN
1563925,94,49,11099.21844050974,473.9310279128616,0,55680,8080,BENIGN
3519020,84,94,23966.118582619132,242.8947999958191,0,63928,8080,Bot
4028704,21,62,16448.428657233693,232.5425404163802,17,24673,3389,BENIGN
7434080,93,5,15920.05610439271,787.4890147659636,6,24879,21,BENIGN
1524731,132,94,901.6527651856121,73.80631106460676,17,9927,3389,DDoS
9580598,44,66,79378.07694727623,855.4044456714207,17,30740,443,BENIGN
5224469,25,66,46793.12179396809,1312.4731444964655,0,10142,22,BENIGN
4962014,530,96,80416.75679607579,79.16211143755902,17,62137,22,DDoS
89,1,0,61255.040919880485,900.668955682404,17,62638,80,PortScan
7651061,601,12,83133.76624805095,34.412246404690535,17,29974,8080,DDoS
906495,57,20,50376.50032374411,435.4216095539271,6,17354,21,BENIGN
1944706,37,63,9404.10211388345,606.5300770203349,6,58575,22,BENIGN
8288615,16,36,61676.36432339406,894.5910139650049,17,47706,80,BENIGN
4805128,37,79,67776.486226274,50.97736061774992,0,63238,8080,Bot
970378,76,84,62650.4168301055,1332.1841536059062,0,6527,8080,Bot
8884627,24,47,80133.63152265798,184.37479136927902,17,3376,443,BENIGN
5271613,912,55,73149.92440062133,50.72744558299778,6,20183,21,DDoS
5005331,784,43,43263.244919886914,66.7847834408792,0,42975,3389,DDoS
2948234,9,12,81910.36554552434,763.4305853768842,0,56060,3389,BENIGN
1347303,87,3,69178.65421426878,506.47215764743333,6,37218,22,BENIGN
6666881,29,94,12036.6738515011,671.4154997000115,6,60446,8080,Bot
8855297,31,72,53987.29154498198,144.7212266352729,0,9340,3389,BENIGN
1187118,19,32,72855.58062299383,364.99485198940977,17,46510,6667,Bot
5097679,20,36,55328.82017182804,164.53797851272964,0,18268,22,BENIGN
7412079,87,52,94902.86509515977,359.9657480810554,6,42691,80,BENIGN
2267457,820,23,10149.126820876952,69.5525194938468,6,2338,3389,DDoS
1800071,94,88,72232.16928788276,871.4303762172927,6,5578,6667,Bot
9533045,85,50,82445.08114295005,514.2769683211873,6,34849,80,BENIGN
9813181,44,40,70265.31949051721,406.6163550300026,17,40678,6667,Bot
573981,297,28,38558.50050644063,41.65544893853543,0,41913,443,DDoS
9407162,71,58,38548.0313203326,1156.4441717198708,6,61966,8080,BENIGN
6296765,22,39,58656.75050750127,1236.6254003647837,6,17229,8080,Infiltration
5893968,74,50,39709.803635452656,59.019661803626526,6,54612,443,BENIGN
75,1,0,88318.2997365831,108.1884550891044,0,61254,80,PortScan
5252907,15,35,10993.06182944504,1074.6694164325831,6,26960,3389,BENIGN
3878651,94,78,63915.73479727525,303.91262630458044,0,16553,6667,Bot
3301494,98,59,13411.496077363772,649.9700441067577,17,43153,21,BENIGN
2827464,13,17,54015.98024990417,292.566538926971,6,8909,21,Infiltration
3354613,4,19,71558.1202410695,282.0664204160292,17,35365,3389,BENIGN
1613660,82,4,16551.091656024895,181.43388850022248,0,9535,80,BENIGN
2293773,879,17,70403.32214896534,97.99858015198781,17,57372,8080,DDoS
3475588,23,39,13998.003121109094,1114.1660320711928,6,62837,80,BENIGN
3020845,818,0,62055.3745629139,29.454877772897838,17,42354,21,DDoS
4644168,98,18,50555.302932288556,427.81672609484684,17,8201,8080,BENIGN
3303023,34,86,29807.495380926164,994.385229993702,17,51984,8080,BENIGN
5643993,99,25,11154.873085530247,600.6277132460167,17,44447,6667,Bot
3195841,17,28,73585.41396009165,1062.9055134787711,17,40892,3389,BENIGN
8605194,411,58,38180.51333770059,28.98226785251933,0,63602,3389,DDoS
8815596,14,62,8653.077727317637,67.79517316266413,0,56403,3389,BENIGN
836088,34,97,77278.93382727329,583.6724718731022,6,35408,80,BENIGN
5104559,75,82,23289.46834838207,1099.1256455489663,0,62381,8080,BENIGN
8103770,57,61,73645.20537055205,580.0556556644857,0,38470,80,BENIGN
550528,77,47,56489.86859407367,28.633140419056513,6,6002,6667,Bot
2089806,97,61,19452.901157905122,517.7283399159679,0,30775,22,BENIGN
4305765,55,17,7640.572717479199,1311.5260795275437,6,4924,21,BENIGN
98,1,0,59324.901540262574,1428.8695626649146,6,34662,21,PortScan
8785880,98,26,2521.18322394288,849.5646310664307,0,17707,443,BENIGN
9003381,422,5,6546.448486411283,38.332015906758826,17,3293,22,DDoS
7752038,37,69,70221.90819667006,709.7750873060709,6,10149,22,Infiltration
7660778,952,58,53887.384140130314,80.31306122071871,17,62055,3389,DDoS
255758,76,5,32629.526565437693,268.82602748877474,6,38120,3389,BENIGN
9879349,838,30,53922.794266842364,22.924103076572013,0,19633,443,DDoS
1730383,61,93,59164.93275249195,1110.2923035138535,17,17481,80,BENIGN
9142793,92,55,56528.586624446645,349.2479425360489,6,41247,22,BENIGN
6395400,67,53,64255.40115154905,1366.1152232277245,0,57208,3389,Infiltration
5029892,84,84,94028.81001903673,268.9769053509869,17,51545,22,BENIGN
6389790,74,40,38877.752008402545,846.449133167037,0,62516,6667,Bot
6766274,52,17,30115.141345757613,1169.047222633773,0,51631,443,BENIGN
752093,18,86,3843.4911030169715,335.81495437963065,17,60880,443,BENIGN
9114279,53,22,14707.305685676685,458.73778151222626,6,12032,21,BENIGN
88,1,0,10624.981588114268,96.19668827326255,6,60262,22,PortScan
8860469,53,35,33544.41868724622,1417.0436273532534,0,62581,8080,BENIGN
6616020,27,24,60999.07288150555,740.7188461984576,6,52441,443,BENIGN
7313467,31,6,4633.389113458342,115.17313907947167,17,8733,22,BENIGN
7359759,91,81,72766.50044546848,1248.5876834900978,17,27400,80,BENIGN
7664098,1,19,39743.294997773926,862.6293553934654,0,24171,443,BENIGN
5465613,6,4,96350.45157884546,101.82138195693342,0,20256,21,BENIGN
318042,11,17,56838.497519193865,687.3269245097407,17,25881,443,BENIGN
3894556,34,32,77136.23123884888,662.9165031021333,17,28969,21,BENIGN
337562,84,78,86118.1232297033,236.20096549093705,0,50889,80,BENIGN
5609310,63,34,88884.63013255273,642.1517574491774,0,8489,22,BENIGN
48,1,0,51846.17496798072,438.5543834801287,17,65119,21,PortScan
8810481,85,62,39674.255843108105,1055.9140049792763,0,24614,21,BENIGN
2430730,85,84,56051.498968843945,28.1280857625587,6,6460,3389,BENIGN
4563267,975,71,40207.04016174279,99.02926228828656,17,8951,80,DDoS
7463231,21,70,24071.496928324155,1379.6002373909637,17,26537,8080,BENIGN
2795226,142,40,32391.982716666746,99.01835572211871,0,1839,443,DDoS
7614996,4,49,23276.98562385989,280.74932251876413,0,51951,3389,BENIGN
5562732,77,29,26943.76305948617,1193.9751265661746,17,11443,8080,BENIGN
6399005,82,37,9360.773723572036,1280.3570481131333,0,57504,443,BENIGN
5345808,29,34,42646.272072390464,332.5967399828121,6,10394,80,BENIGN
4266499,25,65,23528.390660322373,1076.1279887590824,0,60330,80,BENIGN
2727464,56,45,44836.65523944761,930.4008229270834,17,39068,8080,BENIGN
8476301,77,7,79219.82341762932,1122.6839327606374,0,64402,8080,Bot
9079960,63,67,44831.23532431772,1186.089660475096,17,53969,22,BENIGN
5582366,27,36,95461.18707097154,998.1850674620262,6,60799,8080,Bot
902573,60,84,14783.689452802084,1435.2010985215816,17,53090,6667,Bot
126302,83,12,85026.49908378746,1299.0550116727118,6,41582,6667,Bot
8507250,49,72,24825.81140729875,358.877802000292,6,60699,80,BENIGN
1417258,65,44,93393.34508549742,1372.077378483007,6,15333,80,BENIGN
1836032,702,28,22714.792644865454,32.77473573018607,6,60169,443,DDoS
32,1,0,74696.17859648056,1095.2819400274225,6,11714,8080,PortScan
3716534,52,55,6211.790085997015,1275.0552688290984,0,40297,6667,Bot
455533,1,87,62981.34371601777,665.8282312412156,6,38364,8080,BENIGN
8478848,40,15,21867.42179159408,96.23264876432768,0,2191,22,BENIGN
1515654,81,11,67017.25416482361,1425.4989230476162,0,31843,6667,Bot
1584745,21,65,63582.933762484696,127.2704781800518,0,9472,21,Infiltration
9836015,86,61,92369.58796601622,535.2021949240875,17,14965,22,BENIGN
3230886,15,18,62667.64306204482,902.7420007020564,17,24913,443,BENIGN
4676203,50,29,40824.88116499078,193.95432730340093,6,3459,22,Infiltration
3416503,48,15,19356.78048492031,1260.5453633521165,0,19156,443,BENIGN
7639314,32,87,65745.10085441396,321.06479054914365,17,58499,8080,Bot
7690215,489,12,11636.66039228325,52.09626194225437,0,3698,3389,DDoS
3621520,68,68,82851.68269217678,1376.3214920363246,17,36243,6667,Bot
3943539,45,22,24733.45469388637,914.7430090824378,0,54590,8080,Bot
1251761,32,61,52415.889824872975,996.8149321453222,17,13778,80,BENIGN
1114200,4,30,59594.73043293955,809.737572652837,6,26402,443,BENIGN
7816284,65,52,36248.99903974868,598.8338735765923,6,44147,6667,Bot
1509490,628,16,66387.37775722465,36.31338715779586,6,10028,22,DDoS
2007978,71,48,25021.695889213002,1339.649261975588,0,16440,22,BENIGN
4712137,73,48,3462.457377659545,873.3971946483765,6,33144,80,BENIGN
8704325,65,66,95926.77361349363,1238.4747236757903,6,22167,3389,BENIGN
7228940,80,25,32004.583134315002,780.8251449316232,17,15635,6667,Bot
1804153,18,12,71346.22346604666,474.3968849182368,17,42481,21,BENIGN
9481723,54,37,50753.36069203808,155.80402541198535,17,23451,22,BENIGN
6281428,47,21,66899.86771130042,499.07126845230954,6,52728,3389,BENIGN
4470856,327,84,11093.652251567775,52.64121698856812,17,9367,80,DDoS
8480271,66,28,51884.78751160991,1073.7025373479787,17,20691,8080,BENIGN
9734509,9,44,39221.95535122204,1183.0282666090986,6,23831,443,BENIGN
2827854,68,45,45184.95668337076,1164.682639828825,17,59717,22,BENIGN
9971409,23,38,96620.83329442363,197.55917750258465,0,18533,80,BENIGN
4953899,43,68,13628.890483689227,255.11363776558832,17,7550,8080,BENIGN
8239215,322,77,75470.01764113983,62.62902514009436,0,2421,443,DDoS
8351284,72,81,33034.279417328136,465.5225924285101,17,20220,8080,Bot
9406205,718,67,29035.79876237623,85.81855609562689,17,34072,443,DDoS
3739569,80,96,27077.739589926532,247.13783416242615,0,56799,443,BENIGN
8643079,35,38,34878.155322289094,1287.2208196788338,6,46544,22,BENIGN
2199418,496,19,35711.70595936061,22.864583824598668,0,41552,3389,DDoS
5257486,18,76,27074.700518197136,526.5788293138696,6,10692,443,BENIGN
3094610,27,99,66749.3147773476,799.1872888377958,17,50448,8080,Bot
9550888,603,67,4772.198370024938,98.95181369410703,6,33337,8080,DDoS
420988,81,34,33229.38058058842,884.086629673819,6,8648,443,BENIGN
8296053,69,7,28020.56068360693,130.45370718912994,0,29587,443,BENIGN
9751841,80,51,75141.80205498701,1355.923034467536,6,65025,3389,BENIGN
5570190,15,39,14649.854401955297,375.86094533174975,6,8530,8080,BENIGN
190385,275,35,94068.71420972329,95.24503678921035,0,1544,8080,DDoS
3196799,34,5,17051.861204515495,996.7983221602855,6,2750,22,BENIGN
2211230,48,85,37002.73640635512,794.0502747865341,6,63610,21,BENIGN
1207839,320,69,19970.01934391226,65.63338391512468,0,54375,8080,DDoS
8177058,8,99,28669.794347209056,252.08350687530742,0,59474,21,BENIGN
3128511,521,72,76102.47006681249,58.471710304927875,0,6252,21,DDoS
5130518,5,15,47640.471873836,496.3529950986877,6,8311,8080,BENIGN
3,1,0,16257.571731025,1248.7274152471653,17,43459,3389,PortScan
1488643,26,58,4663.487864457372,72.09815516154741,0,6021,3389,BENIGN
5853394,86,37,22991.6220170275,374.32044681782315,0,39178,22,BENIGN
5929291,23,96,94560.2778526021,648.559243696268,6,26516,443,BENIGN
2702403,62,17,84531.67481880334,1075.1526630365483,17,52158,3389,BENIGN
2437687,13,11,44017.371592400865,462.98334006404366,17,24047,80,BENIGN
6417215,9,53,48199.5221945983,683.2064204214568,6,54488,443,BENIGN
5587857,20,90,89936.61393789948,518.5387264893191,0,55935,8080,Bot
1111388,951,46,59134.53823757353,64.05158027742209,6,60701,8080,DDoS
3298373,393,0,88076.70651487634,21.475274113805646,17,4945,443,DDoS
7316459,404,14,49183.91043523406,79.01461535937653,0,49112,443,DDoS
8992819,33,90,20009.761911882597,1222.5179369015827,17,49522,80,BENIGN
9541499,20,79,72592.6979942235,1048.1455172401254,17,42644,22,BENIGN
6323786,60,20,52639.33195790126,105.56649628049949,17,21142,3389,BENIGN
9136656,48,0,66843.95799684688,760.1123327344922,17,57916,8080,BENIGN
6594344,64,92,15723.091669949463,1486.466322950753,0,19453,8080,Bot
831735,198,66,64760.180191894564,59.71487874622788,0,50845,3389,DDoS
1467317,330,11,38225.71474051205,42.88319355741518,0,39915,8080,DDoS
2744786,932,27,33199.77528111959,56.92348470617365,6,49325,443,DDoS
3230645,14,38,67147.5541072602,319.3530885622455,0,60347,21,BENIGN
7578789,19,36,59223.91132609566,1059.7106713402618,17,60689,80,Infiltration
7557165,71,94,64910.742893670445,996.4694811336853,17,31549,3389,BENIGN
231514,975,59,96533.30642314913,43.405424178775036,0,13043,443,DDoS
2402210,67,30,70119.64695694178,440.9701156233867,0,28332,22,BENIGN
1643183,97,57,64089.89622728906,1380.2719978915866,6,11068,22,BENIGN
9799516,44,96,61355.304184140434,207.99488759176282,0,60474,443,BENIGN
5050158,32,96,39871.42493537392,659.4055711420339,6,32162,80,BENIGN
21750,11,10,83919.16911421817,1155.1357697687502,0,2669,3389,BENIGN
1405062,2,28,38093.860250571066,239.24290130357292,6,43413,8080,BENIGN
3023946,917,88,70024.36343255619,75.99606179823837,0,4465,8080,DDoS
45,1,0,29314.364471466713,798.8535620115753,0,1943,21,PortScan
8594959,17,50,14775.64417662871,767.1271686409091,0,41174,3389,BENIGN
6825787,81,53,12976.330729799613,647.9305679829818,6,39218,443,Infiltration
3844428,624,18,63455.88566907985,69.1547363011693,17,52288,21,DDoS
7779108,94,57,32795.493047959026,1423.6932850443163,6,14734,22,BENIGN
6020110,40,35,27504.928859239353,582.5006788023113,0,21359,8080,BENIGN
7121882,87,27,59205.93293564674,822.7426023701056,17,62463,3389,Infiltration
5172986,958,67,2566.9754465501906,51.047407927204716,6,34203,8080,DDoS
4513307,88,2,24622.56519846745,564.6648072735985,6,41211,21,BENIGN
9805401,93,88,34054.72853170876,61.93366972141868,17,62761,443,BENIGN
9283509,230,40,70837.35906071981,45.139355359301724,0,22675,21,DDoS
8050863,38,34,54500.12471637505,1454.613048323388,17,31740,3389,BENIGN
1724954,63,92,85598.86171264495,1158.8992967345769,0,53475,22,BENIGN
8771519,29,92,33450.63629985069,786.9529027269576,17,36650,3389,BENIGN
4696095,19,75,29644.099227541567,1244.7147898488497,6,32463,8080,Bot
1008414,91,98,3319.7408565010523,1289.6609837629487,6,43204,3389,BENIGN
4408708,29,83,95171.73006383532,825.8934937738528,6,44274,8080,Bot
2493430,35,80,50149.214639506834,1406.993078806225,0,3774,6667,Bot
6730519,70,75,50252.391469381495,64.65188572434566,0,7338,21,BENIGN
6606049,23,49,92343.61453455982,34.942094546235715,17,50929,80,BENIGN
89,1,0,28991.823592857978,140.55985896371593,0,18894,21,PortScan
711816,44,73,33210.61300457459,105.62941887110843,0,46337,8080,Bot
2767357,311,81,65634.7694395143,90.24293155002306,17,64983,3389,DDoS
7542342,52,29,78517.59548993943,1411.6752338045403,0,33740,22,BENIGN
7359155,8,71,69931.07254324912,1019.3308539880658,17,13462,21,BENIGN
1699760,55,76,78871.82825222782,995.9902346417958,0,46987,443,BENIGN
6110945,127,94,57510.803929059715,74.57909149186476,0,47533,22,DDoS
345530,77,69,86282.34827116036,809.9743551452697,6,63869,22,BENIGN
9217119,40,53,55010.67300691639,470.17855088574635,0,10656,22,BENIGN
1857945,85,70,22934.062725120908,786.3998543159441,17,4395,3389,BENIGN
2505465,31,84,54170.110649861825,1125.058144897814,17,48364,443,BENIGN
6312479,48,50,71294.46851569547,846.8648470948822,6,55448,22,Infiltration
8135440,61,27,65357.53394149114,639.930322050873,17,41250,22,BENIGN
847505,52,63,24301.676297073584,1270.4846546121037,6,15778,21,BENIGN
233562,937,84,4107.822800411854,77.26254537357121,0,32320,22,DDoS
6342969,91,20,25248.076039059964,732.600653328201,6,33194,8080,Bot
2986168,36,87,98404.20712537196,1467.657960544537,0,47555,80,BENIGN
1969021,87,26,18446.624039044924,1451.636010213581,17,48889,6667,Bot
3401547,55,26,46437.17584908935,29.301232658268496,6,32957,22,BENIGN
20,1,0,63834.579935755995,807.705445219735,17,52382,22,PortScan
8798934,13,49,87947.31850495422,518.6405031352359,17,17307,8080,BENIGN
5370019,37,28,76025.86375302076,451.01132722520475,17,43914,21,BENIGN
1764794,47,38,90895.3105560603,902.4532243408472,17,15391,22,BENIGN
6471630,90,56,60438.36935784851,680.5303983273928,17,19777,6667,Bot
1807354,71,91,86531.88081278098,1104.6062806949492,6,31803,21,BENIGN
5002928,22,36,26384.299713920944,60.15860173600111,17,40957,80,BENIGN
131662,39,92,43056.48421698647,1391.7984529150851,6,8370,443,BENIGN
9441013,87,63,84377.24743492744,860.038072349218,6,27371,80,BENIGN
5904314,58,47,32556.36677778545,1032.4187192781624,6,37562,443,BENIGN
6934066,30,21,87122.2144238395,914.7879825734763,17,44236,8080,BENIGN
5590340,18,99,36311.506788833816,1483.9147773382529,17,24976,80,BENIGN
8358927,18,29,36339.47037233424,1479.7216931186445,6,11378,21,BENIGN
360406,74,27,30903.291479114447,922.639323807841,17,16125,22,BENIGN
7566091,39,22,54694.30836375686,1032.2656763381742,6,34883,6667,Bot
2724374,94,96,12906.873889871995,935.4833711478597,17,47326,443,BENIGN
1594602,26,3,3660.265184801925,479.8077674305878,17,28069,80,BENIGN
1488403,401,2,89741.29799709907,69.48844735431138,6,25407,8080,DDoS
5982647,7,60,92893.8254573792,616.0894646840533,17,27010,3389,Infiltration
518590,69,95,7617.066189192489,1030.4800970063845,6,47082,80,BENIGN
4229328,65,3,54969.755496149264,102.84648438235533,6,47413,21,BENIGN
9650076,46,64,53968.21597551812,781.1717060802716,17,34635,8080,Bot
1903224,18,11,37243.06804176174,624.4280445614569,17,65195,80,BENIGN
2792637,13,12,56890.48205046101,800.6775651027157,6,23761,443,BENIGN
6254987,25,33,45811.93457280649,1293.1354169754907,6,60030,3389,BENIGN
3147987,8,58,48963.50142045546,90.46300358444618,6,30365,3389,Infiltration
6864784,74,92,75533.68230872336,1150.1635930553186,0,18285,8080,Bot
1587642,32,72,52596.026733411716,1007.0266400617674,17,29642,22,BENIGN
20,1,0,32365.809280532576,321.69501184021885,0,30295,22,PortScan
7745369,79,70,58145.61120889558,1106.591830901592,6,39892,443,BENIGN
4856536,79,12,64075.39970761256,754.6304813808575,0,7536,443,BENIGN
7056884,48,53,66231.13439993649,731.9166976030625,6,23093,6667,Bot
8543244,63,1,61830.665097697245,734.944362121104,0,21039,8080,BENIGN
6234508,40,32,66460.27647427999,1424.8664121318886,0,61218,3389,BENIGN
624873,84,49,31009.278366725834,1417.6594693784534,17,29507,80,BENIGN
7581102,15,6,44613.39130792973,1372.1399090941952,17,35353,8080,BENIGN
2017628,99,17,66870.61692543476,1332.378268846739,0,22855,8080,Bot
1678432,6,50,75436.85416046456,75.630375525181,6,43095,22,BENIGN
1002121,748,7,43414.61286582286,26.018444018769927,17,52330,80,DDoS
6292457,63,54,36533.28435169451,1344.4180540179682,0,29932,22,BENIGN
2185232,8,75,71588.26551728584,1137.5873023781692,6,47415,21,BENIGN
9807022,95,42,22217.31798353397,695.8565074460378,17,17611,443,BENIGN
292107,32,58,949.219553599856,1164.414495081406,0,22084,22,Infiltration
9913668,45,29,47116.60024504428,328.1150222041587,6,11855,443,BENIGN
6778619,545,58,17337.315482634087,24.740998935939817,6,23487,22,DDoS
2928885,79,8,37828.27590363421,808.8374571996575,0,34655,21,BENIGN
9758679,82,91,29123.41502633161,868.849592575899,6,47772,22,Infiltration
4791264,13,67,77726.18885141224,1088.2572215207524,0,21117,21,BENIGN
1612219,24,38,33140.84993998303,1425.707095047154,6,49120,6667,Bot
7927632,912,80,64067.579138932284,54.33372147255572,0,30568,8080,DDoS
8776481,14,10,67391.25965993213,1141.915147542612,17,28621,8080,Bot
6277220,772,1,45645.428555235536,94.43999656446314,6,24378,22,DDoS
4216903,75,22,8107.793552891163,1048.8146997909678,0,46616,6667,Bot
9015548,615,62,70036.50860754059,61.97664631188574,0,47047,21,DDoS
9835103,62,21,7516.791467536766,1417.9763224698218,6,31770,22,BENIGN
2583777,89,60,9921.2959700702,729.8912499816431,17,9749,3389,BENIGN
9260613,61,25,19599.736877488882,199.95584831069738,0,55238,21,BENIGN
143804,496,11,28037.57977881579,90.0707610474742,17,42723,21,DDoS
8454464,89,31,84645.17003210484,210.72628836853218,6,27438,443,BENIGN
6731766,66,8,67492.17771044972,497.55900179720726,17,49355,8080,Bot
9755772,32,68,38721.27884167602,357.4484024895627,6,15225,8080,BENIGN
7891884,151,89,97862.74511607534,27.723987362884472,0,54582,21,DDoS
7775972,33,70,24360.25422831458,534.3057471778073,17,19720,80,BENIGN
4714486,32,92,60981.438738425444,256.58279051839133,6,16437,22,BENIGN
2396740,56,32,84721.41089530826,1190.4052593382007,0,28529,8080,BENIGN
6375347,24,23,80202.2577956785,713.3675982484283,17,31551,22,BENIGN
6994891,91,88,9030.774856562673,692.5845785908755,6,42357,8080,Bot
3278362,4,94,69727.42236745429,1331.817171038218,17,45932,8080,BENIGN
8246773,777,92,25786.37555526919,77.94088599477303,0,20066,8080,DDoS
7421573,23,68,35573.34780654668,1070.6462218802346,0,29094,21,BENIGN
1916896,932,37,48899.19823111655,39.627028396864894,6,21723,443,DDoS
1286288,98,10,79075.01660653936,850.7084458954691,17,51676,22,BENIGN
8822505,21,31,16620.144266904725,1095.093735732977,17,50695,80,BENIGN
3086045,30,63,10855.523503961673,458.77856490580535,0,50538,3389,BENIGN
4168873,401,71,15344.124504364465,61.9596927841933,17,32666,80,DDoS
9189315,20,19,21822.353559198316,861.7694824907958,17,35268,8080,Bot
6637134,16,33,5950.185381102912,662.6058814951817,17,46703,80,BENIGN
51,1,0,92635.64695700775,1075.1949512369868,6,35804,22,PortScan
1784194,49,7,31908.34070887484,489.01846734021314,0,37116,80,BENIGN
239708,58,65,17697.562986642057,1077.4640651163284,6,11168,3389,BENIGN
3662197,44,20,63783.42036820702,835.6488295860826,0,6879,22,BENIGN
8737823,25,78,78699.6118766629,383.4937055837454,6,25599,8080,BENIGN
8054615,23,69,75323.41656014168,1009.0476911215669,6,29908,21,BENIGN
4297184,59,4,71870.71927870922,1329.451303175388,6,47753,443,BENIGN
9205874,1,66,5052.997543796711,478.8207099438898,17,46953,443,BENIGN
3146343,572,42,78215.95192204462,43.43368562832606,0,22671,80,DDoS
4043042,15,15,50187.86412518581,517.4729274821475,6,31754,22,BENIGN
853259,81,98,64908.60200315168,1235.259432870005,17,34322,3389,BENIGN
3898988,98,72,95642.46245392265,95.70353734524714,6,30143,21,BENIGN
895696,81,34,81067.25384740559,30.678664535945728,17,54323,3389,BENIGN
7648492,52,82,82537.20092260049,187.62783587777662,6,14540,80,BENIGN
2431229,58,42,18146.721887817162,1313.4353555063192,0,20110,3389,BENIGN
1600820,41,97,47641.71263230645,809.9083425282926,0,59945,21,BENIGN
2605427,44,38,94932.54850103559,899.2699167262404,6,31075,22,BENIGN
3219698,4,9,58268.52520707055,1266.4640931741674,6,2655,3389,BENIGN
6184646,77,73,10258.63697642383,94.9557916096191,6,27986,80,BENIGN
6388058,996,19,73181.98248852414,76.98666880016596,6,34638,80,DDoS
8979319,7,0,4292.68471050499,971.773731984606,17,25253,3389,BENIGN
8817264,46,5,74229.72670037387,618.9266432481796,0,59263,21,BENIGN
3675149,9,52,87977.26271226475,67.55269695823633,17,47701,6667,Bot
6627024,87,45,42525.01406133349,983.396608170104,0,60208,3389,BENIGN
6045101,771,65,41361.28629850873,52.071124221642094,6,26956,21,DDoS
5877024,33,37,30421.137725472658,48.42932242506911,0,51795,3389,BENIGN
8869058,461,32,87693.82851037328,56.973479399967495,6,49968,3389,DDoS
496332,4,66,54778.46040483869,342.0216305942765,6,19278,22,BENIGN
3634283,65,99,57925.99406346188,775.7114407648422,17,36038,21,BENIGN
7602342,34,76,66170.73908499545,295.8348535294344,0,10678,22,BENIGN
2629073,91,34,30023.094756287705,554.7643631904424,17,3221,22,BENIGN
3912769,85,78,43278.63113504118,1130.9853300513846,17,27562,8080,Bot
9815256,88,44,74160.57622062988,1215.4254361951685,17,56369,21,BENIGN
3991918,79,21,98548.69685389854,1197.2112114886527,17,51539,443,BENIGN
8165062,99,67,3430.5540064530237,1048.7226186000246,0,46715,8080,BENIGN
3779144,64,16,4264.849794656744,821.882225615104,0,4626,8080,BENIGN
6041184,25,4,42808.24819829282,834.9328355274457,17,42842,6667,Bot
5070221,55,84,65962.18348096134,1431.0135883570179,0,28817,8080,BENIGN
250331,9,56,38636.462483531686,1319.2457441987078,6,42761,8080,Bot
9450224,17,87,99963.86539651794,981.680497109864,0,42033,80,BENIGN
4735624,21,94,19535.925808613585,713.3725168027954,17,28208,22,BENIGN
3372205,60,39,792.54580074275,1099.024215327755,6,14248,443,BENIGN
6741599,13,29,19012.93623127691,112.81952831500335,6,29282,21,BENIGN
979035,3,41,88684.2375101301,1418.020131059215,6,48526,80,BENIGN
5267628,68,6,14514.899286846461,830.4176534949402,6,34167,3389,BENIGN
9419159,4,70,47897.478030664075,764.1298722300884,6,17430,3389,Infiltration
81,1,0,41927.61807214481,450.43554328917713,17,63563,443,PortScan
421093,7,87,66572.5321291129,25.016452258249593,17,3696,443,BENIGN
3401561,26,18,5459.558641945295,110.63992479035572,6,13594,80,BENIGN
20,1,0,65875.0171066226,409.25251781538975,17,34821,3389,PortScan
8635039,24,33,35475.16439823354,821.4884628838329,0,38167,6667,Bot
4601418,10,21,92603.95590824987,143.6988689605232,17,61013,22,BENIGN
7274424,13,51,84888.73295859058,1458.636973229717,0,17800,80,BENIGN
4080890,44,90,39950.62484775861,628.221958720012,17,48073,8080,Bot
2752790,39,5,99289.18435178527,488.1498619453155,0,37309,3389,BENIGN
1003610,19,73,5194.375265624718,797.2907902311734,0,49986,443,BENIGN
1071292,51,94,78863.22200641908,116.18015623100804,6,26693,8080,BENIGN
3415573,19,24,43383.65240273626,1278.6669968889717,17,59865,21,BENIGN
1860471,76,65,43330.51445875854,701.2101601127923,6,23532,3389,BENIGN
7778612,52,9,17013.37981453427,283.93640892524854,0,41293,3389,BENIGN
82,1,0,51487.99199722609,259.3669555858701,17,9699,22,PortScan
3615690,276,25,8471.849688008526,39.62762985452233,17,44841,22,DDoS
2361001,30,4,61657.71790003774,868.5769636985644,6,5947,22,BENIGN
7238325,46,85,24159.044085388727,637.0206697498311,17,29522,3389,BENIGN
2952153,76,67,72485.80457693701,903.2600608476582,17,27823,8080,Bot
3292087,93,97,60736.15182565727,1064.1070624531064,17,50103,21,BENIGN
7541814,21,70,74640.50087514459,1127.763368263623,0,58598,8080,BENIGN
9179379,75,49,74974.20702342113,613.4142281995097,6,33878,6667,Bot
4263372,48,16,19670.90452204412,1081.1649011045035,0,54660,443,BENIGN
8973426,62,10,67.47294865960818,229.42644274894045,6,35435,22,BENIGN
5493052,630,52,36576.12593927376,42.51664122451153,0,9934,21,DDoS
6297142,18,49,91906.92157965091,127.32178095275316,0,64221,8080,BENIGN
4052679,59,7,57789.93846358342,381.2763328384707,0,22240,6667,Bot
7200362,91,91,72750.20056250169,883.1163004597744,0,3253,8080,BENIGN
9158273,48,96,87957.0337523553,1115.822614602042,6,36261,8080,Infiltration
3884275,63,61,90605.82477246971,161.05785781564933,17,48786,6667,Bot
7725266,12,88,52902.51573094272,326.4633731760537,6,40388,8080,Infiltration
7689305,87,84,54094.20849120551,1488.0093575030162,17,3272,6667,Bot
1609525,34,75,85093.88412331164,519.733312287181,6,17990,22,BENIGN
14,1,0,80748.54352900137,440.38033525764945,6,37911,8080,PortScan
9928371,87,28,69885.85999054454,146.1804954382278,6,34664,8080,Bot
998999,53,98,60446.429411630656,1048.3672926979034,6,65013,3389,BENIGN
5462710,25,43,61721.51025785602,772.2150089437257,0,36175,21,BENIGN
2098829,62,44,36291.134462338516,253.1752992177711,6,25572,21,BENIGN
7237410,4,28,84091.77474016912,956.6893857197227,6,37513,3389,BENIGN
1820944,94,87,61777.97050872609,798.125328894384,17,27092,443,BENIGN
951402,692,58,22352.8062241531,34.358055256746816,0,57492,443,DDoS
7568638,13,14,23984.327850953836,1492.3851122432284,0,63470,443,BENIGN
1120903,42,69,86160.30137732296,62.346837353859776,6,48014,21,BENIGN
9293820,609,95,62570.754563658884,64.30388378945474,6,14911,8080,DDoS
7139945,78,43,39870.41284279318,1265.9983271418103,0,46220,22,BENIGN
7588073,56,97,18710.07592352876,634.7073804970329,0,48115,8080,BENIGN
150753,47,35,61021.597324520175,1323.8006033847769,6,7921,80,BENIGN
2488244,8,83,18431.038001950506,979.8706387118168,6,45302,443,BENIGN
5962513,55,56,47016.703121830105,1336.2446847177914,6,2118,8080,BENIGN
5127419,88,63,67751.05342412363,900.2017057494559,17,54183,22,Infiltration
3484078,18,75,56541.54343211207,339.9008741923857,0,5511,8080,Bot
5942754,35,98,92209.99001262683,872.8076483966245,17,15338,80,BENIGN
98,1,0,3972.1201851768974,285.0121269366031,0,52471,80,PortScan
5088639,81,16,27979.487585140283,228.42533297719368,0,43112,8080,BENIGN
6935526,32,26,5708.610123798108,988.0106232437071,0,16293,3389,BENIGN
5780654,24,16,19460.42300214995,1422.2653924726656,0,22579,3389,BENIGN
8774921,7,62,12398.333584553067,890.9740492270187,0,19713,3389,BENIGN
80,1,0,73266.16270202314,1197.7656968136953,6,23012,22,PortScan
2496689,91,63,36937.5941294398,269.1792576340067,17,26005,8080,Bot
416790,279,38,92504.42712030206,31.59975648251568,17,35446,443,DDoS
9552659,90,1,2337.772169207053,1104.8066578147782,0,22389,22,Infiltration
2996344,42,65,65292.418494417805,81.58949036125459,17,45059,21,BENIGN
9266459,522,53,97054.48002654883,41.456208933788986,17,59955,22,DDoS
5359562,74,28,17583.871981001863,1176.7397031819569,6,23918,8080,BENIGN
7839041,26,44,44243.22302855819,671.1260317640157,0,27654,8080,Infiltration
9311134,86,87,70188.9891170274,620.2598842656726,6,29696,21,BENIGN
678166,76,87,63313.79993231678,1382.1470034699835,17,13650,80,BENIGN
1877879,32,79,56602.71305656708,1488.1094200433686,0,12985,8080,BENIGN
1625299,91,30,32675.612705440515,1151.2891146203515,0,53949,80,BENIGN
1802051,97,48,72819.99535329013,1193.038785991161,0,54621,80,BENIGN
8441657,52,8,65325.52770683363,328.3150764089348,0,7793,443,BENIGN
9397968,20,26,16280.028544375147,304.4936546631984,0,41665,3389,BENIGN
8228836,40,55,96409.07313056962,1471.4105666210505,0,35894,80,BENIGN
789248,59,77,55567.290894011945,1048.7357445105595,6,32372,22,BENIGN
8340891,77,44,52546.160103590155,1036.3305010094919,6,4876,3389,BENIGN
9904217,14,88,84823.66775874696,443.55819715439407,17,59163,80,BENIGN
9941799,44,42,64041.351062897666,1331.989438855069,0,61314,3389,BENIGN
8372702,86,21,7447.928660637526,85.77178784753481,0,60687,443,BENIGN
7008742,82,98,50658.93737902599,426.39372756774316,6,20312,8080,BENIGN
3821401,48,32,78059.64928940134,286.60915964693464,17,2477,8080,BENIGN
1308266,93,26,69998.01201768912,1072.4221964263468,17,26478,21,BENIGN
6192457,289,39,97076.87241427468,62.436908371846926,0,30072,80,DDoS
9511978,652,25,2491.627968593102,41.986503926206886,17,58754,22,DDoS
2511119,35,82,26121.895664040185,27.78413759813906,17,62049,21,Infiltration
1330828,53,44,54915.64562824255,1313.1578764149872,0,52610,21,BENIGN
1029342,34,44,61948.97990207492,1434.2689568318774,0,32936,443,BENIGN
2167726,3,25,27435.598590774414,319.4224335283773,0,43164,8080,Infiltration
3708301,68,69,82680.16663758642,1266.5044363363102,6,21927,80,BENIGN
8738776,5,66,16434.779291601288,1460.4639485677328,0,34578,3389,BENIGN
7283477,943,5,84.9109621718136,67.07997277874627,17,56979,3389,DDoS
7018055,52,27,95239.13983761297,293.88410632586977,6,13588,80,BENIGN
2738484,29,66,39155.67944300997,1466.759277043506,17,4243,6667,Bot
405011,96,12,95748.98009560935,108.42007190165798,6,16219,3389,BENIGN
2508264,31,62,27793.160034522403,428.4217500630337,0,60206,443,BENIGN
3319443,66,12,6344.863513122589,1118.2033148032704,17,8282,443,BENIGN
6175043,76,76,77251.96045530231,933.6831528136061,6,7723,443,BENIGN
1169170,247,0,83581.95318256982,21.13312035665566,17,35565,22,DDoS
171377,69,39,49208.68988476359,1067.9754799184664,0,28785,6667,Bot
7351648,37,36,7385.034017786463,1035.493451574734,6,19450,443,BENIGN
1361312,27,30,65413.40749733378,526.517030874083,17,59992,443,BENIGN
5881026,87,16,18214.39744751573,481.0203353815016,6,57345,6667,Bot
1603444,633,8,84938.15481562843,97.85782301599555,0,45556,21,DDoS
6562965,68,63,27402.311954219116,1215.371692447978,6,15530,21,BENIGN
6930009,848,56,84770.63903139277,78.39910851043521,6,57784,21,DDoS
32,1,0,42692.454189351934,693.7642383527998,17,16983,80,PortScan
1381810,85,36,59648.78392481506,146.93388308010742,6,59616,22,BENIGN
72,1,0,78956.25168209664,1408.681827844862,0,21650,80,PortScan
2057897,44,74,4043.9242982931332,139.03374867492425,17,35417,6667,Bot
9190526,770,24,82116.60061897848,60.305530283771596,6,35263,8080,DDoS
4415339,88,94,13864.80417654976,1304.1634591462712,0,55725,443,BENIGN
3101473,49,77,35841.83552029865,836.188239960145,0,62120,8080,Bot
2800274,53,56,47278.10301110631,541.9755728373966,6,18754,21,BENIGN
873520,709,70,89542.65836686286,93.66703359074387,6,10330,22,DDoS
6002124,49,87,2244.062789559109,1441.5494554835086,17,1037,8080,BENIGN
8881211,66,99,55920.26082967853,509.5287873189374,0,26771,443,BENIGN
4413003,95,41,64252.250006239454,1305.267733120851,0,35618,8080,Bot
2565920,63,41,31658.230909907346,1024.2227007764586,0,29142,80,BENIGN
5834711,186,46,29048.677130945976,89.58128647559823,6,26008,80,DDoS
5534548,719,43,49046.91585104676,49.32434559587497,6,30079,22,DDoS
6333061,411,40,18710.041786467256,29.29033426795919,6,22915,22,DDoS
8369697,11,2,46811.89296049591,490.5546028114992,17,37944,443,BENIGN
7442610,17,89,76502.53234901474,606.4671838579952,0,3585,21,Infiltration
7402831,66,89,84539.55041605148,1042.166762013072,0,12865,6667,Bot
944561,70,0,38516.13848989007,76.88087910088313,6,44376,443,BENIGN
1467356,73,78,61730.171314368556,1336.869814735521,17,35694,22,BENIGN
4349125,69,10,2.0517960894972376,995.4723563570318,17,12374,3389,Infiltration
7112746,84,6,55035.24836714523,427.033790096834,17,42388,22,BENIGN
4331072,29,11,97523.63053924899,994.3462989585322,17,62708,3389,BENIGN
8667226,85,37,31226.50271612114,814.6474014804578,17,41708,21,BENIGN
6934530,73,53,59477.61242092461,517.6881278707774,6,55896,443,BENIGN
3411747,92,66,76228.3657645613,62.32277619913597,6,51034,80,Infiltration
7726076,72,52,60893.30209896426,835.6290010920428,6,15411,443,BENIGN
7099017,95,89,41849.99704668394,141.62864190030743,0,33482,443,BENIGN
2705521,374,93,15257.557330953143,40.178591366140644,17,43981,443,DDoS
9753067,27,31,46370.13974582308,151.01796529759284,17,17616,21,BENIGN
9551294,8,99,29478.42091785916,654.5341275182615,0,47989,21,BENIGN
5798373,212,44,69592.02887612976,36.695141557130846,17,52366,8080,DDoS
42,1,0,44191.276771447665,843.1784599332625,17,41901,3389,PortScan
8535740,28,36,84987.97646073216,78.47167737867429,17,57970,80,BENIGN
6942363,933,58,19332.243689317642,80.00459484337395,17,2846,21,DDoS
4652224,70,53,41772.01220535736,315.26175232735113,17,8765,3389,BENIGN
1362616,3,17,55750.497639480825,906.4765097419875,6,1569,21,BENIGN
2375200,69,0,12601.46760282952,410.1805883003643,17,59171,443,BENIGN
5227641,73,20,58791.00778344889,233.40857169945048,6,65144,443,BENIGN
1718662,7,27,29092.140532757603,47.16254700178661,6,2151,3389,BENIGN
2256456,60,15,22953.718014865954,1264.0063562134412,6,14379,22,BENIGN
7215509,4,47,14191.073972934475,1457.8913317388372,6,56652,22,BENIGN
1329885,5,27,34988.19256335112,1060.8277500961037,0,54268,6667,Bot
7179491,11,21,92898.24151942067,630.8143898119305,6,17654,8080,Bot
4299476,421,82,3100.585933105848,63.84879140104051,0,60945,21,DDoS
2761742,64,0,85215.62083079391,723.1551802125732,0,58832,22,BENIGN
4283764,98,94,39736.089778514084,696.836150498912,6,40236,80,BENIGN
9081061,13,41,56160.163872638455,641.4169372263223,17,1643,3389,BENIGN
4881639,7,97,51281.229692537156,579.889300177541,17,35750,22,BENIGN
4965048,393,69,92574.02616072337,88.00785465266883,6,28635,8080,DDoS
2758666,56,91,77012.92692057135,128.30745440156818,6,40473,8080,BENIGN
80,1,0,98482.35353279492,76.67600315826775,0,28015,443,PortScan
1156033,50,94,79442.99516216974,114.66121990637943,0,10445,21,BENIGN
9879017,30,79,29588.84942066873,315.9977505757899,17,9572,3389,BENIGN
8175676,22,80,96288.36793593141,431.54397826691206,0,36170,8080,BENIGN
7166376,25,43,98356.57908079233,270.79727695766707,0,53527,80,BENIGN
7691432,28,26,12309.370361669948,392.83673573396675,6,34676,443,BENIGN
7060003,84,50,90104.41837829772,295.03934710585827,0,56761,8080,BENIGN
5441139,39,23,66420.21828931621,243.1000242161491,0,30196,8080,Bot
6077334,67,19,92199.37700331138,453.61433931577045,0,10974,8080,BENIGN
194252,650,31,91573.90202189868,59.17606003713401,17,14055,8080,DDoS
1928456,65,98,89137.30311872168,1121.5148264618774,6,61288,443,BENIGN
4798027,15,12,88527.55936823788,1434.2139154003012,17,10673,21,BENIGN
9201452,90,42,11764.623899321858,1380.068659070331,6,40135,22,BENIGN
3119912,67,19,14351.5708278262,724.3819982621854,6,17958,22,BENIGN
3800860,40,1,11777.941937696667,702.7907316861288,0,9415,6667,Bot
975212,840,67,9102.908880028526,81.58120439290933,17,26990,22,DDoS
4033223,69,90,35328.528507398834,1458.175387372391,17,53918,6667,Bot
5414329,95,59,68395.84143246422,1144.9447397895958,0,30034,22,BENIGN
555939,77,88,35469.26130725849,1274.4010256008119,17,51619,21,Infiltration
614201,43,3,72030.03332750947,366.56222516409224,6,54950,443,BENIGN
449913,1,95,82028.31250202027,613.6072564309605,6,16095,80,BENIGN
8227589,22,16,66621.4740146417,171.9147534444894,6,42260,21,Infiltration
5147601,62,0,46510.47262829687,1412.4033959149244,0,15126,22,Infiltration
5121732,79,32,29551.74395909569,443.02724430809144,17,17461,443,BENIGN
5896821,26,29,12440.336245523087,902.0944482761873,6,1187,443,BENIGN
551338,18,4,49365.18279113837,245.28564284706292,0,40590,8080,BENIGN
5895138,48,11,71959.89533698975,1208.1390494567145,6,14721,8080,BENIGN
3643588,639,31,54824.32115040483,45.873827007504595,6,60491,80,DDoS
8388923,1,37,72148.19192904628,1217.8888987706298,17,20197,80,BENIGN
2895207,9,16,33521.96723435007,614.6085709583473,0,17221,6667,Bot
5049525,23,57,6679.606305534802,875.0803845241966,6,30701,3389,BENIGN
7907486,622,39,77109.79260325767,68.17206424139229,6,38309,8080,DDoS
1017475,2,95,21972.4111829556,1326.5091555032932,0,30272,443,BENIGN
272644,14,23,61628.50602360239,1144.6052969053112,0,10469,21,Infiltration
534733,845,11,80429.27445547332,71.1520146341041,17,10545,8080,DDoS
5276876,40,94,13911.00018446767,886.3387837714699,6,10201,22,BENIGN
1864007,63,18,59849.47100132758,210.9029193579734,17,12404,21,BENIGN
9203369,82,28,68937.43618400938,257.498990069952,6,39151,3389,BENIGN
9705011,16,84,74653.08668189244,809.8428784690523,17,50006,21,BENIGN
39,1,0,14766.661114148761,968.0861747624024,6,32249,22,PortScan
1120213,75,51,82511.61619793714,844.998936318909,0,65280,22,BENIGN
4592187,980,91,9414.856615046996,80.74296728013954,17,39444,22,DDoS
5093488,3,16,51958.346815680736,1118.5894085359537,0,18488,443,BENIGN
6960245,14,72,44341.26961978799,1355.5630715297725,6,26258,8080,BENIGN
6016048,66,20,22176.607423555328,593.644367292425,0,38940,3389,BENIGN
3479764,96,59,30193.07414472392,814.661277282337,17,15793,8080,Bot
4645389,95,97,16443.578328890184,1341.67549688157,17,36057,443,BENIGN
8893618,75,74,42572.61948212534,707.1324116776805,0,22049,21,BENIGN
9011798,86,19,3551.092757056018,678.8204556208651,6,60402,443,BENIGN
2029441,67,52,88891.52752961555,1154.441396560789,17,34640,8080,BENIGN
3017565,31,79,16348.733503659529,1318.4056663512256,6,9681,80,BENIGN
2402214,192,62,88601.77564559485,83.95907203352701,17,38453,443,DDoS
1769717,88,56,86357.74001340033,168.1840984592904,6,8735,80,BENIGN
2848139,1,28,45167.72071576868,707.8610703294423,6,38391,80,BENIGN
9026217,44,0,49772.571221509235,333.71504202428923,0,64899,3389,BENIGN
5369437,15,81,30191.35405344814,489.67489025335783,6,39453,22,BENIGN
880532,37,58,99687.45999755301,713.7565169382324,17,26974,6667,Bot
8855703,632,63,67077.21905902235,42.12024338439014,0,33681,22,DDoS
6227840,768,85,95180.82859355523,50.80464012124449,17,14660,80,DDoS
7858097,704,71,41479.68443881781,36.57080726837532,0,39903,8080,DDoS
7140882,12,70,88301.65794327864,1314.8495344795408,0,30236,22,BENIGN
4884399,67,88,44823.4633217067,332.9617144212556,6,6539,3389,Infiltration
3939725,30,93,86682.88721013126,479.63624509157836,6,60174,22,BENIGN
1629718,653,97,13092.655949485965,79.8267496412571,17,60494,21,DDoS
3374875,87,43,63685.442676850915,352.3292190727043,17,32226,3389,BENIGN
5983459,66,47,67870.35148391467,511.41930458020255,6,32052,80,BENIGN
7694967,7,74,65617.06972864275,1327.3587694796843,17,9634,80,BENIGN
9631230,34,14,44702.761803934365,225.2090921765374,17,15594,22,BENIGN
2568201,32,34,68391.61100307958,676.7464386167865,6,18867,21,BENIGN
9355033,39,22,23946.310081659307,480.231124159052,0,21940,21,BENIGN
1297876,96,52,59584.859449708616,134.20378821405984,6,7053,8080,Bot
7646738,43,44,55423.49244493292,162.26548714244157,17,23697,8080,Bot
5697578,43,84,31833.952213042692,1181.6222704780016,0,19621,22,BENIGN
3702690,78,91,77886.38089812294,1281.4528684836023,6,50773,3389,BENIGN
9872410,751,12,8087.206545868097,41.65826109225922,0,43173,80,DDoS
5447583,46,33,17143.966129207,818.0590004198546,17,33334,3389,BENIGN
8018305,32,37,47115.00396194378,1163.5360084149697,0,47498,21,BENIGN
4928576,43,69,89173.66979250957,244.9833213873553,17,45890,21,Infiltration
3886713,81,67,57515.95545279473,1174.6983688823348,6,63740,21,BENIGN
4010542,3,4,84206.68509391931,646.7433237520054,0,16948,80,BENIGN
3304960,74,39,51756.97191475933,1130.4669908083968,0,46029,6667,Bot
8722956,101,69,78545.59686109459,51.28153614258642,0,6552,22,DDoS
8096397,40,20,32579.73947456252,1252.1642626809285,17,26045,443,BENIGN
5720773,18,27,81514.2317187638,860.8124877345196,6,54925,6667,Bot
661540,67,2,40168.607056576875,30.859515326679947,6,1070,3389,BENIGN
1193602,62,22,55883.11614118561,788.5154088426384,17,30814,3389,BENIGN
7014611,10,71,17588.149153016097,479.2136295495253,0,13144,21,BENIGN
8022517,52,18,92043.30241055565,105.10275558845157,17,65462,80,BENIGN
3329882,73,74,70145.91194372751,682.0181917026254,17,27112,80,BENIGN
6856925,46,49,85885.48191493789,480.97582965651407,6,25298,80,BENIGN
5116276,139,73,20786.290715543244,84.24211804530567,17,32395,22,DDoS
9143689,46,57,6768.435526923644,536.7005637034063,0,2310,8080,BENIGN
381425,75,91,33720.92633110147,285.8186800099066,17,33200,3389,BENIGN
9202234,60,19,51668.53909549318,463.7218503135345,17,52877,8080,BENIGN
963644,97,91,80236.98829590352,190.69487767447862,17,43932,6667,Bot
2426162,26,92,39772.64155060883,144.78263352925848,0,34734,22,BENIGN
8209617,27,71,26995.83249010582,1366.8287515287363,17,44685,6667,Bot
7495195,38,82,37254.51124153805,1356.0933858399048,6,63446,22,BENIGN
6030713,22,52,70360.74104611557,1245.4476940214333,17,47794,22,BENIGN
8994459,201,84,33621.8096951017,47.184211232288334,17,19698,443,DDoS
8862364,86,81,97916.56263551416,1094.3181031913039,6,29325,8080,Bot
958479,69,8,17497.908872073964,892.7739557506923,6,46934,22,BENIGN
5269061,35,3,75309.61246340026,95.82545225013945,6,51079,443,BENIGN
4027287,418,40,58916.36123824232,43.320024733421036,6,39244,3389,DDoS
5888952,99,24,23309.560015654173,1497.013488949256,6,20067,80,BENIGN
7138880,772,33,75361.36371406785,72.09451464340529,6,18539,3389,DDoS
6327081,51,72,44754.02105578512,362.63156645121313,0,3392,21,BENIGN
6564,18,8,68239.82755430203,840.5261993761126,17,57124,8080,BENIGN
9978134,43,81,66225.72451646421,181.88312795592768,0,30169,21,BENIGN
3725630,12,74,11064.343324806625,462.19324517330296,0,61123,8080,BENIGN
1161240,3,12,83998.30248617473,1081.5389087324284,6,64783,6667,Bot
9807475,976,8,68147.4906378319,98.02988686220459,17,20952,8080,DDoS
3613263,7,79,78058.67126366647,237.8647391489382,0,9682,80,BENIGN
6485771,97,3,44776.58349640687,31.057354604556163,17,16787,3389,BENIGN
5790333,6,33,19506.172170279657,867.321318263458,17,5081,21,BENIGN
38,1,0,32621.35237473315,1453.6323737466298,6,55026,443,PortScan
9780287,45,14,90146.92283942562,736.5168583723366,17,15583,3389,BENIGN
2076359,86,37,93801.86018514284,334.6656721580126,0,21442,3389,BENIGN
5161645,39,74,48186.639852728775,705.6544340047477,0,51311,8080,BENIGN
9449246,51,95,29879.557514939414,911.0839069710364,6,10694,3389,BENIGN
6324858,877,90,73031.11241084978,25.009917529194556,0,38175,22,DDoS
1396202,99,93,76599.3010266275,689.9643439240343,6,6596,443,BENIGN
4111,23,51,81546.62974069144,275.96905559028164,0,58708,443,BENIGN
1964824,12,80,3108.3810722495996,298.2547251505609,0,15517,80,BENIGN
8821649,88,99,973.3872396633147,1351.5945043441338,6,34451,21,BENIGN
2708785,62,82,35715.562828185255,369.63799534671415,17,1209,22,BENIGN
6814385,73,6,15249.661777650981,1097.4660851493484,6,52252,21,BENIGN
603251,588,44,80498.18585141144,86.78307236643448,17,51607,21,DDoS
7372901,115,58,53284.38535786423,29.72838674079126,17,46976,443,DDoS
7364832,363,20,82534.81263617978,47.59184938065991,6,18154,22,DDoS
8111284,146,27,17691.307674413514,53.337434610634,6,63514,8080,DDoS
7285487,7,2,62722.27088618277,624.877910989088,6,63448,22,BENIGN
5102467,17,13,58017.20908352732,782.6685384887156,17,4858,80,BENIGN
4500428,50,1,34037.83008392685,542.3675721617324,17,9748,8080,Bot
4308407,24,28,51708.13005577615,868.804165109731,17,24464,443,BENIGN
4445010,2,17,58902.75371247186,501.54735815383043,17,41051,8080,Bot
731736,99,36,88948.78045358215,1024.0896396761113,6,20383,8080,Bot
64,1,0,5563.838475618399,776.5864201507082,6,23723,8080,PortScan
686390,83,44,82337.38668247605,1063.5617238252692,17,21617,8080,Bot
7554025,33,23,98015.63892809473,657.8488625985472,0,26721,21,BENIGN
3216762,21,45,73177.50581086325,1317.2202028171957,6,57598,80,BENIGN
6871674,74,11,73734.69822607902,585.5565040390212,0,53269,443,BENIGN
2364925,53,52,21797.429744009612,476.0378307868298,0,65065,8080,Bot
2180239,46,44,52307.32809491372,844.4858263902244,0,59512,443,BENIGN
3719294,45,31,70594.03201832653,773.5752319335494,17,58578,443,BENIGN
3283837,9,17,60228.10043529202,786.7851485810708,6,53949,21,Infiltration
1432772,6,12,38513.16071167809,1198.2725346007767,0,3887,8080,BENIGN
564274,51,3,94011.8410055755,891.1232185720647,17,25223,3389,BENIGN
1622663,35,22,51398.67413878735,1330.1928791464045,6,19841,22,BENIGN
5857946,984,61,96987.58654355285,77.49914880847894,17,30596,3389,DDoS
6841123,785,53,56387.5681502423,94.1252744680339,6,57627,21,DDoS
2465696,19,73,79338.34466829276,1308.1824451978396,6,52099,8080,Bot
7718554,69,54,74202.31031538203,1262.8810491887732,17,12340,443,BENIGN
4405213,25,68,66082.37751929266,92.29780391408389,0,27491,8080,Infiltration
1414067,11,39,1446.0845753810902,205.42099869542812,6,34432,443,BENIGN
3388090,74,13,7742.915050030497,843.4068959014083,6,27214,8080,BENIGN
5066547,17,97,58148.42882046417,83.42180043899364,0,2508,3389,BENIGN
7718321,36,27,91178.14217352834,628.5286079482522,6,23262,3389,BENIGN
6856704,90,71,60114.16668628448,1463.5337591558498,0,4816,3389,BENIGN
4,1,0,23599.599583783227,275.7087015469933,6,19333,80,PortScan
1935872,96,94,32021.840161554705,325.0218183878805,0,43863,3389,BENIGN
6398597,359,70,62315.987408027184,28.160876822588918,6,61366,8080,DDoS
4568772,527,66,59705.44656150173,79.58467616945981,6,2355,8080,DDoS
2423052,60,28,95570.29102151046,1234.6155190377276,6,39244,3389,BENIGN
3222118,18,99,52908.4564007549,314.5661057502591,0,60628,443,Infiltration
7396765,1,60,35501.488197323946,806.7001628521326,6,16919,6667,Bot
1861763,14,67,52499.27567414182,388.16947819287213,17,56509,3389,BENIGN
5364098,8,8,78623.39832708017,995.1452669226521,17,57333,21,BENIGN
9440398,66,16,54036.38057838767,889.079816513595,17,62647,6667,Bot
49868,51,48,32605.255028771386,1420.7308059398965,6,32981,22,BENIGN
5167473,79,62,33862.105110507844,679.4891182540449,0,52316,80,BENIGN
2263657,60,83,75681.18192423505,1314.8208648319442,0,8599,8080,BENIGN
2100426,34,77,6644.827686128186,872.2163180521918,6,2667,22,BENIGN
8506477,703,45,27475.527617451233,45.78339163529868,17,40651,3389,DDoS
297642,62,92,15303.759040854158,451.8966543766011,0,63763,6667,Bot
2526397,1,12,94467.56331972314,833.6463509516225,6,22505,8080,BENIGN
5628673,628,99,9009.426316817848,92.15287965535272,0,30753,80,DDoS
8091463,42,44,75818.36095962566,117.52802983237919,17,23310,80,BENIGN
4961272,1,52,63042.55694691703,869.9133880357507,17,65330,22,BENIGN
928964,96,16,63280.44006709712,1195.4580328664103,0,58366,21,BENIGN
5908653,437,46,76343.30271478852,42.257345623537724,6,27892,8080,DDoS
6508626,54,61,40048.79720737935,433.42640295032743,6,37502,8080,Bot
8140694,47,49,40074.336499727404,410.4669742929162,0,43779,22,BENIGN
9320483,39,42,28870.578223745568,372.0010405874325,17,47412,8080,BENIGN
2466611,30,67,59775.003688566074,1469.8548100968383,6,27277,80,BENIGN
3295884,344,83,92980.52521102582,75.50895597167307,0,52928,3389,DDoS
99,1,0,92398.31993909313,488.96725019139916,0,49568,80,PortScan
7422335,50,85,70296.06721813853,639.3327521029562,17,59771,80,BENIGN
4134708,45,71,90618.57710330503,191.38093124439666,17,7217,80,BENIGN
7532451,74,27,96351.88283557683,310.1089018595772,6,42222,3389,BENIGN
1248849,72,44,79510.49430027913,773.1751698500336,6,41194,21,Infiltration
92,1,0,40783.33289433462,1202.2938026643196,6,1342,21,PortScan
2023653,10,93,48322.49663317051,1317.111501369987,17,9777,8080,Infiltration
2096519,14,96,93125.69200955986,1301.6574560237439,0,39004,6667,Bot
7166165,46,96,67000.80752747103,1418.2312852673151,6,61175,22,BENIGN
3743018,616,35,82069.39611861753,33.180464028980396,6,11593,80,DDoS
544444,171,90,11611.403574541779,96.63576629332665,6,16803,80,DDoS
1187130,21,83,19390.14150906442,176.4822027132086,0,33229,3389,BENIGN
9493023,225,32,34410.846732296886,20.34594708755045,6,20821,443,DDoS
63,1,0,18824.06555595525,843.0560989493302,6,23793,443,PortScan
8437347,280,18,90646.50646515402,38.628158185006455,17,63072,80,DDoS
6730813,88,46,21689.05469974717,569.2141478152784,17,47579,8080,Bot
8985390,82,84,55718.37143304961,599.5514328079337,17,46022,443,BENIGN
4524205,616,32,8545.387014947702,74.07552928254432,0,20067,80,DDoS
1880264,62,66,15496.184652386868,137.00304787715135,17,16382,21,BENIGN
4376851,83,13,24741.513497120493,1203.8108058814312,6,35299,21,BENIGN
4869336,53,78,98289.34014843861,1385.826211184587,6,40881,8080,BENIGN
380169,24,32,79706.3757003912,593.2708970793341,0,14760,21,BENIGN
111057,56,41,67355.5058769569,1114.5671923482066,0,22369,80,BENIGN
4734171,62,85,91626.19838498019,832.2753860097789,6,3044,443,BENIGN
4313796,34,64,95620.86593676147,369.29271960600477,0,50117,80,BENIGN
4854587,22,94,45357.29142787492,120.3407289574079,6,17562,22,BENIGN
2877768,68,46,32768.9449442628,383.9303878066449,17,58909,8080,Bot
5444508,134,34,31531.53268542742,88.28193839113375,6,29855,80,DDoS
9194725,10,83,3572.9102081448527,79.54006851861553,0,8402,8080,BENIGN
9250209,122,31,27963.809372633787,99.4845847435146,17,63253,8080,DDoS
1195444,8,54,35504.59671937439,1456.0531665955584,6,58068,443,BENIGN
9074036,97,53,3689.8839448733625,143.58282967583446,0,51780,21,BENIGN
6607064,38,75,88260.48156188958,385.1129374720345,0,10900,8080,BENIGN
416661,761,50,84785.67357997436,33.860850955163414,17,19944,3389,DDoS
4245971,28,79,25150.09199344028,1212.9988786691433,6,10495,22,BENIGN
8324536,10,58,80255.89003095854,532.0712556977911,6,13367,3389,BENIGN
7156506,467,71,79621.18790817143,44.57150717518814,0,53075,3389,DDoS
4801536,65,13,33501.27597350505,1339.803916385155,17,56037,3389,BENIGN
6931444,98,17,69706.80386310942,588.9095460851063,6,55454,443,BENIGN
625013,67,54,28985.783803013444,140.67664472451378,17,34660,22,BENIGN
9909901,9,93,7027.623588769993,1492.4433004055645,0,64442,443,BENIGN
9306707,5,96,50479.78339289786,286.81470408556,6,4037,21,BENIGN
2928439,10,97,43832.70408790593,92.19709004610465,0,28766,80,Infiltration
7373456,12,55,13815.291451937894,627.7673241766652,6,20718,3389,BENIGN
8783476,82,48,49055.33369900844,199.7660115142793,0,1706,443,BENIGN
4245676,58,97,94937.57457569163,1468.5254089501784,6,44247,6667,Bot
8637972,21,59,73139.31471891302,583.5749069721488,17,2485,443,BENIGN
6979840,21,52,73887.23099457941,1242.2004767054798,6,21237,21,Infiltration
8625246,65,70,75755.07950822903,281.37597646658736,6,50321,22,Infiltration
4709851,216,5,74463.38072685456,91.34816168331189,0,52150,80,DDoS
3609234,69,69,1990.1435400606738,980.9538324708715,6,6651,22,BENIGN
8542414,933,85,92469.09356939317,22.59999326776205,6,35612,443,DDoS
6630704,64,7,83013.77644387733,189.51395334077796,6,23675,3389,BENIGN
827250,49,14,27457.940743300267,892.0958691840847,0,58044,6667,Bot
7453759,72,25,55274.35048366302,145.71044729861774,6,7986,21,BENIGN
1786952,17,38,61500.592995316714,1222.0011571375917,17,23883,443,BENIGN
61,1,0,13194.502911624506,1365.7727520861197,17,42588,21,PortScan
7377526,32,56,25396.337685712744,950.6155687721615,0,23740,443,Infiltration
78,1,0,2325.043528415205,1038.747791761094,6,2630,3389,PortScan
5322775,21,2,86395.17200542653,102.0459676257934,0,54415,22,BENIGN
8139580,7,93,2490.506974620044,128.00623659140268,6,28799,443,BENIGN
42237,7,45,31869.583786086696,285.91242286922574,0,18955,80,Infiltration
9830653,27,21,7824.64929462231,425.26613165117834,6,7997,8080,BENIGN
139025,8,66,78140.59261710523,1144.5870529229837,6,36564,80,BENIGN
2633919,73,64,92498.27730711878,664.4352855790906,0,52163,80,BENIGN
5412419,28,96,56281.56198177924,135.80953638511085,0,10601,21,BENIGN
3295000,775,18,13956.681730832166,78.6657457844531,0,29243,443,DDoS
375333,66,99,55816.08582861015,1490.8635198139025,6,20304,22,BENIGN
1957892,71,61,77034.12394526786,693.4389132034888,0,43803,443,BENIGN
5028527,47,97,71841.62052263005,777.4107282518457,6,7999,8080,BENIGN
8612770,82,56,74171.90058665551,136.19397001742834,17,44638,443,BENIGN
432078,86,94,27917.384255347766,586.8657977132005,17,58350,8080,BENIGN
3502746,10,87,7373.752258424227,570.2704526373724,6,44103,6667,Bot
3891965,33,75,14896.363854845018,1449.3714392127054,6,63085,80,Infiltration
5984043,678,12,95550.64850789406,53.84415384176231,0,42929,8080,DDoS
4150679,3,15,61351.398709598114,1177.6310771654437,6,43289,6667,Bot
9542599,127,15,72789.96058639255,75.10544159028066,6,63911,3389,DDoS
9090922,335,51,89906.4591780606,61.99200974719857,17,60269,22,DDoS
6986695,46,83,85275.4566551292,303.49814741470146,0,40374,3389,BENIGN
1760243,61,40,21840.1849719119,1293.0796878605242,0,29295,21,BENIGN
8614395,556,47,5806.004460875369,70.16895094723301,6,25758,443,DDoS
5539104,13,90,92512.82008634586,669.5294041242316,0,45778,6667,Bot
2242465,16,38,98166.8292637757,99.40241699555604,17,23421,21,BENIGN
2761956,506,12,56734.419351397526,73.33309681915966,17,45306,80,DDoS
2071188,5,3,88840.19148377795,733.2486299226862,17,35142,22,BENIGN
2113148,752,95,23181.604971475335,70.49967558374426,6,46704,22,DDoS
29913,593,97,11103.870458985133,73.16503823576623,6,25092,80,DDoS
8079923,300,42,49981.6937408414,65.46783461085178,17,17036,8080,DDoS
3211507,38,80,81118.3419483786,854.3995663581824,17,24465,80,BENIGN
4860445,56,87,65465.36232403324,1445.0033282824518,0,13649,443,Infiltration
5971243,63,92,63732.01681437653,69.1695712625496,0,65266,8080,Bot
6501311,680,45,1745.8908225166158,77.11162866890966,0,60022,22,DDoS
8662249,90,91,31749.289236509125,729.7553977387453,0,9009,80,BENIGN
8296435,59,46,93949.57865224814,330.9694977266418,17,49791,443,BENIGN
6646954,77,85,13427.353951692345,1005.0082027678133,0,47187,8080,BENIGN
1615281,44,91,72636.59451871543,785.2372815343804,17,23283,8080,BENIGN
4034749,90,52,75931.11538080446,355.59742431599767,17,41072,21,BENIGN
1350916,55,24,73283.32431922886,947.7037318366396,6,20438,3389,BENIGN
9159056,55,40,98928.48941001765,720.4281672736197,0,18083,21,BENIGN
6767415,1,2,40920.82113519248,1039.7416351756915,17,1392,8080,Bot
5101218,8,76,68219.33922090194,1039.833853631501,6,40562,21,BENIGN
2821158,4,94,19365.511338380238,719.7666721361383,6,28775,8080,BENIGN
458919,85,12,39970.991587108794,598.3783921640296,17,10419,3389,BENIGN
1208160,331,17,49156.06024331265,82.08187785729814,17,37152,8080,DDoS
5353469,53,36,21482.754110002556,750.8929649820474,0,18879,21,BENIGN
444974,58,42,90681.07423588597,379.81024305087357,0,22759,80,BENIGN
5685745,37,33,71619.78304673624,98.80624764596413,17,51524,8080,Bot
3928783,49,80,28375.776809249477,508.96274104740417,17,29023,8080,Bot
5002045,67,54,13495.643929759426,149.45414771715156,6,20424,21,BENIGN
6922895,19,51,28786.732842250774,878.017897934282,6,18077,443,BENIGN
2054148,1,84,62298.53822430844,765.4302157753534,6,6751,443,BENIGN
1063792,29,35,82640.86383102858,1192.7949161462097,6,51430,8080,BENIGN
4738737,87,53,50316.82570551604,416.0976445860895,6,13635,22,BENIGN
9332539,33,58,10249.467350451403,569.8630168956041,0,3032,21,BENIGN
4230113,52,51,24931.486641109022,1039.6465751848414,6,65301,80,BENIGN
6073029,41,18,34514.39193895523,1489.557889942637,17,18234,22,BENIGN
4052039,897,11,63613.625371102666,83.03483350356035,0,52487,21,DDoS
870053,5,91,24664.337536167524,790.8208496963473,6,26049,22,BENIGN
3098156,671,10,23392.839265389186,88.28104790343173,6,42532,21,DDoS
5,1,0,28620.186862119423,807.2450433324492,6,2658,21,PortScan
66,1,0,59252.90444535489,663.5121872186041,17,8932,22,PortScan
4193716,49,98,49263.028394216715,911.4005805166786,6,14647,443,BENIGN
7084435,22,78,84163.59533024408,592.0188534818446,17,16572,21,BENIGN
3439287,77,15,69793.23144133129,434.67876649676987,17,53845,8080,BENIGN
6423927,954,70,66682.18719563306,45.31219364022192,6,44096,22,DDoS
6674206,4,46,15465.006200461363,1310.5206510634305,6,60006,3389,BENIGN
5216913,72,66,5522.779861218574,446.27597295495985,0,64937,443,BENIGN
750874,64,30,50999.88645592716,1066.199594253553,0,38511,80,BENIGN
3358063,37,75,7164.1665371536155,662.348125463051,0,5472,21,BENIGN
7073675,708,7,36401.791592633635,79.66187446754819,17,49072,3389,DDoS
925093,37,88,2611.23483615886,939.2442482439172,6,32323,21,BENIGN
353891,45,60,17680.897662985117,1410.3334041213473,0,2031,6667,Bot
1384625,90,43,11036.786868922733,540.5033923635959,17,14472,8080,BENIGN
3517878,8,49,80098.50039758747,1144.0293672259868,0,62599,443,BENIGN
7719685,40,34,34612.61525661536,485.7531620663503,0,61753,21,BENIGN
116320,97,75,7884.651827199662,1209.72520414878,6,51186,6667,Bot
221521,979,60,26548.020453967925,95.73290330162635,6,11989,443,DDoS
8738025,944,84,68280.80860699093,49.39744631481194,17,8688,21,DDoS
4982832,28,89,74563.52721723555,1496.607940642822,6,31593,3389,BENIGN
9421177,141,54,11986.512984952136,82.21128925853023,0,20208,80,DDoS
9720087,87,65,77856.64399339334,595.4820650215883,17,58677,3389,BENIGN
3659097,9,13,37055.91582170781,953.6020066544551,17,14932,8080,BENIGN
6897112,2,3,67938.26689350033,893.9036992164445,17,57903,8080,Bot
1417291,63,16,67150.77892969441,1175.3369652171964,17,14773,80,BENIGN
3347626,96,68,79359.27210776393,89.42618098389747,6,24936,3389,BENIGN
3478083,51,23,69718.27803090462,1063.4757297859364,0,58523,22,BENIGN
8109174,31,48,3886.8356672500213,1111.8314558010627,6,60004,8080,Bot
690025,7,54,51948.11108895483,110.42965160799527,6,6081,8080,BENIGN
9435854,30,70,16618.117347097184,817.2498887031584,17,5485,8080,BENIGN
9591240,58,22,96996.45374926901,382.58920264383767,6,36944,3389,BENIGN
2681578,3,80,25583.45385110978,1206.4083468295682,6,57983,6667,Bot
2993320,51,11,42010.735126922315,93.42813716675656,0,25246,3389,BENIGN
9149038,56,10,19670.21517734374,236.3229379980286,17,30956,80,Infiltration
2932978,204,74,13458.913381796323,43.317022231367055,6,36922,443,DDoS
2830627,10,97,60092.96006037103,116.52220406834482,17,59628,22,BENIGN
6173149,61,28,49317.964874152065,908.1090212657091,0,16893,3389,BENIGN
6814376,50,61,37465.973410304134,1305.4494453910725,6,13649,22,BENIGN
822664,915,52,8541.90221515253,34.04554123530532,0,54743,22,DDoS
8242284,90,47,73595.93646685679,331.66065243299136,0,6558,8080,BENIGN
5044416,1,99,585.6297898418906,528.818477368118,17,62752,8080,BENIGN
5658665,972,90,45766.15883293183,55.7141513707646,17,38261,21,DDoS
3471988,57,85,63257.19807953342,688.420388543158,17,37172,80,BENIGN
8256427,38,65,43071.08356093468,642.3967816058854,6,2654,8080,BENIGN
7537912,815,99,12620.898391119417,84.52257272906134,17,10361,22,DDoS
2548700,249,47,77824.9886185035,44.56980157247614,6,11610,8080,DDoS
4943214,89,93,32394.395230362174,1001.1887813615914,0,24184,3389,BENIGN
5198345,610,58,13475.555118193306,43.59514945740245,17,33827,80,DDoS
1985504,82,70,55026.58147464038,91.79309363547047,0,50900,8080,BENIGN
7742086,65,56,1917.155756401523,1381.1146846403617,17,27076,3389,BENIGN
6787802,62,75,32406.369074494447,283.376942490636,0,52682,6667,Bot
2126961,56,2,75064.23695934011,688.2627067899953,6,4321,21,BENIGN
3779437,67,80,91271.13293641745,1422.4438578179831,0,34682,8080,BENIGN
2051823,17,31,59172.7459440488,386.0531381241078,6,44833,80,BENIGN
6289289,859,7,21761.15853972819,42.21400281383926,17,2424,3389,DDoS
1049039,60,86,22000.015071414648,745.2737408925698,17,31292,3389,BENIGN
4689233,40,29,60387.16642123974,351.4181701395155,17,14523,80,BENIGN
4178565,81,14,40676.17068387297,881.400734342853,6,8943,3389,BENIGN
8785164,89,73,17726.429877590355,1229.320006761621,17,26626,8080,Bot
5708397,62,54,78739.70396737204,776.6054751540224,6,37893,21,BENIGN
898804,41,37,20024.303650123053,974.6434304274434,6,8595,8080,BENIGN
8563745,12,14,32164.083464839856,1005.9055458245635,0,31491,443,BENIGN
5243862,93,29,6142.943877810425,1234.3910549755017,17,20068,8080,BENIGN
7753572,89,45,70137.2113102662,1038.1316772880512,0,13620,6667,Bot
8231791,428,63,27527.79276021472,37.449678777797715,6,60774,22,DDoS
9418224,89,25,23286.696234834115,695.1926545722635,0,23366,80,BENIGN
1696709,93,77,30335.828602225345,94.38239281998271,17,12221,443,BENIGN
3569869,11,66,87413.05329727079,603.159817153728,6,32251,80,BENIGN
3609784,60,35,51801.857047283076,1263.0195031267788,0,48592,80,BENIGN
28985,68,89,15788.47298671966,216.94012698957707,17,4773,80,BENIGN
4590823,78,77,77448.08872846786,1109.1909818189874,17,59043,6667,Bot
2812853,46,30,20845.324562948532,812.7789582723506,0,28449,3389,BENIGN
45,1,0,41247.61481895734,1352.985823673053,6,58885,80,PortScan
3130085,61,39,56807.58192478618,1102.1607067429377,17,65510,3389,BENIGN
1379439,17,73,58444.291472971,997.5756836377584,6,54655,3389,BENIGN
2118836,66,72,6903.211650727137,1332.5793353615336,17,40897,80,Infiltration
8045509,72,45,83680.44917030427,1364.1654923937651,6,62353,80,BENIGN
820073,194,41,47943.07599378621,68.88887942564403,6,24041,80,DDoS
2650603,74,17,98926.06997178927,1393.2140215291986,17,60954,443,BENIGN
1118944,7,99,71744.24079475921,100.9530427569702,0,24102,6667,Bot
9817634,16,35,99256.89042839182,1148.5986092725325,0,31208,443,BENIGN
5701148,14,75,45347.524806510955,518.0657943312112,0,47410,21,BENIGN
3894242,80,49,14078.1407240678,741.3474794372518,6,22802,3389,BENIGN
6462380,25,60,72730.9377029647,1256.9098313009022,0,5727,8080,Bot
7042149,4,39,77776.02824831163,962.8173113214054,0,50007,6667,Bot
5638763,29,2,85283.52678824957,697.086716309475,17,58529,3389,Infiltration
9846621,56,81,30144.90256063107,262.62119931918164,6,1624,6667,Bot
6226759,6,6,51068.398411532704,1410.111897355459,0,47350,21,BENIGN
9635437,1,30,85750.5573360398,512.0666652811386,17,43543,22,BENIGN
2781752,149,64,86473.62366118991,39.46695081632912,6,26264,8080,DDoS
2091319,802,94,2568.384305614091,94.79222576555075,17,48971,80,DDoS
9376875,63,63,67091.67840534916,621.2940909929565,0,38749,6667,Bot
4217735,57,76,60168.73495707819,893.956517447212,6,48370,22,BENIGN
8836721,787,92,8333.777736120584,47.674483739003854,6,29381,8080,DDoS
2286419,65,2,93013.60795119595,580.518720338706,0,23581,21,BENIGN
931353,65,92,44537.22938425705,1459.3123931002394,17,11255,22,BENIGN
1844153,21,34,67425.77101274053,1406.0735893752492,6,5600,80,BENIGN
543055,30,14,88279.77955031156,1299.2849808462888,6,13006,22,BENIGN
3307835,96,20,13012.107086388502,1173.0988763654047,6,54492,6667,Bot
4791226,33,61,85584.3143504734,251.7084668046454,0,57909,80,BENIGN
8761853,48,82,72430.56297311568,711.0572731157939,17,64882,3389,BENIGN
2053513,22,27,83959.23219571594,1097.2961230989445,0,23671,3389,BENIGN
6686041,94,3,49483.57051738705,407.41599745501026,6,31512,8080,Bot
9074319,54,12,3348.4853537744552,68.9498354725657,17,60140,22,BENIGN
1657487,4,78,67051.58437106319,638.7863709998311,17,62973,80,BENIGN
2791341,87,50,37453.24284201746,649.2092666838697,0,39804,21,BENIGN
8037921,55,47,40241.583436288376,116.3483809849941,0,41732,80,BENIGN
1221085,44,38,44126.22015063806,494.51105712645165,6,24065,8080,Bot
8734452,89,95,49290.96357818177,1377.604088485437,0,51566,21,BENIGN
2604425,12,66,66193.42325659368,390.4392744156706,0,24655,443,BENIGN
2761723,933,93,72677.56762518744,63.39190055802761,0,8550,3389,DDoS
1676950,79,57,77684.22863616253,742.0653308391379,0,38078,22,BENIGN
50,1,0,67160.61911014716,1295.9461560639838,0,47739,22,PortScan
5709816,99,1,80347.94199207435,987.2543607468423,6,60085,6667,Bot
3887032,52,24,12214.920789060114,254.47565231170597,17,19365,21,BENIGN
432284,93,10,83681.76661978396,231.44571572846453,0,60027,8080,BENIGN
88,1,0,38727.90871594601,845.0810967389568,17,20496,21,PortScan
2336906,65,47,52877.667576398024,88.77021628657798,17,27678,6667,Bot
7517301,65,47,43377.94004948859,602.4258000643628,0,61312,8080,Bot
2908187,10,9,47571.72044082054,610.5363971442188,0,63621,8080,Bot
658239,18,80,28542.768512447336,310.5730193903125,17,47326,3389,BENIGN
2970524,47,29,16995.09107996727,465.4980698186956,6,6213,443,BENIGN
6592963,66,34,10489.47330432719,508.3233972734264,17,2851,8080,BENIGN
8235055,49,18,45139.88390680675,37.40272674613887,6,44423,6667,Bot
6608787,977,52,12526.099655193868,52.73363697126818,17,26716,443,DDoS
4105613,22,33,24498.847254794044,1437.0204488377317,0,63560,8080,BENIGN
6215341,86,31,13361.58856261651,448.1144557701179,6,3029,8080,BENIGN
4317393,26,75,10912.123157528986,185.73862532574807,17,51337,443,Infiltration
3061581,90,80,88246.11478477513,1431.2571719138045,6,29719,80,BENIGN
6054012,9,5,67402.59530086843,1116.01551131525,0,7614,80,BENIGN
8688558,21,12,92375.91118689178,1338.890793806196,6,33959,3389,BENIGN
5604165,95,85,64401.2158232911,554.0967040348943,0,16129,80,BENIGN
8429847,63,74,84395.10240338472,736.4121681285078,0,14611,443,BENIGN
9160673,6,63,55529.858926963985,1396.754765006134,6,11216,22,BENIGN
303546,14,6,46263.00506752249,700.1376217209446,0,9504,21,BENIGN
3371584,33,44,52847.7401003397,1014.7010349856848,0,18445,6667,Bot
1398658,538,44,32022.549447677495,97.01725872726952,0,63967,443,DDoS
9374371,647,84,65797.23909937913,53.9209202728906,6,28085,21,DDoS
3,1,0,89717.490167068,1463.264906844775,0,7222,443,PortScan
1717579,896,93,78235.34464877902,65.09555585824297,17,12580,8080,DDoS
1045816,87,18,46200.001073728534,386.2272569989626,0,22231,22,BENIGN
3823973,51,46,95391.90858269809,135.00480479442137,17,57704,443,BENIGN
2962037,2,45,98542.30941181097,1287.6755348341526,6,11347,21,BENIGN
3693893,15,28,49310.06097302003,453.166210412931,17,46448,3389,BENIGN
6115862,35,98,86463.98413127812,93.42693711460934,0,4997,21,BENIGN
2553689,36,83,477.02561781248767,1300.600299772337,0,43168,6667,Bot
6197749,92,99,6665.559174667346,774.6659532068123,0,14207,8080,Bot
1698513,39,60,2238.9408928777943,1260.7035427334788,0,44337,80,BENIGN
137899,4,64,77316.29973476213,840.6333004530584,0,31195,8080,Bot
4960224,64,22,7977.911144323491,484.3200281717073,0,59850,3389,BENIGN
8570497,74,94,1705.0546064178552,212.07675574830068,6,64227,3389,BENIGN
3817880,6,50,14741.877335525955,666.9990389002627,0,12883,8080,BENIGN
7896045,57,62,30629.479129854364,59.29258303835173,17,46789,80,Infiltration
23,1,0,46470.068189745696,911.6399754071906,17,33991,22,PortScan
4170263,99,21,6540.328471611711,652.943662335211,17,17362,443,BENIGN
11,1,0,49898.223355092356,229.45497852947446,6,25934,21,PortScan
6144238,96,32,24806.146104460036,804.7470464030234,17,20821,443,BENIGN
5882149,67,99,27437.149509762225,1205.3478317980166,17,17586,443,BENIGN
5688605,90,43,82190.2251647863,1462.7044235467429,17,26049,21,BENIGN
9190717,15,6,98692.35760523383,800.4905771645392,6,2748,8080,Bot
7687431,17,90,46386.40292616176,211.7354223439956,17,34971,21,BENIGN
4306180,91,1,32177.069515449642,1219.8451549018635,17,22243,80,BENIGN
7073675,18,16,93144.81761595688,1049.7671116933166,6,18275,80,BENIGN
6805180,19,64,50044.844646631645,1431.8774463804255,0,49323,8080,BENIGN
212903,76,57,73035.35711807213,812.1152367203149,17,34769,22,BENIGN
2256013,583,29,41374.00309598837,81.07386079912303,0,47499,3389,DDoS
8006646,69,85,20254.85776581595,1445.0033782856224,17,33786,8080,BENIGN
6789429,24,91,65488.51125676257,816.897980525586,6,14546,22,Infiltration
4215745,91,96,66484.26495367198,43.54040093618538,0,21048,80,Infiltration
6651254,48,25,46018.38500789507,721.0301387718773,6,42649,3389,BENIGN
9643037,30,34,26994.963508083634,23.519485779932396,0,44056,3389,BENIGN
2870681,15,62,83181.34920627488,1111.8075637179782,6,11739,8080,BENIGN
7690035,47,74,27531.812438557736,857.5987680668364,0,50958,443,BENIGN
7015332,44,70,65902.39862667922,182.50564574578772,0,38089,21,BENIGN
8120559,98,27,38398.562389269675,1223.256734725509,0,9062,21,BENIGN
5014149,27,24,47248.06779377294,813.9271110770846,17,63073,8080,Bot
6600600,84,60,21140.266150047206,188.80935897058964,0,7756,22,BENIGN
78940,64,30,64947.99454793653,256.81609538306634,0,59855,21,BENIGN
5408747,41,53,22582.583361918485,1236.71370076885,17,62900,22,BENIGN
161397,96,66,48571.40466076136,546.1205756884722,17,46951,22,Infiltration
1931475,68,96,32845.93931464067,1235.222192256258,6,4574,8080,Bot
4243560,5,50,96360.57327846217,122.86496974793273,6,58176,22,BENIGN
2305533,53,57,98222.10958935475,380.91141219527395,17,24944,443,BENIGN
5926169,8,33,75349.13073380436,1151.5822416733906,17,20858,3389,BENIGN
4220342,22,58,98391.74948547724,969.7191389616492,17,60526,8080,Bot
6739302,7,20,11355.064280773808,474.100288110016,17,58490,443,BENIGN
2087101,22,55,99232.46540134493,1405.319126611472,17,56373,6667,Bot
2681822,709,36,10355.591637084415,33.70372297740411,6,39382,443,DDoS
3455773,30,63,41545.17736790876,1277.6737627528923,17,57549,22,BENIGN
7605602,274,18,23894.757015445368,22.611344204693378,17,56486,80,DDoS
8261295,79,84,95384.59634051913,199.25327168317096,6,38877,8080,Bot
1731630,732,77,63578.99347991415,56.39359322293706,0,44466,21,DDoS
5358799,67,73,59712.75338234418,1396.2632194832954,6,46057,443,Infiltration
6773429,23,52,99743.85048873267,935.9661523600871,6,49939,80,BENIGN
8530608,61,70,61242.610389075395,802.6349495941492,17,51135,21,BENIGN
5552712,74,92,64615.98809360338,562.1583222154894,0,65112,8080,BENIGN
7089209,5,62,4477.429929675903,1187.4064482215185,6,22538,22,BENIGN
6829413,23,61,85905.06020335373,1371.3276365477898,0,59774,443,BENIGN
6212795,149,71,97008.94317421239,64.05128543707232,6,61913,443,DDoS
9057583,82,76,96031.11505236865,1093.369052125018,17,54780,3389,BENIGN
4790387,25,18,22110.56095380688,304.88574626545983,6,42547,3389,BENIGN
253178,8,74,22591.534397015912,1254.2997860579624,6,50900,6667,Bot
368993,620,1,36604.712521317815,42.964883096152306,6,41013,80,DDoS
3101983,21,5,31021.00709175669,1140.8949852732349,0,42230,8080,Bot
5398956,2,28,30561.464739749554,332.0876509833675,0,52804,443,BENIGN
715395,22,40,60521.67171350913,741.146679577044,17,47622,443,BENIGN
1878898,72,50,80560.80068369498,1048.9462416065132,0,56459,443,BENIGN
4000840,87,4,93676.81606746001,1143.436051346586,0,17281,8080,Infiltration
9381360,96,40,6786.047857733235,1334.364232967331,0,63334,22,Infiltration
1054312,72,61,27797.84763841151,438.2363735563907,17,26004,443,BENIGN
2358830,68,29,25501.377344295495,351.9939596822882,17,60921,6667,Bot
3485101,687,61,35743.96635738372,57.000373266860144,17,51423,21,DDoS
2080663,94,99,42433.4263114571,327.18608979808323,17,48708,443,BENIGN
8672524,19,26,38917.14717030217,1004.9115051550032,6,52570,8080,Bot
4715797,87,49,95214.72093812,1430.0621432949995,17,55134,8080,BENIGN
5243634,82,81,43712.90560843858,1346.9028607300827,17,23925,80,BENIGN
38,1,0,55159.25710848579,676.0298873923327,6,18635,22,PortScan
125951,93,48,74863.32804859066,963.6208732484305,6,9848,6667,Bot
2650627,696,61,72508.47969865215,69.21283646678681,0,7459,80,DDoS
4861382,97,99,58296.45666945688,533.0502630132303,0,23828,443,BENIGN
794978,52,59,86083.202349919,233.7447095659184,17,61748,8080,BENIGN
2053362,47,79,62418.13089408278,1209.023461400891,0,46333,21,BENIGN
1937235,545,53,87475.88473885994,97.86183658448041,6,39934,8080,DDoS
8186665,54,4,30276.575058250375,922.2485244075335,0,9874,3389,BENIGN
6449828,44,8,13202.36769133356,899.6663753157711,0,60418,21,BENIGN
8614887,97,33,81952.04565492691,515.540021076915,17,30907,3389,BENIGN
2072271,7,97,38251.79079749094,220.40466509737283,6,24912,80,BENIGN
5460488,92,35,65108.457164124025,1203.462948449273,6,29021,22,BENIGN
8381760,616,94,73731.11964695933,68.14217246409062,0,51299,3389,DDoS
4544440,63,19,32671.047542724897,1093.40387938737,0,13768,8080,BENIGN
6112340,106,80,50516.33885700391,55.90858370833135,0,32161,443,DDoS
1200446,39,83,89492.6515139504,130.26468312999432,17,40092,8080,BENIGN
8873995,19,91,87979.32352384718,280.25457310087745,0,64713,3389,BENIGN
6214394,31,84,74935.70775127645,188.48036415470253,0,10099,22,BENIGN
1760499,77,82,76273.95319435024,303.7260210233718,17,42680,6667,Bot
8684609,24,62,89768.4449081332,1036.002341019103,6,13640,6667,Bot
6136162,69,66,73633.23872899161,89.55566731803806,17,64551,8080,Bot
6347672,136,29,33958.53593034954,21.80227951700313,0,14641,443,DDoS
6435789,83,68,12078.267964001865,66.84511167566089,0,9930,80,BENIGN
4143503,65,69,42188.40999747373,1052.5207044191463,6,56466,8080,BENIGN
2203631,33,2,8734.341585367632,813.4804991448802,17,37781,443,BENIGN
1069512,59,48,11577.077699078842,567.9587692699544,0,50417,8080,BENIGN
4415843,33,41,95017.20928365695,1019.8997040021062,6,54450,8080,BENIGN
9624004,32,23,67588.69606024897,839.3343229272623,0,30768,80,BENIGN
3303231,59,43,85160.87004702991,30.855564052573136,6,52403,22,BENIGN
6266476,92,0,64289.91932734907,1261.0536225438318,0,64378,22,BENIGN
2953128,41,53,41854.00284000711,538.27288712328,0,32405,8080,BENIGN
7490391,992,51,2515.8782461582764,44.846658554324115,6,57200,80,DDoS
5386009,73,35,95583.70369750375,1177.7891333409796,6,44989,22,BENIGN
397695,11,78,7093.247205258124,296.89440727981207,0,63214,3389,BENIGN
6188443,97,37,61016.30660198326,34.90634605794504,6,43323,8080,Infiltration
3793192,345,43,10220.32117305154,48.678877093169746,0,10959,443,DDoS
56,1,0,28414.767858956835,768.1078182019717,0,56528,443,PortScan
7734225,57,86,18581.745729879472,537.3001525475764,17,57831,3389,BENIGN
6113200,42,46,55371.69151588768,1232.1874578369202,0,41206,8080,Bot
3590611,98,28,88707.53451221001,58.91647152894143,0,16902,21,BENIGN
2417309,71,50,63562.23077977161,319.39041528524973,6,11894,21,BENIGN
527025,31,40,66418.80195062606,249.8263324628315,17,59828,8080,Bot
6757550,52,85,90893.14962133026,1111.9894126989836,6,24094,3389,BENIGN
2925709,2,63,74942.52279711053,481.88839101079014,6,50051,443,BENIGN
9145255,598,87,86595.58363840327,58.15556557198377,0,30044,443,DDoS
606852,38,47,41639.20918598654,81.38513702764072,0,62982,8080,Bot
1339562,614,76,86535.633777212,82.5736850216098,0,49898,443,DDoS
35,1,0,64586.13885658445,490.9666720728661,6,58754,443,PortScan
7687368,8,21,13560.77827413381,296.6415041822928,6,6424,6667,Bot
6117782,90,98,3871.250836706608,1228.812188778283,0,51617,443,BENIGN
7204525,94,16,24403.44136857844,630.1301829229192,6,26400,8080,BENIGN
5158670,75,85,37834.96488266912,866.0118038709622,17,34398,21,BENIGN
4823516,20,4,83756.78660808568,68.96408879372231,17,30039,80,BENIGN
5210866,20,60,74124.45570252967,1191.6042855720766,17,43901,8080,Bot
1137417,9,88,95537.57278069176,444.58616739731536,6,4133,3389,BENIGN
7358962,754,5,55917.4798746506,82.07099009429766,17,17773,443,DDoS
5560168,694,52,74774.16516079946,87.62287867452463,0,46460,21,DDoS
2957632,98,80,27528.338524262475,193.33206105980804,0,32893,80,BENIGN
2166454,88,94,67957.78928953072,457.9328346823549,0,64259,80,BENIGN
299289,97,16,70615.12025362861,1090.6913213446758,17,41135,21,BENIGN
6508950,63,58,84841.53284195613,363.62277021782194,17,5065,21,BENIGN
1559149,91,96,53640.351087508374,1275.29744904073,6,10200,80,BENIGN
6136921,980,38,64900.514759517704,43.19940470932017,0,51300,80,DDoS
2374594,5,53,20304.881010489884,615.4487071985369,6,41788,443,BENIGN
9244661,35,47,73675.90901264513,167.62015389863708,17,42474,3389,BENIGN
504755,85,36,83841.17226401351,238.55917554187877,6,15552,8080,BENIGN
236924,68,47,59373.77461864164,427.6240097975157,0,64592,8080,BENIGN
9456687,870,67,11567.446237419821,47.71674732142103,6,46957,80,DDoS
3149509,439,77,31285.7356311943,32.019111245924435,6,63942,80,DDoS
4548103,95,76,47551.465101129,625.235679465879,17,31053,3389,BENIGN
4025382,90,26,67716.23914028342,582.3441253635285,17,4668,3389,Infiltration
4166389,62,87,32032.710786522544,314.06768214394737,17,5248,22,BENIGN
93346,35,26,84029.10513391142,139.06701210310763,17,32773,80,BENIGN
5338844,70,71,37178.97913654036,490.8587955544051,0,29670,8080,BENIGN
8597594,97,62,4283.634794696079,1123.1129792469892,0,3050,443,BENIGN
2367813,21,51,79399.4416669835,774.9473668208063,6,33225,22,BENIGN
9818316,434,46,64422.31695110412,88.59326209467719,0,1044,8080,DDoS
4063168,39,20,80195.64947306976,227.03176506068968,6,16578,443,BENIGN
2284898,713,56,34888.98132668935,72.17881320794473,17,48978,3389,DDoS
1532437,15,74,1763.019215264583,434.84330978571535,6,58395,3389,BENIGN
65,1,0,7375.292365782793,39.24281172330102,6,11713,22,PortScan
7596813,66,90,11180.078070082722,1416.2031081161842,0,6042,8080,Bot
779205,88,41,80514.75781557018,679.1384705355927,6,45547,22,BENIGN
7097165,56,47,30143.47543601573,732.8412263021111,0,24479,22,BENIGN
9305700,302,26,99789.85094224627,26.203992465692583,6,46731,22,DDoS
220426,92,71,75838.83964968853,1311.5925813591982,0,63296,22,BENIGN
4513652,1,32,60115.49530902318,1045.0957102317418,17,35245,21,BENIGN
6638035,497,75,98361.94119964248,44.29255982550845,0,60650,3389,DDoS
3522910,28,34,31630.91883165179,1319.3978150362195,17,11687,443,Infiltration
9835451,103,97,16561.556912117114,32.21800410523534,0,65116,8080,DDoS
5480454,48,15,73727.29696513152,93.23120073632681,17,22664,6667,Bot
6575373,72,35,27808.33787896416,196.6003927750594,17,11345,8080,BENIGN
9289561,65,65,96103.69280667572,60.88988304732624,0,23869,21,BENIGN
4447421,90,75,98806.93122501709,880.9607657054307,17,28012,8080,Bot
651924,51,90,92640.43950253537,342.5569130608293,6,46844,22,BENIGN
2906505,43,55,94476.17629095448,1270.4935636288287,6,55011,21,BENIGN
5866745,49,16,61565.481741635995,709.5525135660308,17,62863,8080,Bot
8069652,25,19,69211.86495686299,1259.8104246633084,17,23394,21,BENIGN
4569246,74,84,9424.61577726944,842.2957307240503,17,32099,6667,Bot
2470956,76,93,76305.01597286889,1198.3283398288863,0,51651,22,BENIGN
3139882,41,83,20206.336307689442,570.3454121319115,6,34727,22,BENIGN
1650324,71,7,84032.60597043828,1419.18288400873,17,9450,8080,Bot
1348155,518,17,96153.18206110015,97.53825251362207,17,50210,3389,DDoS
9244491,61,17,21237.76291654733,901.3260057089501,0,30334,80,BENIGN
5095770,774,17,7803.111760562131,45.96822468516039,6,9554,22,DDoS
2230753,81,1,48389.01392678898,1407.0322887786253,17,46011,443,BENIGN
585042,69,75,79154.93719483091,519.8469123369623,6,37317,443,BENIGN
4563970,14,95,77064.01699435229,1257.071964134637,0,27102,22,BENIGN
1420754,34,71,69681.85056565842,618.3761595739417,6,7002,3389,BENIGN
9112211,48,50,82069.59902347412,1155.4323222223604,17,25215,3389,BENIGN
8355525,61,9,17498.835259515265,1369.579315059485,17,61492,6667,Bot
5869594,81,74,65193.7757885946,709.0985331019075,6,12899,6667,Bot
6,1,0,60567.93158976498,798.6801141153458,0,11706,21,PortScan
1481277,423,25,15343.172375969316,59.7173854855242,0,13731,8080,DDoS
167091,59,46,41442.70706385477,100.94959570725926,0,18113,80,Infiltration
4291356,36,29,85252.97193095475,985.6721730129458,0,5871,80,BENIGN
3993042,79,55,97180.18040481598,197.0709363178024,17,21752,8080,BENIGN
4660210,19,41,66543.01775773519,544.0072144695529,6,11556,8080,BENIGN
9264766,42,3,92194.10419862444,537.2509865874862,17,46286,8080,BENIGN
5914163,69,10,13204.923058341734,243.4856528223703,6,10340,80,BENIGN
8491585,19,23,97506.05256429472,1006.7312675530231,6,39126,6667,Bot
7998983,39,85,3350.6499180713467,278.4070096116644,0,24875,6667,Bot
7961913,69,66,52725.92734711015,1171.937796786022,0,10815,3389,BENIGN
6962644,647,36,29100.83294708191,45.432161250469974,6,38322,3389,DDoS
5118905,12,1,81390.91067848093,445.18547932308957,6,1262,21,BENIGN
1545429,83,11,21754.36320975107,528.7178870389298,6,26747,443,BENIGN
3072853,47,20,1153.0036733138793,246.0737901101784,17,13829,21,BENIGN
391770,76,68,41460.94592361932,662.7114402031023,6,16096,80,BENIGN
4626143,36,70,6410.799766644482,138.8811838503801,17,45892,22,BENIGN
7627439,177,63,29009.256918774907,57.94372258297764,6,21652,443,DDoS
1350439,783,67,64374.76916666982,99.88977166135905,0,19512,8080,DDoS
3735042,82,42,29470.317661656598,520.6328618709442,6,11419,8080,BENIGN
8429341,51,53,24579.322732123266,997.797892731079,6,21076,8080,BENIGN
9646010,43,99,15549.566307033958,1158.153854227812,17,5655,8080,Bot
9440601,675,61,13517.227408451838,42.991102088556815,6,19570,443,DDoS
3850504,97,85,52585.737318141924,407.7817442487753,17,15963,22,BENIGN
7792690,49,92,68150.70229434714,751.6371633900554,17,7498,22,BENIGN
2821205,806,72,45273.32057356356,42.60976427425178,0,63678,8080,DDoS
926209,604,89,12360.30990478505,49.710365697289674,0,61973,443,DDoS
7659664,119,11,64775.62995215262,33.54534186970716,0,38253,8080,DDoS
5455349,93,0,55712.189832163815,730.2956951429112,0,37357,21,BENIGN
708769,5,71,38127.5455265447,1486.6282941909637,17,29217,8080,Bot
6318599,89,32,33004.68771260136,542.628740967706,6,55544,443,BENIGN
4228039,24,63,18315.2891150142,672.2608660639011,17,20341,8080,Bot
2307639,93,67,14629.94588314569,445.36196249973204,0,36900,80,BENIGN
2596982,64,13,33877.169446869935,756.5881405959042,6,64808,6667,Bot
9395599,59,92,4163.112410345527,258.1635574021843,17,34256,80,BENIGN
3947626,38,13,43662.74128013074,385.58018713452594,6,11250,6667,Bot
7434076,33,8,60157.392928493595,1073.3697364301865,17,44878,6667,Bot
9116175,939,72,94165.42752928907,79.11933925702637,6,55516,80,DDoS
4650200,37,25,62582.8143277737,1390.692770188622,6,28385,6667,Bot
2998951,97,48,62407.60468558998,475.7814045769716,0,36712,22,BENIGN
3661406,353,16,37441.480560360564,50.34722409930973,0,50986,443,DDoS
997157,11,67,13331.71562810509,496.30940279843196,6,6933,21,BENIGN
3674253,24,59,44693.76532558422,727.4855481467162,6,23386,8080,Bot
4748684,88,2,59867.6319067514,1357.625965511044,0,7653,6667,Bot
7303498,71,92,72403.3596655804,121.49437713374397,17,17806,21,BENIGN
2212392,21,24,82608.67738954308,1287.3870875269638,6,57876,3389,Infiltration
4370397,20,20,25592.80920681215,845.2090563975303,17,2099,21,BENIGN
3618413,10,11,24122.007522788746,1004.30546285731,0,44803,8080,BENIGN
1384510,89,53,56529.98631045181,102.71285885462446,6,8622,3389,BENIGN
8674808,47,0,56601.51831344293,1146.8706936312908,17,32657,21,BENIGN
7330495,47,0,21794.779670277432,209.1120537715203,0,19270,21,BENIGN
2048980,15,44,58747.53103512731,1447.9353460892903,6,28879,21,BENIGN
2469706,44,45,34587.88499743949,1202.9451688450356,17,51061,22,BENIGN
3039416,284,47,63931.49188786329,66.46870218351731,6,22946,80,DDoS
1045633,6,6,29104.471367220165,1387.7670967005276,17,14795,3389,BENIGN
1285944,66,9,59229.17920715764,270.22845760378766,17,19974,8080,BENIGN
4673684,76,14,76831.0041236923,1487.6626665399976,6,12456,22,BENIGN
9944940,867,39,98015.87757019378,72.90424705984114,0,51849,8080,DDoS
70,1,0,91106.80564717573,165.5993121564791,6,28349,22,PortScan
4501672,13,55,50353.87473274523,814.1554261244894,0,27584,21,BENIGN
6961948,154,45,48834.908331761806,22.83549059696341,17,39051,3389,DDoS
5557921,31,44,43770.00059357488,927.2729472838145,17,40282,21,BENIGN
1485719,16,86,2775.0597988638438,647.4451104348707,17,51867,3389,BENIGN
1838624,41,12,16595.449748626168,387.25142682458096,0,21561,3389,BENIGN
9588107,881,26,5918.908830405579,71.5202233705806,17,29367,3389,DDoS
122126,92,80,69635.50847753209,1391.8865497641305,6,17149,22,BENIGN
40,1,0,41323.465021816555,367.4163110108481,17,1681,21,PortScan
9670215,12,60,6376.987806540957,1444.3594503987758,0,53432,3389,Infiltration
735153,56,12,69057.50776538701,331.13430927095885,0,56497,80,BENIGN
562267,50,11,64443.586282794386,588.7399925099836,6,21462,8080,BENIGN
8700449,20,28,71996.28306904972,38.23867109670438,6,27110,3389,BENIGN
1658900,740,84,59983.411776156914,62.621548731722385,0,32208,21,DDoS
9932679,36,83,16153.955994728409,174.44047949138064,0,55422,8080,Bot
1807837,79,19,6139.229774216881,548.8473039446646,6,59436,8080,Bot
3751631,38,30,81714.09702270372,1266.926957201389,6,56509,6667,Bot
7919810,22,7,21580.8998965866,1192.0089493469688,6,10601,22,BENIGN
3031401,61,23,54252.924047418295,1265.4215097054634,6,32109,3389,Infiltration
144554,50,74,48521.701473218716,1372.8792343469306,0,31936,22,BENIGN
7681656,96,38,92105.25404365142,1368.3847672015552,17,36406,3389,BENIGN
254143,59,32,55243.97608542984,1160.3387633917855,0,48421,21,BENIGN
4837602,20,41,58001.68853871507,881.9870233565777,6,1795,22,BENIGN
4814747,36,14,31950.503371581275,851.0929146244049,0,32754,443,BENIGN
5631313,97,67,95869.47017686612,39.12091125727345,6,19982,22,BENIGN
4924474,15,64,61237.38157392346,1089.4039967283502,0,52372,443,BENIGN
1845833,62,31,498.0383591258075,355.48153855421623,6,64660,22,BENIGN
5800729,3,10,55608.22637349633,1246.472179962226,6,64762,22,BENIGN
7905535,93,93,36386.53883052012,839.6300460356476,0,48562,443,BENIGN
4304488,668,36,3211.2204298832216,26.628032830634602,6,41725,8080,DDoS
9403099,5,18,43154.978550708445,331.20475647444175,17,40149,8080,Bot
7321205,56,50,77356.64883786297,1090.728734615766,6,22123,80,BENIGN
473106,31,99,50378.945795636246,830.3499773937948,6,19405,3389,BENIGN
90,1,0,63945.90861399947,1399.0741299982126,6,35874,443,PortScan
7149248,35,70,63974.1465720317,413.67068815362865,17,28028,80,BENIGN
8462276,71,59,67101.93024834269,107.9676444190709,0,9987,3389,BENIGN
35,1,0,38759.619456857545,824.9211372880101,17,60642,3389,PortScan
1197542,26,52,37000.4839056845,791.9872711405194,17,50079,22,BENIGN
1199629,1,11,458.45313452752555,481.3266855910605,17,40155,8080,Bot
1790328,83,61,15422.246052892107,1480.075940571888,0,2187,443,BENIGN
7052614,439,95,95081.02127815517,29.95892166190723,6,62005,8080,DDoS
2323276,36,65,84241.67157882097,862.8897449660755,17,7965,443,BENIGN
9618059,76,85,27510.843738990297,405.12102956869967,6,23816,3389,Infiltration
9350566,113,47,40119.19489257832,55.26387395492195,17,5906,21,DDoS
8860386,87,39,93992.1323384633,1482.016723477757,17,46415,443,BENIGN
9818448,150,23,25044.44795535772,47.704617171525044,17,17309,80,DDoS
13,1,0,53253.29692889299,1288.641930374348,17,6080,21,PortScan
4208794,59,94,2207.978405540456,1263.29951468368,17,4717,22,BENIGN
25,1,0,61973.48363528066,1222.1719826629705,17,23084,3389,PortScan
218647,29,87,93007.3598174395,699.3455340672288,0,28950,443,BENIGN
8940303,95,42,88474.33848400222,1345.970950425433,6,27979,3389,BENIGN
4421840,18,16,50196.92206275332,563.5628989962353,6,1796,80,BENIGN
7364634,447,82,64964.19722771659,54.9996643988039,0,1747,22,DDoS
8353235,19,54,56979.81940132855,398.4436898591358,17,18626,80,Infiltration
9811241,970,33,6697.424415417552,70.84120677025263,0,30326,22,DDoS
3858904,65,96,15872.348687674586,1480.0203001608868,0,50881,3389,BENIGN
2325552,41,69,96381.73147697597,868.3961801353187,0,14378,443,Infiltration
5212460,15,59,25596.869687167324,1250.0246692889568,6,30675,8080,BENIGN
9782196,54,50,38444.92160963994,409.74751796696336,0,43265,22,BENIGN
928352,64,99,50894.43079545072,1434.7626239520941,17,61103,3389,BENIGN
8975781,72,76,97913.21293933415,39.496363701449766,0,38329,8080,Infiltration
600438,15,72,68999.35062297765,1396.7629239941878,6,47399,8080,Bot
74331,79,34,62959.84977303653,1349.045757652215,6,50786,8080,BENIGN
6365162,50,33,52439.997244085935,119.68720033153274,17,64948,6667,Bot
5546786,22,15,70067.44145945572,915.1731564183052,0,33722,80,BENIGN
3526285,18,81,66401.58905283466,1182.1611976491165,17,10947,443,BENIGN
4145566,80,17,90284.08922609821,617.6356637958966,0,55230,22,BENIGN
2593150,2,37,54183.53053646227,155.94882472303908,17,10868,21,BENIGN
3113634,36,42,42150.25881904898,1247.5118927370463,17,47779,80,BENIGN
3601057,20,31,80716.20280638713,710.4175099631859,17,8999,8080,Bot
6453959,16,6,79978.33346868184,409.61015009701555,6,26501,80,BENIGN
9468840,67,86,16983.64380120875,124.86605183515027,6,47501,80,BENIGN
8905908,30,86,23679.199785645567,967.4543300380244,0,54222,6667,Bot
5124624,55,45,95863.82612997058,82.60675438740746,6,12412,22,BENIGN
4378087,66,60,44410.95383823848,1190.8189189923644,17,31216,3389,BENIGN
3840073,99,17,51966.06965311896,1160.7129663808157,6,9060,3389,BENIGN
1363964,26,70,31016.012457980978,497.95519738453527,6,14112,443,BENIGN
7536424,57,39,48107.10228973535,718.985265974792,0,57707,22,BENIGN
9617711,69,87,74335.66071956558,1010.4450166067139,17,41106,21,BENIGN
5421351,2,77,48234.50974636753,1439.5033069746014,6,61899,443,BENIGN
7228219,56,49,31478.467995866522,789.8235169954993,6,58538,21,BENIGN
1960320,157,4,9600.100439437654,32.35398490266658,0,62773,22,DDoS
3000364,62,53,92826.1520537591,501.1565674562181,0,41672,80,BENIGN
9160999,34,85,87165.78228018957,799.2080809883653,17,24530,21,BENIGN
3514774,476,57,79136.49433497222,72.99556917699724,0,3423,21,DDoS
9422587,56,21,69407.09638425651,843.5305696271106,17,22363,8080,Bot
3074061,55,73,51550.98844505834,813.7436981509231,17,33115,22,BENIGN
8606876,218,89,89739.67861224503,85.45011083380336,6,29563,443,DDoS
148278,50,78,79170.151279705,1494.8963446931668,6,18782,8080,Bot
8446831,25,37,81601.08418244625,1479.543606381965,6,51772,22,BENIGN
2209077,990,48,30955.047299946647,20.234258567323202,6,59363,21,DDoS
1217409,25,0,42345.827340239826,520.8994194204296,6,40076,8080,BENIGN
3370798,53,77,70680.22641232585,426.4923604853682,17,32937,443,BENIGN
8344954,14,35,37106.23032077538,315.5257359793142,6,12512,8080,Bot
7315764,876,94,49397.465327548096,49.47708802955803,6,34537,8080,DDoS
5133028,43,27,64651.296770512345,777.3811386004395,6,60177,8080,BENIGN
6874499,62,97,43775.8401584281,1311.2981979474166,17,31964,8080,BENIGN
9103711,76,34,79303.96071628899,893.0040010259779,0,22892,8080,BENIGN
5860716,69,59,11627.883888451495,1311.5422024245597,0,59110,80,BENIGN
2275698,63,61,71805.65097820172,1440.052049317146,6,65351,443,BENIGN
4892671,954,86,14521.006061127795,42.013407233752844,0,31856,8080,DDoS
4491360,54,45,93783.9654928526,1256.7883539413417,17,45304,8080,BENIGN
9224710,16,82,31403.768069495873,97.45612403082148,6,27093,22,BENIGN
9750329,55,81,79543.23610394711,731.9882659785605,17,20928,3389,BENIGN
9559350,94,78,52141.697810867605,565.0788506861294,17,32815,22,BENIGN
8779216,43,60,9108.706658787412,323.18079152306433,6,20830,3389,BENIGN
5948591,61,64,58258.685439109955,668.8213582721462,17,36947,80,BENIGN
36260,38,88,91217.77368825699,676.6797524102691,6,52899,8080,Infiltration
19256,45,25,15723.440443790392,1216.638597531638,17,49750,80,BENIGN
7416340,51,34,32130.69493608317,1305.999545272653,0,27600,3389,BENIGN
2570448,42,56,43915.86709577402,992.286627998072,0,54444,22,BENIGN
2562788,24,78,27505.30633406537,957.4144730209096,0,7049,3389,BENIGN
6964845,30,62,94377.9474736361,183.06992804285034,17,60296,443,BENIGN
5474206,563,3,37750.02648084656,54.559982199731174,6,7085,21,DDoS
7795907,659,78,65806.20584856787,69.22229731960985,0,5264,21,DDoS
4914105,63,41,22391.67643700659,456.24883760193444,6,46841,3389,BENIGN
881909,510,44,21970.593748164825,35.005544105640766,0,53698,80,DDoS
4499411,715,38,17584.93356039391,30.727649478744354,0,15904,22,DDoS
9125905,23,64,43481.22635267233,884.0364460858524,17,27968,21,BENIGN
6356995,80,21,53285.820229005396,346.0033994039939,0,34963,8080,BENIGN
3808382,50,10,1074.8165751581773,409.2946468598732,6,28353,443,BENIGN
645749,85,36,83292.34276131146,1164.0417553709551,6,56445,22,BENIGN
8601694,55,89,51275.38925310988,1193.5413781737147,0,12175,80,BENIGN
6125588,811,50,15720.992341643203,78.30707284129674,6,33736,22,DDoS
8418485,4,90,6729.331250298876,240.5239895261315,6,56205,443,BENIGN
3402255,97,57,6319.929712932803,102.27672400098214,6,27264,3389,BENIGN
3827371,54,76,25764.3486858529,421.7739173856948,6,3746,22,BENIGN
4615065,61,6,49929.214797097884,1102.1549586829863,6,25041,3389,BENIGN
198210,78,7,86023.95360029984,909.2086158614004,0,61568,8080,Bot
4079530,539,50,90296.54268909035,74.86025124910982,6,9898,8080,DDoS
8803335,773,22,83232.7919979404,56.86755951838718,6,63480,22,DDoS
3732617,613,89,32856.34681207237,60.10581821758494,0,29508,80,DDoS
3291166,18,90,30655.775170609933,731.5925755175779,17,57418,3389,BENIGN
7764561,123,8,98745.83451549977,41.58889936059283,6,18917,3389,DDoS
8119650,31,45,68128.06299874588,138.1902771820313,17,41727,8080,BENIGN
8336662,94,37,30495.194125754177,1250.6240244791907,17,36055,21,BENIGN
4754054,21,12,32908.01523248035,951.8440146246471,0,40678,22,BENIGN
6605288,47,6,43464.4439310697,433.1080474834078,17,3308,8080,BENIGN
9606641,30,10,62180.66978248375,1140.6196483019335,17,44127,3389,BENIGN
1699647,55,73,89797.91599716789,220.88825522323665,17,16566,6667,Bot
4400231,68,96,19830.711969640925,974.9603196294058,0,20367,6667,Bot
6494474,69,49,8440.33976844626,1484.4392056465288,6,60024,22,BENIGN
7638583,41,66,40575.21239542325,242.02892859710767,0,37058,22,BENIGN
8731132,45,40,24545.54826105766,230.07841537333783,0,26873,443,BENIGN
9850367,74,28,57603.26734391034,712.3949285395236,0,64110,22,BENIGN
2940207,91,36,69921.48371474215,971.1388844325581,6,53694,8080,Bot
2050341,80,55,31073.59537174299,59.28857772391559,17,7239,8080,BENIGN
4934449,173,79,68545.12888619886,46.334330209617896,6,19423,80,DDoS
1156345,77,15,34314.72548578066,143.09212059782573,17,42901,443,BENIGN
4926722,85,43,63496.81396662621,377.15918966815997,6,10167,22,BENIGN
159098,45,49,63306.080674739984,1074.3484772908823,0,64563,8080,Bot
9011703,45,70,27815.970342164375,1113.520122413605,0,25071,3389,BENIGN
3762953,79,78,63572.27517102035,1100.004026843439,17,28624,3389,BENIGN
4050330,404,5,38095.50957236558,45.60660614086633,0,9370,8080,DDoS
6184498,84,17,33645.494436066525,1184.4094009357561,0,62783,80,BENIGN
9664828,45,18,28928.774706649263,659.6663672182107,6,58668,21,BENIGN
8206436,907,50,34564.5260134289,78.10680869194854,17,58562,22,DDoS
5170410,59,65,78674.4892061148,641.1418999001346,6,32793,21,BENIGN
4462018,5,2,24517.88141725172,1288.3931150136373,6,49378,80,Infiltration
1808616,32,88,68198.74051463098,1026.3561373574125,0,8588,8080,BENIGN
956111,6,99,90062.05849809002,760.0382457018688,6,40144,8080,Bot
3658005,94,53,35042.894103456216,1254.7447924507946,17,51613,80,BENIGN
3761609,26,48,2951.20644949004,1211.9379746762513,0,26332,21,BENIGN
9181663,350,27,2460.6029124990105,64.45144814367951,17,14157,3389,DDoS
9655279,13,37,13950.288835030433,728.7423476451394,17,65309,8080,BENIGN
4111093,93,27,11004.484309866559,82.52424218996364,17,4068,6667,Bot
8682021,69,31,74808.52498714332,474.63599279372573,17,31996,3389,BENIGN
9991233,25,40,29485.071690737263,1209.6792683245164,6,35243,3389,BENIGN
1717455,13,35,65250.97736006843,1417.197481119737,0,8111,443,BENIGN
5048436,107,35,4245.5435725363695,78.35909354826745,6,54885,3389,DDoS
6848929,95,86,29574.027607814256,51.70922027559398,0,35080,8080,Bot
4900418,20,65,23414.623467728044,615.457788785838,6,20655,21,BENIGN
9836630,72,9,27688.051035236283,515.975881246161,0,18783,8080,Bot
7970143,60,69,19071.776913379945,1021.9099504386847,17,38071,443,BENIGN
8521822,73,71,61791.60211023198,752.6853552236358,17,24899,6667,Bot
4686042,21,78,66267.28696566669,610.2939499378764,6,21381,80,BENIGN
6849321,61,92,14846.54904832603,359.74228460611283,6,5618,22,BENIGN
9072784,84,62,74114.59846147578,1246.1509899038701,17,28864,8080,BENIGN
5583261,79,91,25004.547625862895,387.61614447322034,6,48984,21,BENIGN
3968278,424,21,28292.25024995654,67.25733272725215,6,2023,3389,DDoS
139233,54,97,82880.83388436225,855.6235525267363,0,32229,8080,Bot
3809797,42,19,90116.5915271192,489.67614439055035,0,7362,6667,Bot
7637647,11,32,82475.63134684233,1074.4040034109207,0,19450,22,BENIGN
9851305,37,14,14776.282035092914,139.69006927023634,6,34836,6667,Bot
270101,11,6,99926.76350965197,1450.1351953493408,17,29005,443,BENIGN
4617731,27,87,67215.54147823683,296.5498630930553,17,5917,8080,Bot
1399398,94,89,51066.862154070404,548.4442080136042,17,23096,3389,BENIGN
4147513,83,49,95484.14077534356,731.8133408766238,17,10294,21,BENIGN
86,1,0,81738.03954265935,1337.3739130601723,0,14337,3389,PortScan
782509,38,78,69174.30396287367,1089.360512265343,0,54575,80,BENIGN
7876246,166,36,83839.72484821333,63.65090470536056,6,27157,22,DDoS
713491,87,58,38546.65832779262,669.1481649212816,17,6284,80,BENIGN
5755636,53,87,68443.84454402135,823.5095601888737,6,35928,8080,Bot
337264,65,74,19058.001872976805,1059.1460719344498,17,3951,443,BENIGN
7869915,3,62,98800.06352671022,866.2852107640633,17,2858,21,BENIGN
2763879,67,20,58898.17000934034,696.8556322844421,6,41546,22,BENIGN
2858314,324,78,81423.72474353075,45.64655627863256,0,30703,3389,DDoS
2235067,14,78,40733.9880531034,579.5252901454477,6,15945,22,BENIGN
2020980,52,36,75858.88192751807,1481.0156077533256,6,21808,8080,BENIGN
6919319,30,44,38738.48994693605,1422.718112166876,17,53995,8080,Bot
4243880,58,13,59000.508696058285,1066.9229988054547,0,14500,22,BENIGN
3893293,513,42,77813.48156863122,51.63726478371486,6,8408,443,DDoS
5681968,69,84,11647.391329623857,601.8997637841412,0,47467,21,BENIGN
1256059,15,83,35678.58513696482,880.5759273730077,0,17186,8080,BENIGN
2113787,38,32,54493.69489760969,423.5296427657707,0,32274,8080,BENIGN
6620190,663,2,33399.77060881693,90.99183008691716,0,5403,3389,DDoS
1619526,14,86,30916.723475565876,717.1170565285571,17,44027,443,BENIGN
7005451,57,43,28166.408958271215,813.4925455819113,17,57705,8080,Bot
7570195,59,86,22779.182180936154,1299.5598476182647,17,57711,6667,Bot
81,1,0,84890.45625556307,1199.9721917206132,17,58808,443,PortScan
5023298,906,34,92368.91294005925,66.07440005428677,17,4978,8080,DDoS
78,1,0,70016.94481563281,149.39285326581577,6,59836,21,PortScan
8673999,32,95,2999.951276507673,259.8979389793308,0,2986,22,BENIGN
1650059,95,85,78623.3195129002,521.8618627946914,17,20856,443,BENIGN
7060016,29,7,53193.98411153653,471.83042815071434,0,37359,3389,BENIGN
2188177,682,61,75811.00878836062,61.95642379087641,17,48315,22,DDoS
4785073,592,17,43733.83736628297,24.25051811572458,17,57993,21,DDoS
3769584,45,91,4128.191488851984,176.65849856756813,6,20302,8080,Bot
1291006,13,27,68174.4985876798,346.91678482403404,0,13151,443,BENIGN
1435467,27,74,44412.84925287266,1185.4751025843866,17,36802,8080,BENIGN
8312148,19,11,87404.34955452466,752.4217298151287,17,4887,6667,Bot
9929158,26,63,73813.79368214274,571.9705226236115,6,17097,3389,BENIGN
3246949,53,1,35956.174777780936,294.4442947105242,0,12671,8080,Bot
8654684,51,58,72408.19597838186,1302.0945574830057,0,47531,22,BENIGN
1605296,37,36,49520.859944953074,1357.4608778926315,17,41117,80,BENIGN
67,1,0,19944.395225954515,787.6434654483968,6,50920,443,PortScan
1045951,92,40,41988.63194402218,1383.4865815285757,6,65138,443,BENIGN
8466702,184,44,22256.23945086459,73.67113358096677,17,57568,8080,DDoS
2665021,52,33,497.6519938377111,178.71886092876775,0,1580,80,BENIGN
1434830,54,86,24679.577358914594,45.21857255839842,17,21208,3389,BENIGN
4071750,329,12,20952.132590825033,74.8813958351578,0,16358,80,DDoS
4354589,624,6,433.6908686901508,75.25252558591664,6,5749,80,DDoS
1958715,700,31,78392.53681002179,27.297769141255294,17,2875,80,DDoS
6502583,8,22,7698.4938170852165,979.4973248394126,17,11635,6667,Bot
978634,14,48,44905.907393888214,771.8046624013226,17,52532,8080,Bot
68,1,0,41788.31756970649,512.8586106610892,0,63846,443,PortScan
9284376,24,46,18140.811730554353,343.6461032575725,0,54040,22,BENIGN
1318255,13,36,96686.85065373809,139.94474083798866,6,54373,3389,BENIGN
984688,43,97,60373.36049268583,1177.9387708422034,0,16843,22,BENIGN
4449499,474,47,81351.30457248358,44.036420801239245,0,40067,22,DDoS
4002861,72,28,49614.05572349502,821.3472035004966,17,52059,22,BENIGN
481732,51,36,72281.1917372913,252.5001157658878,6,33491,21,BENIGN
9698460,42,22,96977.9208311758,410.0229882372581,6,54473,8080,BENIGN
7723147,31,37,34840.541380310155,1433.6149603675667,17,8478,21,BENIGN
6541273,741,92,50426.38527099454,49.69808369895687,0,16530,443,DDoS
7998899,609,43,51453.68986920066,86.11975167424555,0,21251,80,DDoS
5275920,549,4,99199.48163241387,98.45381872926708,17,64334,8080,DDoS
8918662,562,51,23309.914639221308,53.17980747805821,17,7461,443,DDoS
7639398,57,39,67530.75085870788,1437.0036561520785,0,29728,3389,BENIGN
7496296,7,10,13822.967845569234,870.6564837446392,6,42001,6667,Bot
5104238,48,77,92707.3532054248,1449.4058073623653,17,14183,21,BENIGN
9800618,80,1,59038.19190016985,1182.6534120728631,0,50847,8080,Bot
9799896,60,34,85941.15270394701,1090.165512312015,17,15327,443,BENIGN
26605,33,44,89524.15443395075,1248.9395834123616,6,39884,3389,BENIGN
1650475,3,48,55710.99121041476,915.230590436255,6,10354,22,BENIGN
99,1,0,68200.72712381984,36.45951391774153,0,58575,22,PortScan
7050405,4,91,69872.06400289104,600.8478787109739,6,1184,22,BENIGN
8916876,42,71,46048.08235087588,344.1467699267249,17,45345,8080,BENIGN
973315,9,31,43483.82473026648,662.7827566249046,6,17202,80,BENIGN
567927,51,67,18618.821897814287,716.4132957656126,0,5438,22,BENIGN
8325957,370,70,38391.45605012092,64.34245658659835,17,54733,3389,DDoS
1267733,17,38,99075.69405455548,54.67869235576339,6,51758,443,BENIGN
3684915,97,47,26986.15771184859,224.53643415505445,6,43969,8080,BENIGN
2026282,20,90,76244.09086761039,1288.9921553351282,6,20364,80,BENIGN
4638346,14,36,5934.747005663876,1138.6642083813438,0,23603,443,BENIGN
8437492,22,59,46746.87974076582,1202.3614991897414,0,17244,8080,BENIGN
8378000,52,80,5841.013191714562,428.9337966143966,6,9267,8080,BENIGN
2210286,27,73,47579.993380789834,369.426801213219,17,57514,6667,Bot
47,1,0,2755.24608093769,75.3111658488226,6,44649,3389,PortScan
3200190,3,22,61329.477148390484,718.9573224921869,17,5729,80,BENIGN
54097,88,13,58650.90999788805,585.9651105604319,17,16828,8080,Bot
4375817,94,4,79784.32226303554,1257.1114284663074,0,19152,22,BENIGN
5607523,8,65,58328.62022013471,1029.1639866191256,6,56450,443,BENIGN
9189689,86,23,92599.91623510733,233.54318358700084,0,17117,6667,Bot
2940604,89,17,78310.46140743562,1480.9896078323577,6,42947,22,BENIGN
4935090,373,26,13265.652032228936,20.58698069412502,17,62686,21,DDoS
9850816,29,23,26547.31883060909,1085.9515232118558,0,32058,443,BENIGN
8058007,40,28,2623.059776879355,340.59106225856834,0,12926,3389,BENIGN
5721977,65,10,38613.40015728073,1359.6317689120235,0,41909,21,BENIGN
8959701,168,17,50953.625376945034,20.702342513689416,17,38724,21,DDoS
5856594,24,3,94594.62487820664,460.5308102423997,0,2173,80,BENIGN
7760104,445,32,52226.74322818184,25.960018324424155,6,3583,80,DDoS
55,1,0,78102.8041942947,333.39290225988094,6,11393,3389,PortScan
6102593,26,41,26802.40125929012,1363.1971334924099,17,61123,80,BENIGN
2593549,897,31,15315.843725883171,77.55731537950675,0,34859,21,DDoS
9977566,20,50,81083.62538262528,708.068826755152,6,49535,8080,Bot
1018643,56,3,24742.514537459138,302.17298401632195,0,19237,21,BENIGN
8773813,99,19,87133.51176711064,754.8261028756984,6,38075,8080,BENIGN
6774970,177,84,16984.98756919631,34.25092782568137,17,46323,8080,DDoS
7104627,36,66,85158.6541015107,419.3763493387973,6,34714,80,BENIGN
4227334,73,88,77284.75800744501,734.4439380745471,6,24154,8080,BENIGN
1121989,232,67,61122.06731406038,80.62792085223322,6,47997,22,DDoS
92,1,0,85022.06778226161,1153.2694532493647,17,18958,8080,PortScan
3258981,69,57,33071.01178824615,311.43401823478325,6,36774,8080,BENIGN
3631553,73,46,16603.414566538777,1302.584660782644,17,3068,22,BENIGN
6524467,523,74,15704.067510445562,54.55009211957227,17,61349,22,DDoS
5339038,504,79,27035.89138157041,87.99752069655648,6,39605,443,DDoS
2185128,72,58,44622.71321800529,1169.4434133170378,0,30014,8080,Bot
4804058,96,99,87602.28650812268,372.16368130275805,6,40889,21,BENIGN
8926399,13,5,8953.565215773651,1067.1785291127683,17,2621,8080,Bot
3488024,84,94,91524.20444347494,1086.88438048705,0,55885,80,BENIGN
772938,43,39,92549.47103400862,964.0086255529359,6,3345,3389,BENIGN
261520,803,76,72723.63906692935,89.62530988818204,6,55034,443,DDoS
477943,94,22,90028.36136259466,1181.8959012608505,6,49052,3389,BENIGN
4530043,74,51,76998.66301779622,950.0819021595489,6,64582,8080,Bot
4552638,95,3,52830.096515575366,893.7745495309628,6,31672,443,BENIGN
1825360,25,36,60075.022622594435,1232.3586783669577,0,27621,443,BENIGN
4775933,93,41,62822.44764775827,382.0643037798753,6,64535,8080,BENIGN
4187794,88,43,12689.328098311093,364.08217126298786,17,35109,443,BENIGN
9601688,21,96,19305.413751751043,591.9413929804231,17,64645,3389,BENIGN
3099934,41,41,52336.87238701609,128.23694162945,0,29075,80,BENIGN
9644681,73,28,11522.831277094181,519.3423346407578,17,32501,6667,Bot
6771258,42,18,96497.92960461111,621.2826762301243,0,32681,443,BENIGN
3564607,42,83,50712.72785144216,752.6861106335685,17,53731,3389,BENIGN
43,1,0,38008.61448130596,395.9399268693647,0,21705,21,PortScan
3182232,68,43,15754.003759155921,1362.126822603163,6,18965,22,BENIGN
3440963,8,54,41653.38974751863,441.91598430962205,17,56480,80,BENIGN
7986422,96,79,30242.618699254886,1280.2951507189377,17,29398,22,BENIGN
2,1,0,8792.717120203464,678.5296056413487,0,2093,3389,PortScan
7135680,14,45,96700.52952380214,1082.8719099671212,0,34289,443,BENIGN
4802838,77,75,26497.80960489467,184.13553421617274,0,63925,8080,BENIGN
6779751,462,44,69047.02421335243,90.38663265251061,17,1128,3389,DDoS
7871590,875,20,9132.250182242275,63.4802110461198,0,53929,8080,DDoS
45,1,0,91316.90093267725,1006.0517898598675,6,6066,3389,PortScan
7674019,82,21,59075.1451560577,1234.0281054467264,0,21443,6667,Bot
5714048,45,29,65687.20003766121,406.38428402273377,6,38996,443,BENIGN
4229591,64,22,78178.43606688685,1204.2500029149503,6,52023,443,BENIGN
8060526,64,4,60591.53286650836,539.8550041802057,0,45132,443,BENIGN
5183684,26,62,7090.745841325563,737.9155880685449,6,59945,8080,Bot
9045961,32,92,42958.24236321526,298.1774222057507,6,52748,3389,BENIGN
5912093,57,58,26203.009333114467,738.8336142472085,6,24373,8080,Bot
3183918,53,93,48671.702068118386,783.2387280923775,0,32651,80,BENIGN
1518660,33,81,40432.5161681738,941.0442238719276,0,51159,80,BENIGN
1894520,52,51,82653.31172988476,1305.5780155300147,6,40226,3389,BENIGN
7069322,95,64,24704.75522097709,471.17970900370125,17,40274,8080,Infiltration
7658306,18,38,20130.10592779484,1476.5224281225615,6,33288,443,BENIGN
541897,873,80,95808.62954505748,83.08059441858275,0,60428,3389,DDoS
9080997,12,2,94951.66138891796,616.3254768969645,6,38421,22,BENIGN
8305927,51,41,99346.4964917601,355.4621900596598,6,5671,21,BENIGN
6557742,89,70,56838.05795463371,125.8119746541514,0,31651,80,BENIGN
5436626,95,26,11314.396058899856,366.8589981447238,0,8564,6667,Bot
7639477,10,27,88016.77407371972,1329.0939240346627,17,27099,8080,Bot
1796318,52,53,14511.498425764057,452.2064889050009,6,50302,6667,Bot
552326,701,94,15559.432602915613,72.9529786953783,6,33448,8080,DDoS
7514882,67,14,19339.756748608794,53.55839235099394,6,48902,21,BENIGN
5099007,39,52,65341.88353930929,460.56690864318074,17,51933,6667,Bot
8649418,8,71,10719.905322732247,339.9060110006915,17,24798,8080,Bot
9669604,96,69,77828.1629011766,171.25947140705674,6,14324,8080,Bot
7139708,29,91,5825.159595805418,1427.6069857984662,0,63286,443,BENIGN
7707790,22,3,11044.656067182013,416.0803756758355,6,47050,443,BENIGN
48,1,0,43448.714166652855,29.141707656495175,6,33400,8080,PortScan
3803174,70,16,37917.15019499007,1417.527863635062,6,52445,21,Infiltration
7416610,61,33,98970.8268397434,876.1995157016689,0,19022,6667,Bot
9326901,43,5,96686.39567187033,142.5631861207175,17,11660,80,BENIGN
7467233,49,35,18968.180735562557,66.50452653563947,17,33890,443,BENIGN
9794127,29,98,94666.55450784626,179.61661410418597,6,35298,21,BENIGN
9931811,81,38,69226.19040119661,895.4064628772644,6,37267,8080,BENIGN
3507245,31,79,40884.3165533234,111.5699752586029,6,30954,22,Infiltration
1778344,53,65,73963.09321609413,860.8480833114213,0,4281,3389,BENIGN
4782437,34,7,90014.09657065468,985.7607093997574,6,13590,443,BENIGN
1180959,38,14,18014.1553798975,238.4136366274103,0,32436,80,Infiltration
6733314,295,62,19598.426137766113,34.93705546064448,6,15140,21,DDoS
1980525,4,90,40872.07622276604,1446.5422958575252,6,32531,443,BENIGN
7441621,2,79,16921.17713350707,1258.0029008204806,6,50551,22,BENIGN
8077913,12,64,36039.74857058158,1090.5792342665302,17,53650,8080,BENIGN
7694520,925,58,64569.15270625141,50.521338040819955,6,34027,443,DDoS
62,1,0,81281.81253338548,603.5266387808265,6,5777,21,PortScan
2941716,72,6,30193.49376853995,688.1234094594104,6,5187,443,BENIGN
2474470,21,73,28173.0683804838,1151.6228116217137,6,27580,8080,BENIGN
5604397,61,75,77974.29643891775,840.3609834024388,0,8135,6667,Bot
7106024,35,80,38102.622600250914,1151.6878982330913,0,65325,3389,BENIGN
2079037,48,11,81847.53678688414,1455.411996240844,6,58333,22,BENIGN
38,1,0,99338.03203292133,967.9609431415398,0,10415,80,PortScan
1355197,71,45,97966.8675983717,912.5932649671055,6,41491,3389,BENIGN
2055497,15,31,66268.6954847289,621.1196837945544,6,56903,6667,Bot
9636194,6,31,37521.32113774506,311.19585071933255,0,9832,443,BENIGN
1079137,791,89,6548.985947676267,96.98898816704349,0,11169,22,DDoS
4152051,68,77,73804.06327170608,789.7438419627398,6,65383,6667,Bot
3155300,22,89,97796.72410532439,71.58637283647869,17,64006,3389,BENIGN
855795,32,60,6798.446321562812,724.1914367369925,6,10033,21,BENIGN
112136,22,68,616.7710620640144,1295.9810045741683,6,33844,21,BENIGN
3831954,27,60,83177.61965817175,1465.4040565497642,17,45013,6667,Bot
889794,15,45,10225.896203823715,1286.212035020058,0,63816,3389,BENIGN
590448,44,67,8162.298044557948,274.5329841044755,17,6410,8080,BENIGN
9760154,86,91,91033.60682231786,249.41952381264932,6,14027,3389,BENIGN
7695182,92,54,7956.081167188134,602.1020578345353,0,46471,22,BENIGN
9297829,9,0,11401.765477542614,353.6370964756433,17,20511,21,BENIGN
4067081,34,76,56957.36752696933,1020.4718660985066,17,33982,8080,Bot
4467901,73,66,75681.41730332913,145.1459946239471,6,10934,6667,Bot
2183625,15,48,39957.22587142272,676.7044893142851,17,41146,22,BENIGN
693564,838,24,42058.91606903904,81.80517611243266,6,26430,22,DDoS
9107438,45,15,63262.59871511386,901.1962727597348,0,37264,21,BENIGN
1577515,382,84,50542.52948307813,41.03951015629366,17,39065,80,DDoS
4262763,958,12,1862.8292777717493,42.47794700125364,0,19506,21,DDoS
3593924,271,51,11358.318627219987,40.334489827661685,0,61728,8080,DDoS
4668323,718,35,58160.00155254028,46.3052020397719,6,36377,443,DDoS
8036937,19,71,79366.2509697866,1286.654717109095,17,11541,8080,Bot
1358456,16,43,76310.31454299559,896.1053416940711,0,1474,6667,Bot
1515819,680,82,74005.6559293645,94.26459010107308,17,15198,443,DDoS
4141526,8,46,77127.2616208134,1279.6732386573176,17,21837,3389,BENIGN
9204825,33,79,4444.347632452305,212.5675506447217,17,32977,3389,BENIGN
837666,74,75,89510.15649625885,1422.1627566877212,17,9980,22,BENIGN
6642616,18,19,88928.31052116747,830.1476938189741,0,63998,21,BENIGN
9545251,459,17,53192.398909761396,54.68338324353586,17,44537,3389,DDoS
47,1,0,24859.433226876536,521.3222654060451,6,34273,8080,PortScan
8123255,50,11,59217.847278143345,1131.4804982838366,6,52583,6667,Bot
9898347,750,24,55788.59263752866,49.14019293860829,17,16062,8080,DDoS
1224081,91,59,22295.72076902103,1099.6305350773814,17,15504,21,BENIGN
2336898,865,74,60313.01789286692,39.13458683187444,6,5672,3389,DDoS
2158444,28,85,79729.41161006097,271.89039989205446,17,17483,443,BENIGN
6483314,142,33,80610.68647452562,91.39264518832593,0,17190,21,DDoS
835265,737,12,5969.782227991438,96.59012483225007,17,30368,80,DDoS
1734528,70,37,19716.331181246438,349.2055073083536,17,11551,80,Infiltration
3822169,390,11,66822.33605931954,45.88331604666855,0,30868,3389,DDoS
3144887,14,35,85983.19454143022,239.6333801899955,17,2484,21,BENIGN
8347088,7,27,52121.70824492155,651.6871703992632,0,58047,3389,BENIGN
2812889,494,90,70752.56683349804,69.33227385980233,0,41293,22,DDoS
9942457,79,38,2107.2010656900566,1342.920903321284,6,14401,80,BENIGN
7992826,329,76,60842.08118853993,96.67466779505911,6,12464,8080,DDoS
8844812,93,42,96190.91444366016,1120.9158261826565,17,63814,3389,BENIGN
2166603,81,90,66101.4607032738,617.3435283107158,6,3022,21,BENIGN
8045491,51,30,92227.57166003197,908.3100868335407,17,36382,21,BENIGN
8622793,29,1,56600.94581310737,761.1808042419902,17,60251,8080,Bot
9146879,15,81,84337.87377759276,267.82816157332286,6,55208,22,BENIGN
498195,90,89,12416.240825714753,90.82346867516108,6,49095,8080,Bot
9556440,76,41,12351.326288681652,1031.6073130164427,17,25798,80,BENIGN
9879132,25,30,12017.932919579454,199.33523965683864,17,11683,80,BENIGN
8410284,409,60,48884.95520367091,59.958400080996476,17,2121,3389,DDoS
3330363,41,55,33026.35608371151,673.9636523539854,0,37286,443,BENIGN
7366704,69,85,71918.5853741036,1112.2790276126811,17,62574,3389,BENIGN
3665942,4,99,90262.19143003972,1157.9252900639124,17,54141,6667,Bot
4,1,0,61937.482857348194,1312.735017939759,17,3165,8080,PortScan
3337131,31,13,21321.05560985793,314.836753298171,6,57196,443,BENIGN
8234125,3,13,93087.68675291137,1478.7241028456858,6,7527,6667,Bot
3945223,67,28,52785.733813798266,1149.549426506859,0,57512,22,Infiltration
4768126,90,80,71994.55531357553,252.67575200625586,17,42280,6667,Bot
4083601,405,49,89050.58504351771,57.492989189414565,17,27908,8080,DDoS
60,1,0,98983.19320989026,758.4597232775862,17,36564,22,PortScan
49,1,0,50606.394910167386,118.48862469893763,17,45829,8080,PortScan
6126764,601,72,80806.27186836739,62.21553997242356,17,34109,3389,DDoS
7709924,66,64,56686.7065318242,662.1620572257352,17,50447,3389,BENIGN
4795917,88,67,48645.39459958059,805.1500811740395,6,48335,8080,BENIGN
2180119,75,70,53771.25192762898,1422.2887771796272,0,18775,443,BENIGN
780057,24,10,48427.52438217042,339.25445929728,6,8045,80,BENIGN
1914080,99,13,42102.81187946806,721.6746751593573,6,44434,8080,BENIGN
1507494,87,82,72372.06905139878,354.3164145305335,6,57426,8080,BENIGN
2979945,32,2,24967.58159476592,846.433019611172,0,4335,3389,BENIGN
2712288,87,7,61638.14658060006,1365.7907479982368,17,10874,8080,BENIGN
8642973,98,92,71296.01777644295,860.2708453210535,0,31396,80,BENIGN
4713897,19,42,89209.08333907051,774.9043976681303,6,31295,443,BENIGN
911013,66,8,33187.714893758566,1130.1915222389125,6,26042,3389,BENIGN
2057117,288,18,86059.91035160644,22.653602552827714,6,9824,8080,DDoS
653917,488,11,94529.11713258638,44.00952085243573,6,34884,21,DDoS
76,1,0,64867.93827417188,874.8982799894351,17,4808,3389,PortScan
2581605,85,57,77143.3007923013,1035.7379344189094,6,56788,8080,Bot
6555951,35,24,40570.69598188734,1232.0619258129109,6,33414,80,BENIGN
4109049,69,44,95213.54197846928,959.8560178418652,17,20265,8080,Bot
6128520,840,47,67086.14550864241,75.91937746057215,6,2968,8080,DDoS
4876791,88,49,31015.68086177675,1099.8397326295362,17,36663,21,BENIGN
4674171,214,80,40426.13472340228,97.33836448771895,0,10158,22,DDoS
4203987,6,43,61775.55141315761,585.6715520964083,17,47444,3389,BENIGN
7138612,33,58,23413.51645122951,1445.1463824219372,6,32619,22,BENIGN
9886558,58,32,75391.44043402921,401.7450655926109,17,7628,8080,BENIGN
4036580,456,77,22469.15162696431,65.49957761494227,6,10673,8080,DDoS
7567576,17,27,59178.919577093926,279.6326440621641,6,26964,22,BENIGN
9335511,42,17,69700.65129948274,498.4459866123059,0,49609,21,BENIGN
3486544,94,54,85974.78956615386,1081.278463257419,6,41431,443,BENIGN
34,1,0,73390.04157889332,971.7791556192465,6,3162,8080,PortScan
5509265,40,14,79882.5091552285,633.1882155200908,6,9504,8080,BENIGN
4873114,46,60,91293.18014978482,1408.352763312267,17,24345,6667,Bot
468398,71,10,59777.156122207234,1167.069286915137,6,7139,8080,BENIGN
4330553,70,35,84628.00106620166,416.52726696268275,6,37136,80,BENIGN
570403,68,14,23187.223102517208,708.8605440838397,6,57876,22,BENIGN
9377359,1,52,81473.3170791973,1319.491068588081,0,24556,21,BENIGN
5171088,253,61,22168.674130648025,35.238066808340875,0,8705,80,DDoS
3317757,95,47,93462.92187427798,880.5701016056922,17,5710,6667,Bot
3336740,89,93,32997.33374576687,363.30140851146723,0,40491,443,BENIGN
5000838,97,14,17183.799817561285,114.45377442278179,0,47809,22,BENIGN
2660991,52,62,14816.876012920187,1371.0344013927202,17,52806,80,BENIGN
6996019,452,86,18727.221693783235,54.145061705329354,0,13859,80,DDoS
4616267,69,42,44754.030856316596,294.2344670308673,6,46637,22,BENIGN
8947827,5,49,52214.9391080059,1258.6808046981625,6,16305,8080,BENIGN
5998644,17,59,91378.58325239185,236.71256177995753,6,25322,6667,Bot
2342194,53,58,38101.48029276955,724.7188125910814,0,17631,3389,Infiltration
2192371,52,14,21748.23087870541,1094.1444847077921,17,29250,3389,BENIGN
2845476,14,28,74382.11118393816,810.0322830270101,0,44802,8080,Bot
3956658,29,74,13465.440792860594,1279.155458411533,17,2545,3389,BENIGN
5236541,8,81,89228.33720151879,932.9792353943152,6,51830,443,BENIGN
3731670,772,39,40939.963520880396,59.20157481773863,17,39840,3389,DDoS
6342311,1,30,61384.14836549797,1389.239893539143,6,61996,443,BENIGN
9590696,29,72,18618.434261652263,73.7160923198912,0,38936,21,BENIGN
5831152,250,85,14552.914907983672,32.177976795944204,0,5796,443,DDoS
9979054,51,10,79883.93747548555,997.9566794831394,17,7331,22,BENIGN
7939274,37,80,42970.22919145599,1257.3664178186914,0,32034,8080,Bot
3254549,93,96,98674.28127262102,820.9116569020615,17,13074,3389,BENIGN
8994106,69,61,52429.794445245156,1330.5662253987534,0,11308,443,BENIGN
4308010,53,74,84565.29107576897,650.8897168323857,0,13679,22,BENIGN
9976222,96,7,97996.36787214351,489.3503059359601,0,63698,443,BENIGN
3323018,52,50,28115.01615085016,1461.2418302326323,17,1760,80,BENIGN
5271910,88,56,80088.17121553661,1007.4278190746785,17,42129,6667,Bot
4935471,83,3,2200.6163324646,650.1517138163631,17,30618,8080,BENIGN
260202,12,35,67975.41180610289,1319.7208107470703,0,44381,3389,BENIGN
5516925,52,18,74520.10911178494,1030.9590127890247,6,63262,80,BENIGN
5818628,1,23,47736.37124355024,964.1433644684454,17,24386,6667,Bot
8214472,7,40,16210.521011750201,1098.2361361328103,6,61845,6667,Bot
8536339,298,48,61672.05480784498,46.34262408554642,17,49075,443,DDoS
1343154,98,81,89752.86594355575,749.6154125218758,17,34825,21,Infiltration
44,1,0,93131.91995782689,640.5751908688146,6,17268,8080,PortScan
1726434,371,45,74610.23904196027,55.605163383820184,6,7687,80,DDoS
3353130,17,35,26371.3258425602,755.9266545523552,0,14369,8080,Bot
1847299,59,9,87032.69260599201,339.41602409131576,6,19689,443,BENIGN
1638104,3,77,88882.30667016949,791.9721230210865,17,8372,3389,BENIGN
1729287,29,6,36724.220574522056,70.94470787218914,6,39825,8080,Bot
4461695,22,11,18298.173654368067,1090.5111609019427,6,5643,80,BENIGN
5817776,38,85,87465.94341333682,207.9364074070374,6,65261,21,BENIGN
3460196,54,90,88509.73152528143,185.35191270700568,6,43711,22,BENIGN
94,1,0,10090.608455121408,1420.6070919043996,0,61368,8080,PortScan
3446939,50,36,96698.42922224883,1163.383888558919,17,47967,80,BENIGN
3113606,69,74,53308.055307879775,633.0585889851343,17,42369,22,BENIGN
8167297,30,35,99373.01949429362,374.57269076030525,17,44304,6667,Bot
1561114,23,59,44500.82502166814,1268.3659111798895,0,62387,21,BENIGN
4589469,556,76,53328.333935954804,40.9521746992181,6,55115,3389,DDoS
6621878,90,95,26608.28319712456,772.3640748184857,17,11590,8080,Bot
7531944,47,7,89894.74455153695,878.5125869250483,17,56654,21,BENIGN
3258083,21,6,44371.21170725773,379.71916740863827,6,34305,6667,Bot
6902166,20,42,81461.40536273838,892.090390811607,17,58394,3389,BENIGN
6073977,846,57,7973.4275095082685,48.310911915397526,6,15257,3389,DDoS
8033751,68,80,78824.66284948126,1271.456179187283,0,34456,8080,BENIGN
752072,21,85,49024.31422514749,578.1272693386952,17,35979,443,BENIGN
8648135,21,45,540.787973310597,980.1931397308128,17,45968,22,BENIGN
3631271,639,33,22626.29389987949,42.099548838039816,6,23232,8080,DDoS
7973255,506,83,19373.021144311697,69.02572180071118,0,40030,22,DDoS
4976920,751,71,75176.45813094398,66.28820962761672,17,23719,21,DDoS
3743285,51,21,47720.21897932186,635.1552472492492,6,51716,8080,Bot
9102969,653,90,15971.839668709741,64.13562088428273,0,10971,3389,DDoS
5768312,14,97,25680.297704525256,1490.35068159441,6,13339,80,BENIGN
24463,59,20,50407.680530588485,1201.6074148708963,17,62200,8080,Bot
8783506,83,14,1963.8197319673866,1046.192264529629,17,52807,22,BENIGN
2046090,108,4,42412.55880993737,27.7388255367903,17,40949,22,DDoS
5178752,34,16,67806.14036537401,408.86594273547826,6,9523,8080,Bot
1385149,157,71,51775.45852858788,34.68461175145916,0,45453,80,DDoS
5567348,464,18,59809.95410754988,28.866173516861473,17,29829,8080,DDoS
1498547,6,4,32661.811701164977,448.9846142258038,17,44817,22,BENIGN
1545388,69,22,18307.57240197558,1477.2800571056596,6,12580,21,BENIGN
8182420,431,82,80974.12903551811,25.062477341574343,17,35785,8080,DDoS
1595223,97,13,90563.48714363604,37.350214191105124,6,1727,8080,BENIGN
9337841,77,9,51074.057037489365,563.4768054364176,17,7662,80,BENIGN
8839108,51,30,30504.121258139083,1496.3222013571144,0,1378,3389,BENIGN
5264582,1,12,51120.48295179855,960.0238570114543,17,34338,8080,BENIGN
6130258,13,21,87898.55206373955,1049.2993516757906,6,15997,8080,BENIGN
1391638,300,36,69140.63473751175,39.74639041669711,17,6160,443,DDoS
7219255,27,38,85861.60862901174,235.9617410382511,6,1133,22,BENIGN
6817381,71,9,32837.94230780503,1330.5554476133111,6,51674,80,BENIGN
6701910,3,30,71197.9128337496,631.8204629236358,6,37463,8080,Bot
4107660,58,42,65304.897151161655,26.079225675715072,0,64521,3389,BENIGN
6993118,89,98,57161.64606504173,455.48401203990096,0,58930,8080,Bot
171336,97,76,52822.48652305088,309.6835203050664,17,45167,22,BENIGN
3010229,17,93,55097.788313959696,913.5829411122598,6,32592,80,BENIGN
89843,45,97,84967.1089726699,1139.0622915220968,0,59955,3389,BENIGN
7426287,758,35,91599.4501004145,35.56171768766617,6,57068,8080,DDoS
4113024,58,34,11286.046438523823,295.1305588290706,17,15968,21,BENIGN
1955306,56,67,56877.157759033435,105.78740610254867,6,41744,3389,Infiltration
1138522,775,54,91840.84224732347,77.99971192016386,0,34257,443,DDoS
758895,580,67,13473.998515909414,75.67094555194565,0,47483,80,DDoS
7632838,88,46,41285.93732969063,640.8800320012259,6,33968,21,BENIGN
1764788,29,5,8908.017135090397,393.33163169046907,6,47467,80,BENIGN
2957917,54,27,11347.640200973741,50.67267061554987,6,56037,80,BENIGN
239747,27,29,90411.08125595332,754.1718373210311,6,28798,443,BENIGN
4514253,45,26,44617.95848304933,1033.5367201175234,6,22790,21,Infiltration
6099015,87,68,68873.96540045986,301.68760579485473,6,46064,8080,BENIGN
3772615,31,38,13891.442324353331,815.0394825576602,17,47065,22,BENIGN
2942709,432,34,2194.748239275579,36.10713430665503,17,53103,21,DDoS
8158881,81,43,89048.39573488639,1061.8425614016894,0,6080,3389,BENIGN
8813340,61,14,57454.563954902194,1293.6952560119164,6,59262,80,BENIGN
1572832,37,82,1998.7755571006849,474.432348848112,17,51658,3389,Infiltration
9898545,67,93,99233.9480927987,1359.061194322294,6,7433,21,BENIGN
8016892,36,31,49219.2383013758,1066.2886614429242,0,14622,6667,Bot
2740955,5,28,47587.65081652758,75.00584700954221,17,46104,3389,BENIGN
9880333,46,62,62091.41843226212,1191.039488385295,6,26808,8080,Bot
3340544,79,5,790.453419546211,752.0480540152714,6,57408,22,BENIGN
3750322,52,89,56913.837370644,1419.2821198819486,6,17834,6667,Bot
1380288,49,26,62948.39039896568,498.97461591652626,6,2551,80,BENIGN
7530677,6,98,29695.35681030726,894.9962155218316,6,6274,8080,BENIGN
3060565,10,27,72685.24097682984,1435.096351034016,6,16182,21,BENIGN
6723100,96,4,37743.18162179677,421.31640488085014,0,31023,443,BENIGN
7770132,677,40,71777.31344581401,33.24509786272639,6,6976,3389,DDoS
2818867,971,55,14382.51784525143,31.59166028123442,6,48582,21,DDoS
7864494,84,53,91369.7816041018,1042.8260539681046,17,20202,443,BENIGN
5864149,44,79,87945.73736562602,1261.2808345495243,6,28784,22,BENIGN
85,1,0,15062.647608777057,789.2990855541551,6,27506,443,PortScan
8958925,15,76,93845.39370855209,492.00336398606515,17,60987,6667,Bot
8511907,44,42,55778.02727672739,811.9252226221104,17,28173,3389,BENIGN
5531152,668,88,70164.96783649684,45.603997649789,6,50262,22,DDoS
6321101,86,73,84029.37923765286,281.11719466989206,0,53743,6667,Bot
424290,50,28,8356.994708000364,841.35515988404,17,23376,21,BENIGN
6743671,52,9,16928.435746616655,91.60321960416225,17,32781,8080,BENIGN
56,1,0,29039.09214859618,74.13144843070006,6,42376,80,PortScan
2120777,68,79,47720.448138701366,115.56883837213017,17,32428,3389,BENIGN
2598079,63,88,34605.45062987406,1015.4645358090186,6,56833,8080,Bot
7524232,58,3,50584.6376942053,622.3405388008916,0,9971,443,BENIGN
8295019,23,33,18591.702734373626,751.2904698835628,0,7327,22,BENIGN
2104517,44,82,68215.41399331647,528.2303168835604,6,8967,3389,BENIGN
9197903,83,32,5573.488118373116,395.38161233569394,0,49443,3389,BENIGN
5449704,924,3,36144.95062079616,43.534949470170304,6,62681,21,DDoS
898728,719,43,17903.32446711226,22.283008764367374,17,59812,80,DDoS
3761154,52,97,72993.32718706803,1024.5617040752556,17,42766,8080,Bot
2396816,67,75,88365.33388299114,170.56853190360368,6,38433,21,BENIGN
9458342,28,30,7878.62092034749,785.0130588074352,6,6804,443,BENIGN
9734357,67,79,78503.78558663999,725.7039512621635,17,15318,80,BENIGN
9390383,78,65,89572.22937221022,466.8469542626941,6,39432,8080,Bot
2057344,380,57,97397.02166140551,65.42963744558226,17,7207,443,DDoS
2708029,27,59,57938.6250945089,1060.9694114998329,6,8957,8080,Bot
4272613,240,1,32739.188600740676,91.8425175582158,17,60441,80,DDoS
3928225,60,35,32197.35998673302,1218.0249997622948,0,17898,8080,BENIGN
4125286,74,69,37897.00792944526,368.57508430897246,0,21397,80,BENIGN
3338769,49,59,61266.74073276269,1191.51489097836,17,53644,80,BENIGN
9012860,15,22,49023.001213912496,452.0796715234045,17,51224,8080,BENIGN
8302358,83,46,65363.5026406835,186.6342819224272,17,17606,443,BENIGN
7738767,73,45,3931.387352957616,219.67610714817687,17,42354,6667,Bot
4360966,68,79,10588.155038111368,347.1665509539331,17,13402,3389,BENIGN
2304410,15,43,97653.94994267612,1029.9947662488557,0,9614,21,BENIGN
976364,51,18,99538.55021862386,381.0633679058982,17,17867,443,BENIGN
8323980,48,48,74665.88171393899,913.7290128401353,6,52780,443,BENIGN
7299343,72,87,25639.715018102983,399.65371399179367,0,31968,8080,Bot
3928194,1,57,95338.17344005499,560.5307286798984,17,24340,8080,Bot
5795986,7,90,21370.279379170355,1336.7874641152787,6,31832,3389,BENIGN
6531523,53,6,73143.13224276058,760.535818275079,0,24871,22,BENIGN
2790453,31,93,11525.831169203882,908.3726945791208,6,12462,3389,BENIGN
5185456,286,40,64890.44985598341,63.10853313974299,17,55637,80,DDoS
92,1,0,75951.5003356136,214.62898332759997,6,38460,22,PortScan
2933965,48,14,85964.01445880826,631.5067819111109,6,2317,21,BENIGN
6667151,30,75,73430.61396880104,1285.970538716728,0,11975,3389,BENIGN
7587245,97,52,92348.53553554519,376.5670182023594,6,11607,8080,BENIGN
6030179,7,92,52092.3257900725,940.1048336859724,6,64322,6667,Bot
8971022,92,22,67742.86068933277,1310.7024020868946,0,62027,21,BENIGN
6147554,3,76,36955.0085088352,1402.927427381484,17,18606,3389,Infiltration
7907388,63,72,1038.9449289312513,1490.8095955206584,6,26069,3389,BENIGN
2505800,6,87,75669.29554673404,1149.1765968186864,17,55183,21,BENIGN
145793,95,93,86986.06478712056,131.0149743150477,0,22342,443,BENIGN
1649834,15,64,17392.4477009727,1309.763750088134,17,24337,80,Infiltration
9299497,71,59,2864.075166529112,1330.7425753013054,6,43948,8080,Bot
885721,43,9,16450.18455014636,844.778602018554,6,14330,21,BENIGN
561648,94,57,89528.92932392891,119.79885811091859,17,16406,8080,BENIGN
8063101,91,46,29551.03893713298,725.4646606734266,17,28185,80,BENIGN
9093532,880,14,23370.41148536717,25.104650597437413,6,52453,80,DDoS
4379945,18,8,1458.9824843216359,674.3184599427713,0,60097,6667,Bot
7150365,580,12,29705.51472100662,67.96407633559912,6,40065,8080,DDoS
1703828,61,22,71563.90770222363,1007.9749569045655,6,43157,80,BENIGN
42,1,0,95908.92883762196,1174.3879226129777,17,28274,8080,PortScan
3377236,53,8,31274.12324376333,725.2536561390731,6,9381,22,BENIGN
468551,26,2,24068.53202106932,775.9722833169014,17,8440,8080,BENIGN
4777930,91,93,88806.90204626342,1404.8200721072953,0,44713,80,BENIGN
259525,40,72,85250.48508322285,954.151851971969,6,35483,3389,BENIGN
8899317,88,24,32816.04201436864,1126.3601333340182,0,44606,8080,Infiltration
7604423,8,87,6880.515375705399,1003.485510067167,0,55568,8080,BENIGN
6259735,21,95,99198.94404667427,967.9184120833165,6,46322,3389,BENIGN
50,1,0,68070.42874617848,1372.0423811635285,17,3439,8080,PortScan
9019166,43,35,92658.04970841343,547.5989756812029,17,24250,6667,Bot
1968193,21,88,34187.44743194615,652.9816909487208,6,9842,22,BENIGN
2445013,3,19,64768.54190829941,582.0305965700472,17,3329,8080,BENIGN
6505038,766,80,67449.72302066127,58.79648287715037,17,58210,22,DDoS
7131490,27,53,87290.5467538919,1305.2610307246337,0,45390,80,BENIGN
3787232,27,99,99305.8037116004,549.1035522433979,17,23758,21,BENIGN
3809921,73,89,10866.617852398664,230.67366206423947,17,34923,8080,BENIGN
9184619,57,18,63111.68454304314,751.2777975398334,6,54131,22,BENIGN
8817618,97,59,33643.994836258615,1476.806249078136,0,64767,8080,BENIGN
4037846,840,36,81165.84270601219,92.55430758318137,17,35436,443,DDoS
81271,182,2,75414.79847464422,49.0575557290714,6,3318,443,DDoS
2183548,441,91,89251.85242239137,80.15856243484237,17,16609,80,DDoS
1189238,44,85,34370.28772804831,1385.5647477800642,0,29873,6667,Bot
2249576,279,18,18453.034415776503,23.075220108927297,0,55438,22,DDoS
2759474,31,52,2180.16771511641,876.5417994182337,0,4241,6667,Bot
9840950,756,45,25550.668371821117,77.71944683334834,0,38988,3389,DDoS
3463994,84,79,36717.1539755231,986.1140380692453,0,3109,3389,BENIGN
783358,76,55,94606.69859479919,473.40158368391315,0,13703,8080,BENIGN
1897099,17,69,49137.26338472527,779.8561888524118,6,13903,6667,Bot
2852989,15,30,55643.95041087895,805.9797266425644,0,7827,8080,BENIGN
7297150,278,52,88012.87620481147,23.322127838623537,17,31163,8080,DDoS
69,1,0,88506.95137641407,1238.8382980220542,17,28441,3389,PortScan
7371958,4,30,52791.5826563202,462.42326509741287,17,26530,80,BENIGN
1761301,72,59,11370.349873333174,399.11884862163794,17,5240,8080,Bot
2337280,98,10,27051.616468122964,1197.7970948070792,0,50512,80,BENIGN
3485962,613,99,45688.82000061222,47.57722221620227,0,33433,80,DDoS
1400607,79,5,75116.94951778866,353.91010800658006,6,47889,80,BENIGN
4235140,28,26,71168.17483291123,21.237807435836373,0,11947,8080,Bot
5529654,73,6,64270.82352997653,1005.5857502798896,17,60550,8080,BENIGN
7518262,239,48,88024.55598023444,95.84686589964873,6,51435,8080,DDoS
7676531,17,95,80264.64083071254,1436.3544970779042,6,59426,8080,BENIGN
2757498,58,71,98211.42408076303,914.5227794251855,6,57355,8080,Bot
388842,74,59,88915.85209331557,1277.4846958552798,6,20856,443,BENIGN
9031619,9,32,19565.64278434285,1212.319847013095,0,49902,6667,Bot
677035,31,46,5761.6565520395625,845.5406325219539,6,36208,443,BENIGN
7793704,66,43,41451.09440443233,668.7590561540181,0,23339,8080,Bot
401172,836,78,61750.445090127905,76.25638424898725,6,42037,8080,DDoS
6722941,62,26,64310.34996950392,1208.4233358761805,0,26752,443,BENIGN
2095737,19,93,26751.276151835867,967.8670442066027,0,5400,22,BENIGN
2788402,81,21,85988.09644486704,324.4614278922169,17,14671,21,BENIGN
33,1,0,32924.6463645427,921.8455771050709,0,46328,80,PortScan
5581572,255,92,91911.46063831434,94.00184848488576,6,40956,22,DDoS
9344718,28,47,47160.14013032215,110.7203107806839,6,65401,8080,Bot
98,1,0,1039.0666041836027,584.278406778974,0,19214,443,PortScan
8269941,50,1,16204.131119474618,356.8502662185139,0,17994,443,BENIGN
4859733,65,14,10231.925665499764,1261.1051100005689,0,38244,6667,Bot
4468952,3,46,4402.579580030763,175.39920364551094,0,1510,8080,Bot
7742337,79,26,71401.7310810676,553.7227049690699,17,24962,80,Infiltration
6750077,52,70,19231.58730604022,1049.328132335463,17,2732,443,BENIGN
419603,10,26,83861.97944064862,1348.1400382556476,17,31095,8080,BENIGN
6488100,21,84,26446.882881443,516.2687308863085,17,14380,3389,BENIGN
7586644,37,12,3232.7106490841475,917.5290181829862,17,47538,8080,BENIGN
8318949,15,54,82067.53439752292,573.0013933033364,0,37798,22,BENIGN
7609065,87,16,46614.58505309871,320.26408036519854,17,22035,3389,BENIGN
158353,78,74,59950.54402689939,502.06234545240596,17,57076,21,BENIGN
9058453,79,58,33622.728864156314,961.1352015823337,0,20438,80,Infiltration
8209161,74,9,4604.039615564182,1080.1822211461795,0,38094,22,Infiltration
3211469,9,32,37017.70891641246,568.4962960937037,6,50065,22,BENIGN
1659637,319,77,51828.63702935722,59.66823756798967,6,32883,3389,DDoS
1279998,322,36,1168.6603536618545,68.49733002519207,6,65190,80,DDoS
2364940,5,7,57429.00322038188,1222.6688673536305,17,60258,443,BENIGN
771243,25,32,89304.21545591729,986.8448110192039,0,54556,8080,BENIGN
6698047,56,6,21784.05224200263,1097.4855938130663,6,27411,443,BENIGN
3906477,90,33,92676.91611483989,742.6162420956845,6,18345,21,BENIGN
1461533,258,70,9760.851882358602,61.419864444383514,17,60238,80,DDoS
3348649,72,6,82543.63502228216,332.5021942605984,6,7263,443,BENIGN
9715033,86,40,84032.43583021572,269.14276075922714,0,33291,8080,Bot
7753738,52,99,25775.98628981389,247.79174994010694,0,35823,22,BENIGN
5580527,89,54,95784.34079084673,1487.8471982131703,6,20279,21,BENIGN
1576945,76,6,41659.872571177766,1234.9197678611679,0,26482,21,BENIGN
988822,9,83,14125.608746559381,946.6718184628339,6,39691,80,BENIGN
2037498,598,17,59171.445082716666,58.309166916094526,6,11224,443,DDoS
3527210,463,42,99661.47040452663,66.25845043340334,0,4660,22,DDoS
4289739,73,77,89929.15489592945,539.1628600449537,0,55905,80,BENIGN
6398997,62,39,27860.282611510247,726.9566409013717,17,11773,80,BENIGN
1065660,542,52,57698.65993783756,23.111948406771532,17,38713,22,DDoS
7990000,99,13,11536.765967681662,1402.546712551742,6,4887,443,BENIGN
7189304,91,20,46184.480433708944,1086.7983006099396,0,47980,8080,Bot
6707532,60,56,52307.00676911815,140.47976110485433,6,42044,21,BENIGN
8349165,95,90,31527.829833112854,552.7360640998186,17,39040,8080,Bot
2754136,19,45,48418.70829370056,216.7846916529185,6,27736,443,BENIGN
96,1,0,91993.84581811736,433.4447413022815,0,3041,8080,PortScan
7389534,6,90,50013.76371797307,1439.161644964035,0,28749,8080,BENIGN
91756,15,23,83099.03105675975,1063.7900468589864,17,21219,22,BENIGN
2162866,93,4,31739.042916343384,31.621250153086066,6,50245,8080,BENIGN
353253,47,41,97140.42223724817,506.71471281493655,6,5804,21,Infiltration
6724604,45,91,9346.323344518547,669.2785708109362,0,23944,80,BENIGN
3453808,868,42,58558.66468419893,34.85471502846067,17,44655,443,DDoS
4101253,78,31,78988.77951668027,759.5959866172825,0,16768,3389,BENIGN
988038,53,87,81404.09863102456,123.26367089234114,0,8648,21,BENIGN
7074633,134,5,19828.11107870419,37.169724095293915,17,39063,8080,DDoS
9370722,452,73,40164.58886849862,50.627914528768684,0,27195,80,DDoS
3801165,100,66,62419.61724641031,54.764411452209494,6,51430,80,DDoS
862939,44,6,31588.27097724166,384.1815427587159,6,19921,8080,BENIGN
1064467,108,28,65829.601521348,79.1774510375858,6,59389,21,DDoS
9495331,46,33,37878.067131270254,446.1259498761325,0,54703,3389,BENIGN
234998,19,6,35086.63225852223,167.44067622636607,17,55206,8080,BENIGN
461222,88,80,10806.817149040959,440.2959105133246,17,38161,443,BENIGN
675125,84,76,3925.2878853045736,1303.0604027628929,17,53352,80,BENIGN
4264650,47,57,83527.3790012182,474.6126318019841,17,22875,22,BENIGN
7537068,91,84,48954.44921560742,715.9286105353233,17,63795,80,BENIGN
5477935,52,30,56287.31332090067,789.3163701650201,0,8449,8080,Infiltration
1605852,24,72,37222.10225284805,283.8703238149979,17,55652,6667,Bot
807140,17,44,13674.204547377045,673.8409993086082,6,17640,8080,BENIGN
6634686,655,46,44957.19976912065,33.24320625797978,0,2211,22,DDoS
4132543,46,76,22895.70780311687,139.18006918260613,6,6447,22,BENIGN
5232290,64,80,83768.30467772105,1385.7730402278592,17,38772,80,BENIGN
7920437,95,71,98678.85380744899,1309.248081996725,17,8023,8080,BENIGN
2154928,28,72,88909.61354758056,1286.627687663494,6,5922,80,BENIGN
5778828,50,72,52827.426592563046,313.8433079922891,6,5829,21,BENIGN
5293448,64,39,62813.174518204454,736.7841258043982,0,51024,6667,Bot
9422096,28,29,94812.25427392383,931.910096348734,17,59997,3389,BENIGN
2785075,664,61,53868.193358872515,65.59139927075762,17,51826,80,DDoS
91,1,0,63858.91232915506,844.1313585526842,17,30791,3389,PortScan
8840697,59,16,62922.95037423282,1263.2639560211792,6,9129,8080,BENIGN
9208263,840,4,70812.11518124651,41.78313143157267,17,58313,8080,DDoS
4859482,54,80,64028.509957831884,431.9262192860137,0,60239,443,BENIGN
4912401,44,0,67070.53980555727,447.33419724916894,0,6949,80,BENIGN
8126592,274,79,72589.44722327983,61.25229955350102,6,31897,8080,DDoS
3077126,72,80,80909.92296679488,247.1061082085873,6,49438,22,BENIGN
148569,92,93,40305.49692630041,657.4563556470462,0,11517,22,BENIGN
4170655,57,30,74583.39842605783,1181.0138954040897,6,34483,443,BENIGN
516494,818,34,10020.37591539623,70.12922615051949,6,47547,8080,DDoS
2090925,76,71,87618.81322415287,1352.4726399505807,17,33799,80,BENIGN
8908820,25,29,29004.430790919178,546.4973944107057,0,49340,3389,BENIGN
3290403,212,84,40346.03140872837,66.5960426843084,17,35874,80,DDoS
7415971,15,14,80361.04126575084,1154.4725319817255,0,55073,3389,BENIGN
8090533,51,97,63698.703809100574,1349.2964900477104,17,59529,3389,BENIGN
2418953,53,55,30862.798985116813,1310.1963817451435,0,2727,3389,BENIGN
5244886,34,59,22539.91111246403,708.9660397557689,0,6251,22,BENIGN
7249227,77,26,95771.444871059,1362.1495938534715,0,45363,6667,Bot
8920957,8,1,8777.636103158682,677.2025237535105,6,9355,8080,BENIGN
7197277,77,73,433.5108609341276,1356.1916826234356,17,53608,443,BENIGN
4384177,70,63,67293.49022863503,1169.916794204165,6,44186,443,BENIGN
1129875,96,4,61447.442708251845,348.03892484509265,6,1682,3389,BENIGN
8125348,21,90,73761.39629517838,1395.9081577466025,0,30008,6667,Bot
2197016,832,67,73163.38316090468,37.23046383867636,0,63705,8080,DDoS
6241702,588,12,86325.91272660231,76.7562503629893,6,5685,3389,DDoS
1171033,79,80,92210.85904084568,930.3614227845882,6,31246,443,BENIGN
1391549,56,84,77502.4588257886,1007.7166386569723,6,14558,443,BENIGN
2519029,49,22,23229.280162209674,181.8135548662528,0,37229,80,BENIGN
6604268,696,96,46349.61782989742,72.30302858737272,0,64420,443,DDoS
859834,23,49,64171.52406558891,1453.144716023653,0,52924,3389,BENIGN
5207288,145,78,53936.5268844742,94.56026266424888,17,26001,22,DDoS
8242680,79,77,15889.75124346247,1269.669257891702,6,65244,443,BENIGN
1872254,53,72,58927.30306240457,1062.6236662813424,6,33579,443,BENIGN
67,1,0,88652.86494339755,914.124804107078,17,8538,22,PortScan
913705,96,29,41851.722326509764,1034.1107291272574,6,50021,22,BENIGN
3009626,37,92,66893.28244354035,152.29301191295542,6,40319,8080,BENIGN
9899107,18,22,61593.42862763382,630.3449645443811,6,1875,3389,BENIGN
8405647,20,33,37704.313685451605,918.4730580895027,17,36500,3389,BENIGN
2032756,46,63,56527.12071472329,1303.9931732598625,17,4892,8080,Bot
6490850,2,54,21021.2033898861,1077.7372774098271,6,12394,22,Infiltration
7221726,87,70,54610.72586951875,394.1547546563775,0,59150,8080,Bot
6353675,94,8,79882.95904903792,1477.6909090385413,6,41301,21,BENIGN
6982237,63,3,75894.77695912663,971.6941544138285,6,9558,6667,Bot
3290086,3,65,35795.45498070717,761.9485947784814,0,16707,21,BENIGN
5652655,46,90,11208.521590650877,1176.4406441426454,6,2810,443,BENIGN
5198154,49,32,79994.25650398659,911.9965986229263,6,53079,80,BENIGN
9656111,1,31,26503.90894945228,1070.7830483294808,17,13887,3389,BENIGN
9704485,22,43,5304.376721206771,933.3571940876305,6,42765,6667,Bot
7269723,93,36,44519.29602160028,284.68027586304373,0,4772,3389,BENIGN
1854265,14,90,73947.05295465476,824.1669700396913,17,40438,8080,BENIGN
377324,885,91,80849.33404891877,70.73215396243235,17,24117,3389,DDoS
4453822,85,66,98220.2149221934,864.0268989101872,0,35130,3389,BENIGN
6321236,45,59,18940.768403012353,205.74524476953806,0,56959,8080,BENIGN
8623141,96,58,29379.485046053276,363.30932278822434,17,39098,6667,Bot
364546,350,35,60949.04984794972,77.6259526427884,6,37588,22,DDoS
6759172,65,48,81134.36971160249,619.8004045874436,6,53046,80,BENIGN
449034,21,50,23407.502124249237,1017.2016307545153,17,31146,443,BENIGN
2657985,4,7,40991.44503737592,756.8157667781912,6,18099,6667,Bot
5242129,3,49,40840.06684524921,524.2319160539556,17,37670,3389,BENIGN
5773064,30,40,77293.67330983211,752.8593706157833,0,4940,6667,Bot
5644319,31,37,24093.22056789214,1224.2762169026355,6,34450,80,BENIGN
6955138,34,85,96875.85546959276,436.7689823708928,6,58551,3389,BENIGN
9860325,83,77,51046.38126354624,643.736545638983,17,64985,8080,Bot
9211979,20,78,28206.683660531406,319.82326098431884,17,31395,80,BENIGN
1942220,87,54,28428.405971848657,539.7596694626017,6,59571,80,BENIGN
8094666,54,67,1829.9986703970483,1329.9623693848748,6,22827,8080,BENIGN
7311560,25,17,69243.089075629,1182.8693179547488,6,39725,80,BENIGN
7863453,15,64,77594.83026755978,572.9506332599768,0,60512,21,BENIGN
6710760,38,63,3242.777292368959,215.94398441221975,6,19111,3389,BENIGN
822039,23,11,58593.45391309533,641.555635371591,6,54607,22,BENIGN
42,1,0,78167.26677704218,1162.149160314804,17,12468,80,PortScan
7470496,66,41,37624.00483910022,84.82547549766417,0,22968,8080,Bot
44,1,0,43274.15828546897,1123.104207934329,17,34194,22,PortScan
3614805,57,49,36162.48999121402,1026.2666975972725,6,58340,21,BENIGN
2500220,79,80,31565.0718566474,115.68043488201623,0,16845,80,BENIGN
3932713,52,82,49114.17236519208,960.7476281755138,6,58155,22,BENIGN
4055132,35,35,16610.066013322456,462.0106535142014,0,9451,3389,BENIGN
5881444,74,47,44068.768123185895,282.38227409483153,0,34397,80,BENIGN
2196374,14,70,94182.51242722054,589.6252879136307,0,25822,6667,Bot
2429800,91,72,2740.2097797213255,323.97388580414196,0,30611,8080,BENIGN
5587056,14,7,16474.341585302875,1240.3426999916098,0,58155,8080,BENIGN
9010166,99,24,77770.2390646421,1118.1607486137625,0,54186,8080,BENIGN
9920147,33,6,13205.708991371168,1471.5143665983903,17,34414,8080,BENIGN
4097020,52,7,27128.08995027455,810.4307727066305,17,61702,443,BENIGN
7558044,1,87,45483.89240443558,152.0246162276609,6,52009,22,BENIGN
6015446,34,80,94316.22576411047,564.2975600350571,0,27709,443,BENIGN
3501761,19,75,18350.118730356946,1261.1828324041592,0,59620,80,BENIGN
7872377,24,30,92308.45940043165,607.3575520294838,17,25838,3389,BENIGN
2605002,4,11,71852.45127128526,694.3991880560363,6,62209,8080,BENIGN
398108,36,56,67114.4911743172,629.716876881122,6,6869,80,BENIGN
9712665,77,65,72354.25240500321,368.3604613012093,17,6732,21,BENIGN
6080998,830,11,3124.6618969337446,84.88221223338029,17,24109,22,DDoS
5193695,32,26,9890.026106951933,287.22927937339335,0,24307,21,BENIGN
3549751,798,45,33484.152874022846,28.48034261926001,17,10789,22,DDoS
8029698,80,6,7396.753314867766,383.2477800043604,0,30302,21,BENIGN
7867963,67,60,98758.9709495422,867.6480959859624,6,52608,6667,Bot
2796747,735,57,58041.22081451776,75.70674175367142,0,55214,3389,DDoS
5802299,434,57,48734.3671142984,45.48641844602091,17,40298,22,DDoS
174101,62,12,78551.17848990439,145.68017313740384,0,26764,80,BENIGN
5570871,58,52,97695.92068119897,1006.953273550364,0,13883,21,BENIGN
65967,22,99,95513.00000847747,589.1776373288367,17,10192,8080,Bot
88880,67,64,79306.4884788696,1319.6749903419993,0,42943,22,BENIGN
7397328,919,48,37717.42369608765,85.85190202635341,6,22979,21,DDoS
2695245,89,34,6595.94915779067,145.08170990958985,0,45162,6667,Bot
2941578,536,93,9837.697772908115,58.41444082889102,17,36126,8080,DDoS
9262780,8,94,115.23407945874808,1059.718192748586,17,29686,3389,BENIGN
6792209,73,16,190.2843224855899,612.7558896909951,17,20832,443,BENIGN
3767363,15,71,93642.17989334618,446.2338930434759,0,56205,8080,BENIGN
4195131,32,66,92701.6969207499,681.8249805711373,6,12500,8080,Bot
4084691,53,9,66755.37997048021,127.14148345024341,17,49749,21,BENIGN
9407759,67,33,72667.67242203026,600.1368154191117,17,65412,3389,BENIGN
1414219,543,85,51320.84566500378,66.44926838272383,6,18294,22,DDoS
5355093,210,3,23784.225608833243,40.82700593247995,17,9909,3389,DDoS
1268282,13,95,91438.50491088092,278.78393137441475,0,9396,80,BENIGN
8779440,21,28,27769.146735935003,1139.3490172216418,17,26788,3389,BENIGN
2570846,41,45,73967.12609496346,760.5957481853522,17,20575,3389,BENIGN
2251843,19,74,24543.568472387968,141.19416464643206,0,61442,80,BENIGN
6194802,48,45,87014.84180491779,1455.1242515724757,6,51688,21,BENIGN
3120552,86,76,65123.9434425481,1106.6302810650154,6,61644,6667,Bot
5615929,63,58,64269.5020556732,404.9395155877865,17,28042,8080,Bot
6147501,20,60,9736.723674191993,880.9948671292306,0,41713,3389,Infiltration
6304821,64,67,41946.89031692016,1351.9045841246784,0,5417,80,BENIGN
7738772,37,65,52490.85075495993,1397.5943124144508,6,24246,80,Infiltration
9851125,31,33,29403.628841111007,1102.1138994933087,6,34981,3389,BENIGN
6615592,74,85,88097.46118334658,1096.951828812063,6,45719,8080,Bot
9064607,18,4,83766.99415112217,430.4946455956674,0,37768,21,Infiltration
318874,20,8,49362.091234253,1484.8476877642606,0,6028,8080,Bot
7561843,82,19,34003.12026441149,380.35218316047934,0,55637,21,BENIGN
8875334,11,20,80154.22720056445,152.32151785552378,17,45457,80,BENIGN
3023971,876,16,19689.144754123878,72.0452094863638,17,31497,80,DDoS
68,1,0,7151.631509363277,246.21128701880087,6,5102,80,PortScan
611968,82,91,4571.048607194772,791.9879479612998,6,44171,22,BENIGN
4534010,895,81,3868.3260898000226,22.85194640638594,17,22771,80,DDoS
57,1,0,48888.86564701784,1275.344914788162,17,39901,8080,PortScan
1407857,87,4,25531.36360993602,607.0556549174123,17,45358,443,BENIGN
9593364,65,59,69037.51213619474,763.2285606964643,17,28397,3389,BENIGN
3456900,55,52,65389.15740405054,84.73179516812709,6,18642,3389,Infiltration
9127164,74,51,54202.000714402486,327.5992175070112,17,10868,80,BENIGN
1138552,1,77,35284.328142796294,1252.8335742923412,17,33801,6667,Bot
8109434,38,47,85045.62449857303,727.974579521188,0,16256,6667,Bot
7727260,9,89,70970.27533000534,361.7789456168655,6,6072,21,BENIGN
9071694,677,18,27152.612403165855,79.88594274180979,6,20979,22,DDoS
4554804,71,16,50168.86623135099,441.9415221484627,0,62534,21,BENIGN
2288113,17,53,15627.120882426327,843.2067948408805,6,8310,22,BENIGN
8262336,99,67,32877.62911019072,96.14010696857021,6,4726,8080,Bot
2348918,52,34,99714.01828635337,352.9553791041542,17,49034,21,BENIGN
3415498,18,87,22384.422026719596,545.3481939462574,17,49588,443,BENIGN
4822555,63,40,69830.23557181384,1393.7568734223134,6,64638,443,BENIGN
3344949,33,12,23841.864577702832,942.4517500753741,0,44291,443,BENIGN
8724218,4,32,93813.45390058114,766.2954103065443,0,29923,21,BENIGN
3201924,87,14,31013.284499036752,302.41871159357856,6,15804,3389,BENIGN
5052021,824,62,34668.90746467093,33.0636673604956,6,56276,22,DDoS
8438956,52,14,59385.97730661872,1394.9341347894915,6,57941,443,BENIGN
5448708,9,30,58811.177111493475,858.1377707571319,6,50953,22,BENIGN
4065283,430,27,57907.63897971798,38.20596409669395,17,14550,22,DDoS
240446,30,9,57325.466840624074,1495.736115852804,17,39300,80,BENIGN
9007529,8,56,31218.689372020868,758.3092256858536,6,31676,8080,BENIGN
4236358,5,70,43441.02233385418,492.941789810575,0,15599,8080,Bot
9052872,76,32,59343.3443140977,764.9966758576326,17,38267,8080,BENIGN
1796741,63,6,67127.01236671158,410.26237695446184,6,36171,21,BENIGN
8651447,1,4,25312.901352359484,64.95228832272277,0,33528,22,BENIGN
5807911,15,89,70147.50617029409,1336.4915066598976,17,42909,8080,Infiltration
7594925,963,79,92327.62501126366,20.072821028227594,17,53816,80,DDoS
2422061,82,56,75792.77033437887,1134.2811963633196,6,28064,8080,BENIGN
268216,38,71,8423.280282272171,1457.4579622414822,0,42148,3389,BENIGN
3423854,42,85,46912.6220090021,956.229613188859,6,20305,8080,Bot
1770430,46,97,43526.38355390744,1043.5921811228577,17,37059,80,BENIGN
4658675,53,39,33650.33120182635,1415.9966024448306,0,39898,80,BENIGN
3824957,26,27,49132.01399030033,784.5005801045273,17,5358,443,BENIGN
8753473,377,35,43963.37733998788,45.053970792553564,6,27926,3389,DDoS
12979,646,55,617.0477167360411,51.05993744491747,6,5113,21,DDoS
8946794,54,46,23655.52780920699,122.11128099134822,17,19525,22,BENIGN
9920326,22,70,21378.21452823473,337.61977153489386,6,11014,8080,BENIGN
4895837,26,39,34925.95412427995,525.0716779879831,6,5138,8080,BENIGN
5580915,83,58,17445.674172430503,1177.525199272978,17,36077,22,BENIGN
3999243,60,42,6780.144371151197,1357.7741411434583,0,6030,80,BENIGN
4682351,39,91,19661.28550350128,688.6440936459823,17,20852,80,BENIGN
6949766,36,65,85418.6786419465,443.46898367885944,17,49493,8080,BENIGN
8548180,21,8,79703.93408645291,542.751871990426,0,41375,8080,BENIGN
2091128,41,5,44209.61974257448,991.6900250689725,6,12602,22,BENIGN
2895637,48,64,87781.50339787635,253.8505325732986,0,52293,6667,Bot
2727950,26,2,23266.56181207839,830.1975630893996,17,50373,3389,BENIGN
3300435,205,73,58420.914119923174,38.719975768743275,0,32760,21,DDoS
1779572,77,36,14292.487554641099,1067.626510605014,6,20741,80,BENIGN
3614083,36,86,83340.06895493898,913.7689042601354,0,12107,443,BENIGN
5495692,24,32,13058.15574918525,163.49431976987603,0,33985,3389,BENIGN
6110441,524,8,3186.0158978443187,38.41683296803116,17,41432,443,DDoS
3149883,21,52,27344.42300681953,52.18619734696874,0,17539,3389,BENIGN
7334391,18,76,90093.50893470233,597.657029345848,17,40310,22,BENIGN
2326268,15,91,12945.708192644322,637.2531478161819,6,10309,21,BENIGN
9727679,79,50,33067.02686955396,192.6131133454028,0,1790,8080,Infiltration
6951840,6,70,31641.499301219268,34.58856636435192,0,12984,22,Infiltration
4141414,43,25,80164.6274096891,125.31952519489404,17,12009,8080,Bot
4286519,31,15,42152.53997800246,680.5239443294721,17,27068,3389,BENIGN
4010186,819,39,61156.704961468335,91.43847904973457,6,36210,22,DDoS
482970,8,89,40438.30058328754,122.09098874862357,17,55735,443,BENIGN
5313380,29,50,55145.701513686894,399.48000820245073,17,39780,8080,Bot
7963945,770,38,6244.072401743172,46.11620032253683,6,58597,21,DDoS
5991442,81,54,37402.94381401349,1118.3654816474213,17,57485,443,BENIGN
36,1,0,85510.58377399537,629.7619935573528,17,25198,21,PortScan
7184720,802,35,69106.75631822417,77.78256863646574,17,47186,3389,DDoS
4209789,60,64,98182.904414662,903.2117177717063,17,63218,443,BENIGN
8135900,50,84,78791.95373761431,1346.5454714419056,6,64006,6667,Bot
4152209,31,76,45150.971489177406,285.5035242055565,6,6581,21,BENIGN
2605922,47,89,67628.04576995427,725.1170563822982,17,39377,8080,Bot
117469,34,44,77591.36756882891,955.1080026459265,0,57273,80,BENIGN
6380958,2,8,26968.365992134113,789.1890410809076,6,12860,443,BENIGN
2350976,67,36,6001.7890615584265,686.5055470755403,0,58219,80,BENIGN
7031501,94,86,40584.726799854834,1460.7192944222875,17,45383,6667,Bot
8169283,72,0,14467.316210251523,1414.180475016244,17,32667,3389,Infiltration
3619147,52,65,27724.111976250188,924.9540586782718,6,28884,21,BENIGN
2867795,7,62,94684.54954741332,670.5720498502379,0,27830,443,BENIGN
5347106,414,42,84708.25932225186,38.99051945667694,6,60770,3389,DDoS
1650622,19,27,59246.38345676603,779.1434246968334,6,31470,80,BENIGN
5408892,90,99,40125.67065323723,1493.4430397376236,6,8137,443,Infiltration
5242142,92,30,26433.03602078515,1035.1871969293777,17,22068,8080,Bot
41,1,0,57145.82797186667,120.87688827739815,0,16603,443,PortScan
7971253,749,88,53316.02496728925,84.72329825812491,17,27218,443,DDoS
9555921,971,7,78078.0808381533,74.21935929639343,17,23211,3389,DDoS
907253,14,33,92802.01887640572,1266.7064815181573,17,65506,22,BENIGN
2714760,3,48,32893.730133001896,1223.7868599599346,6,64539,22,BENIGN
5824748,50,95,20629.711075679414,1466.311832014966,17,10029,22,BENIGN
1923398,135,57,40279.961594570515,80.49631938523217,17,12464,22,DDoS
3625379,54,74,43754.13024132041,227.2992224725851,17,41338,6667,Bot
8910105,6,46,3987.0289484362443,985.3199078778209,17,38338,8080,BENIGN
792525,49,24,86169.65321995226,124.7083825947698,17,34278,443,BENIGN
3111097,23,2,99559.23386674954,1460.8144903769785,17,10906,3389,BENIGN
5336630,92,44,92320.86927115225,1142.6289439595935,0,61688,8080,Bot
1566872,78,51,86066.49794869103,1473.5795527113953,6,27600,443,BENIGN
3001279,78,95,99260.0303459541,578.3344267050736,17,62670,3389,BENIGN
52166,20,98,90780.84319748862,43.37910860405463,6,26867,22,BENIGN
2471246,77,95,68836.76207433172,791.5087531943335,0,25577,21,BENIGN
5259118,91,33,16675.66487721677,199.35124157408796,0,9894,443,BENIGN
6410114,60,68,15635.012333686782,1025.8489911041545,6,36053,443,BENIGN
56,1,0,4877.974656335271,756.3761089238533,0,10323,80,PortScan
6729299,45,91,41183.08671876164,1135.1015248280737,17,7194,21,BENIGN
5514314,61,7,80882.40770900036,450.7818135274822,0,28706,21,BENIGN
8218823,56,26,49029.59447989105,1247.1650352164993,17,31221,21,BENIGN
4183105,2,79,36632.17057115824,983.2144072966602,6,28462,6667,Bot
8051190,45,62,10923.586419874975,1481.8103899156552,6,40755,22,BENIGN
9399922,40,81,5175.330909058817,284.2644081467531,6,54340,80,BENIGN
4171464,24,24,39917.914342360724,95.73567345129514,6,36033,8080,BENIGN
6417160,29,57,9992.538018373243,1279.553908730334,6,60712,3389,BENIGN
5362304,67,47,10354.817273798279,520.9079036006547,6,14897,22,BENIGN
2574037,68,0,39534.84249706462,658.2446187306386,17,34348,443,BENIGN
4197839,66,7,50284.345650271614,1389.9890282279985,6,45331,80,BENIGN
3305842,84,20,18668.288697451506,672.231281555051,0,19063,8080,BENIGN
7006551,54,97,68463.56862604369,461.068232965414,17,18374,6667,Bot
1470951,312,87,41869.20006828109,55.16294148737429,17,42275,22,DDoS
713017,79,89,9192.253773871606,675.5443015260832,17,56007,3389,BENIGN
2936698,49,77,63703.41245627152,989.3282583977897,17,30298,3389,BENIGN
7766174,32,28,35694.48186951388,418.379085451085,6,62789,8080,BENIGN
4486845,61,29,5232.147707626622,1082.3135080087786,6,59543,3389,BENIGN
6859734,42,2,94798.15796671923,727.8306430880322,6,34467,8080,BENIGN
6575022,1,6,57119.695710566964,1289.9987923318417,0,47236,80,BENIGN
3,1,0,47772.03690306373,259.3714589684655,6,53459,443,PortScan
2701093,35,10,85913.73948538347,1140.4779016322843,6,63478,6667,Bot
9006827,51,31,93674.04293137247,1400.1778135337652,0,39827,443,Infiltration
4007424,71,58,22032.186816621135,1117.268945519283,6,17588,22,BENIGN
3515630,427,11,81014.45016750271,90.36516521758797,6,32511,80,DDoS
8203592,146,78,83107.99267742652,49.920993909864606,17,50536,3389,DDoS
641562,847,37,5440.279467759901,68.07160400391393,6,52647,22,DDoS
6437985,14,23,71194.41151782728,970.7071526723854,0,58977,22,BENIGN
2327189,93,64,6296.788179957702,231.42438709028372,17,64358,6667,Bot
544753,3,17,59467.324638990074,1260.6899431305108,0,15483,443,BENIGN
5506861,24,45,66923.67771386741,1441.8912671892572,0,23729,443,BENIGN
393286,65,55,36705.868835096975,220.9679837995103,6,58697,443,BENIGN
5972972,658,62,88078.7496657658,71.205769139435,17,24514,3389,DDoS
3755590,10,6,80051.17069674723,1407.1627160945186,6,64240,80,Infiltration
7071522,708,65,92595.97136213962,96.1801108778023,17,59617,80,DDoS
3304399,331,39,31488.952663098178,30.76181513294296,17,38050,3389,DDoS
4959791,14,53,2152.7800061810876,1126.323678466466,17,19263,443,BENIGN
6533030,10,30,81146.1266997552,331.5894481449692,0,64420,8080,Bot
9151498,40,96,22297.735599644075,1469.140624707939,6,42796,80,BENIGN
1750193,23,51,46715.60405670556,1175.707625891372,17,34284,8080,BENIGN
6216731,633,93,81732.11718640308,30.848411771732174,17,19237,22,DDoS
56,1,0,21613.517867529074,184.38297420978236,0,24429,3389,PortScan
5243274,63,33,31190.876278632375,1403.7322559417744,17,34262,6667,Bot
5005432,513,6,43907.99863377891,56.96411333336832,17,51556,21,DDoS
2895118,42,88,27182.4850165441,77.07961306221462,6,30036,80,BENIGN
6820499,99,15,46132.14230028287,230.1410863746924,0,44186,8080,BENIGN
607417,506,21,959.6644494526685,93.43004957325131,0,22263,80,DDoS
5551352,79,99,21218.79727513273,1461.6409255000176,17,28864,22,BENIGN
5579223,73,52,83255.33596629756,756.8193308441342,17,20040,3389,BENIGN
1693775,47,90,41348.19585130007,703.9796892196181,0,37122,80,BENIGN
974403,81,16,63640.57677419397,1434.5525739447069,17,33594,22,BENIGN
5211376,52,3,23228.79276355424,766.861273293349,17,12517,8080,BENIGN
8709288,18,60,64987.8664448666,786.277173500395,0,15459,22,BENIGN
56,1,0,99997.38676462568,1476.4638017629338,17,46305,3389,PortScan
2876337,983,85,59528.763939680495,21.73480863771261,6,14365,443,DDoS
3631147,24,51,62835.85626419088,1478.917099246225,17,24286,3389,BENIGN
4973164,23,34,11151.982446199749,265.20329173494065,0,37085,8080,Bot
6848220,12,43,40338.14716659846,719.9089661502766,6,2063,443,BENIGN
9425366,562,14,86072.48984828895,42.10204858391866,17,54044,8080,DDoS
480774,21,60,83427.19736583323,1434.023447925957,6,11205,8080,BENIGN
5320904,64,43,52239.911036132195,738.5448970554158,0,3789,6667,Bot
4748024,90,20,90345.41497377725,54.06148485045124,6,28105,8080,Bot
6684701,72,76,14293.701820571803,348.1028787551034,17,44247,22,BENIGN
7911157,914,46,65818.94046615252,42.686905926184835,17,1635,8080,DDoS
8781764,34,74,24888.35765021954,1021.0578032909013,0,11799,443,BENIGN
3613014,223,48,64556.14051052366,44.39620822415116,6,60166,21,DDoS
8571732,69,52,8739.96891051958,1277.8657547301978,6,46512,21,BENIGN
9464756,31,26,94360.90951049388,1246.0817102887156,0,57278,6667,Bot
2157198,97,30,78633.20395904926,893.953764773242,0,33380,3389,BENIGN
944453,846,43,20096.156489589077,21.976397529054168,0,40493,443,DDoS
65,1,0,63727.65685720373,431.68377969119405,0,62703,22,PortScan
5868655,87,29,75914.56405374712,1437.7006801918722,17,37863,3389,BENIGN
1721842,19,17,20944.58218293609,133.73997985324758,17,46895,8080,Bot
3295553,72,62,9333.03077139771,607.6047825048792,0,58469,8080,BENIGN
5870847,793,15,35177.97660956998,86.04850666643746,0,59032,8080,DDoS
8229940,65,34,13575.4341195232,1419.5813881268557,6,20522,80,BENIGN
304643,6,61,56571.17051042293,762.2640601668534,17,18998,3389,BENIGN
3112361,71,8,42411.4909573415,1345.9606032298007,6,41377,3389,BENIGN
1456598,27,61,46242.433810090544,175.10367143420757,6,19776,8080,Bot
4713397,79,38,54286.34773412074,806.7445786012731,17,47771,22,BENIGN
9101640,52,50,98205.21459426015,487.75482841673755,0,32552,21,BENIGN
9369979,98,9,79263.56664011089,1197.6312076229224,17,21916,80,BENIGN
6423941,87,51,62947.14949828507,678.5923216148396,6,59295,3389,BENIGN
9380914,48,11,36370.561447933615,723.3736794878316,17,46020,22,BENIGN
2238254,88,71,2706.9353136965124,115.87749989653754,0,29729,3389,BENIGN
8391993,829,61,11652.761071875173,20.71275621280617,17,52026,22,DDoS
2657403,99,2,73086.72505393837,139.62647146002087,0,7917,21,BENIGN
5390756,499,82,36920.392824192284,58.21631631943177,0,50620,80,DDoS
9770396,44,10,33443.743584264485,207.78457394771235,6,29875,80,BENIGN
8324558,17,7,88897.83585908492,515.0317681672911,6,2878,8080,Bot
9491199,95,89,48450.88905137711,356.5347503250914,0,51865,3389,BENIGN
6663243,38,22,89957.70574131097,442.0663318220198,0,50892,8080,BENIGN
666079,10,9,88663.85104021996,239.61104334942607,6,39179,443,BENIGN
5446442,54,17,8018.129171455446,670.6192672617009,0,25109,80,BENIGN
784378,91,75,94536.29784335356,756.4131807386557,17,42952,3389,BENIGN
8896261,6,38,7695.488360755742,1258.2385858825926,0,21815,21,BENIGN
9365486,6,25,96350.61152472127,817.4615959309544,0,37893,443,BENIGN
7806521,52,10,45261.49175993903,358.561142925782,6,3619,21,BENIGN
4084557,15,9,76086.06757545762,1109.1256310153508,6,9853,80,Infiltration
2470662,68,2,70614.43671898534,459.92518518251893,6,30153,3389,BENIGN
7104727,877,61,51849.49743245285,24.50872184315889,17,27364,21,DDoS
3798157,56,70,61945.481883564324,593.0028061450306,0,23226,443,BENIGN
3198847,7,60,94991.81814991948,780.2390926275533,0,3642,80,BENIGN
5476149,51,3,92735.14906632403,765.5582407734897,6,4575,80,BENIGN
1902971,263,60,65432.605025908684,83.89152237032299,0,27715,443,DDoS
9010923,64,7,65771.86789345252,247.4246664458808,0,25395,8080,Bot
1811149,26,12,24693.869339183806,1409.0622858665472,17,50295,6667,Bot
8734937,58,11,82862.34947181238,851.7431092615161,0,38851,443,BENIGN
9555280,31,34,63260.33330020768,1490.659100427096,17,31052,443,Infiltration
4757912,66,53,82624.87919984304,868.2446485077053,0,42831,3389,BENIGN
5758951,92,50,65785.24102879765,991.4366419117848,6,51050,22,BENIGN
8468679,13,42,29932.0026031615,1129.369820583931,6,20402,80,BENIGN
9954757,18,99,18948.140273081328,1236.2479853238153,0,61425,22,BENIGN
4592001,94,65,7696.5844223155445,726.7941424267501,6,15705,22,BENIGN
2849195,75,14,58599.49322601269,1024.3189528847029,17,39776,8080,Bot
9704210,13,48,28405.135750873502,930.0268339350678,6,61684,21,BENIGN
6779717,24,33,63050.95145908143,622.4887556672845,17,21059,443,BENIGN
9587818,57,38,5865.644488377153,1234.7804722927626,0,55961,22,BENIGN
846562,29,25,37566.30650056271,304.8238587621956,0,43848,21,BENIGN
723979,56,68,26055.32153697756,267.3534528385186,6,35112,21,BENIGN
3332106,54,47,37033.40780011131,1109.9285574549904,0,10954,80,BENIGN
1619914,5,88,5428.342975658707,963.478264299137,0,31364,443,BENIGN
1444415,35,50,72418.14188334465,490.137488993828,17,37812,3389,BENIGN
1502818,19,97,11669.733314297326,959.992258684465,17,26533,8080,Infiltration
2828440,383,3,1440.2626348153258,79.72686695874631,0,3699,443,DDoS
1194837,77,97,94628.91013893335,341.1099437439016,6,17375,21,BENIGN
6696679,69,26,19287.63823650499,880.4633150711627,6,29276,6667,Bot
398925,44,41,82806.12984454607,1240.5055327660687,6,20069,80,BENIGN
1885290,78,55,96447.05997571243,628.6330368710825,0,63847,443,BENIGN
4695881,269,92,53412.119956876195,77.7224689331772,6,43355,21,DDoS
5092095,62,68,52611.81600475464,136.2328423232537,6,22964,21,BENIGN
230696,194,17,36741.72449834097,78.9011955286793,0,57815,22,DDoS
4993999,73,60,42559.48647753949,1198.2670259555227,17,48055,21,BENIGN
4123090,756,3,48207.53969533401,95.21916440796323,17,17682,80,DDoS
9822190,26,0,15209.440372062922,196.48764707859166,0,44661,21,BENIGN
6497227,5,49,36473.672394035915,997.3902004520006,17,20544,8080,Bot
294458,93,83,81610.84426094452,868.0105773228172,6,1092,3389,BENIGN
7595002,54,69,18239.811958147246,1380.8302482582694,0,20182,3389,BENIGN
7833376,403,19,72985.32469541153,53.34487302534151,0,38196,3389,DDoS
2873898,919,19,65158.660026819074,88.92598431400629,17,52370,8080,DDoS
4721105,195,45,5729.777528265911,34.738580244798655,0,9793,21,DDoS
9971077,92,26,2242.886843768044,653.3023294869334,0,32251,3389,BENIGN
4970445,799,25,35252.8462578349,56.101160247072826,6,38063,80,DDoS
9570461,522,31,69217.02771318411,20.712727553031478,0,15937,80,DDoS
1247852,47,9,33041.792736066156,349.13871846453935,0,11464,3389,BENIGN
4695254,14,81,66773.33006004938,1023.234064405054,0,49169,80,BENIGN
5357877,75,11,66545.81430279816,692.0867758069998,0,20815,3389,BENIGN
5301388,73,73,80655.46226242687,841.6188251434779,17,15142,80,BENIGN
117008,662,87,9948.561470384477,42.73122346488524,0,45182,443,DDoS
2343245,64,23,57712.88911874637,806.6996856451743,6,40648,22,BENIGN
5846999,44,50,6249.711957331449,471.7352050247482,17,16875,8080,BENIGN
6796977,70,37,17594.71402733378,346.80517511037846,0,39550,3389,BENIGN
851663,65,45,32550.090285614253,1340.1494476954686,17,10390,6667,Bot
9239420,25,88,70738.9240429466,1480.3530971938903,0,34976,22,BENIGN
5360778,16,7,97387.79750040815,392.71159516452866,0,31931,22,BENIGN
9029850,15,54,34252.08143859106,1088.4619324420898,17,50405,6667,Bot
8626610,98,77,52114.44854026842,768.5136790318028,17,8122,6667,Bot
6612403,81,30,25905.55954224354,1053.9028369794244,17,55905,21,BENIGN
9983149,3,87,67548.96206096146,1447.0375677005532,17,43929,21,Infiltration
8127778,406,15,36658.58679504465,56.652758089747685,6,54160,3389,DDoS
8212903,37,19,48159.617343827755,1115.1200534482673,17,26804,8080,Bot
8871158,232,37,56781.28758506288,92.74318707404902,6,42829,8080,DDoS
5310174,55,14,68624.23299072766,985.7504877833591,0,4812,80,BENIGN
1519698,38,77,6005.166128975326,621.8448355092636,0,14805,22,BENIGN
2659332,461,75,55490.10937865937,45.356125219868105,17,42410,80,DDoS
45907,1,33,43116.409781443595,519.5023359247496,0,6959,443,BENIGN
1436086,605,71,13376.508647966712,73.79268421701823,6,45137,443,DDoS
660601,90,18,20803.66683313617,1069.0145944543056,6,10643,8080,BENIGN
1558374,19,68,88389.00911001375,83.20606088054588,17,26077,443,BENIGN
9035980,52,90,87177.60091002368,505.5725062853374,17,35746,8080,BENIGN
4732469,30,62,3333.025442367488,828.3533598875891,17,2080,6667,Bot
2938387,55,76,68940.14912362523,129.72006353865143,6,46829,8080,Bot
3765093,14,31,55418.731313735414,1060.6720210814465,17,3664,443,BENIGN
310063,13,94,93981.58431472485,1223.6646956077113,6,36706,80,BENIGN
4091801,84,36,90800.57110224158,261.7244181515515,6,53707,443,BENIGN
1183593,730,65,57956.1912852362,86.71734443054773,0,34305,3389,DDoS
4741982,27,6,13895.492131850362,976.3761994454412,0,29089,22,BENIGN
9811979,89,47,45981.50236693001,628.1001487173958,17,5451,443,BENIGN
4618319,9,10,72516.43669290058,264.18243542631814,17,16985,8080,BENIGN
6466880,41,74,95173.66350898714,1433.2199761805982,17,27039,443,BENIGN
39,1,0,36382.94057525826,706.7362466444198,17,1556,21,PortScan
4391749,12,30,78467.14759535519,291.7923093820343,6,27652,21,BENIGN
2900303,10,43,68334.07532817237,1082.8830837371863,17,15643,443,BENIGN
1650970,6,44,7829.277714226213,919.688974213329,0,37718,6667,Bot
7062315,34,71,55797.685028628795,1227.9730250530565,17,13615,8080,Bot
40,1,0,18350.883353938585,1494.2231333196219,6,36703,8080,PortScan
3620697,41,31,68354.92921777644,86.40340609280844,0,20676,8080,BENIGN
5519903,83,20,61008.484694063925,1114.1873232127434,0,35069,8080,BENIGN
5687236,6,30,97304.80916338331,1483.913715877947,17,51042,80,BENIGN
7789673,2,0,93538.26651248094,816.582825663905,0,41721,21,BENIGN
9196770,163,76,937.2833598881192,46.12237850429358,0,28485,8080,DDoS
667638,519,10,8002.943017169961,33.538256135607284,17,55890,8080,DDoS
4607555,469,92,76913.43114295612,67.29553153013134,17,49899,443,DDoS
2013438,28,67,68564.30729760768,1050.7579759186183,6,31911,21,BENIGN
4872791,85,35,80094.55985168913,1482.3723180791847,0,60421,8080,Bot
2062724,72,78,26681.492266832363,155.6662952142647,17,29837,8080,BENIGN
4261763,10,58,84932.27687624766,644.7397910244694,0,46454,443,BENIGN
2300712,366,66,44241.94719881359,42.7507078717699,17,63612,443,DDoS
4010868,10,55,26190.84846744417,186.94147297075608,6,16706,22,BENIGN
1325931,73,50,1060.7747584892356,983.3813010893896,17,56714,443,BENIGN
7503516,28,28,87136.40348195938,656.6439197322096,17,30886,8080,Bot
9294060,324,84,53534.38492401724,72.19616873513729,6,39592,22,DDoS
9279963,665,1,97538.20837519926,30.776083466821092,17,6167,8080,DDoS
1881497,97,5,71468.13895672595,280.9747235829301,6,27306,3389,BENIGN
3911351,68,30,8041.714348977857,784.1043155249065,0,35948,443,BENIGN
39,1,0,58819.11864021424,578.607075474987,0,11473,80,PortScan
762657,67,87,1712.4539823347495,747.4856881290906,0,65118,22,BENIGN
5267482,42,39,55778.185421293216,309.98743877631773,17,26825,3389,BENIGN
8167675,12,16,35020.166309908076,538.2985930645393,6,10649,3389,BENIGN
2719813,18,4,64329.58347187656,1494.6981528627816,17,57116,22,Infiltration
8971641,23,1,54157.42062462707,564.7448256101369,17,3073,3389,BENIGN
7188206,84,57,26135.032341448838,630.8095598490945,17,11037,8080,Bot
321299,6,11,16235.060910582399,49.41657212554111,6,12006,6667,Bot
5362795,53,4,40471.148634174955,583.6221793387839,17,52989,6667,Bot
9315210,98,59,98683.63148496045,1149.8191848468884,17,51310,443,BENIGN
3830094,42,40,43569.864054927166,783.08325816482,6,8777,80,BENIGN
9800454,615,19,74878.71378222916,32.12758749402077,6,56395,8080,DDoS
2429588,30,71,5697.352560537072,843.6971648946203,0,15571,8080,Bot
7392153,9,0,37886.57644174036,176.12676935389698,6,35768,8080,BENIGN
29192,91,55,58032.30371990038,511.5736992939185,0,17013,3389,BENIGN
5113150,42,69,75119.65133284821,1047.4649613856975,0,43240,22,BENIGN
7709119,34,55,52838.365731706006,830.9495783638804,17,60602,22,BENIGN
657291,40,53,51529.55458007813,1018.942382112688,17,30994,443,BENIGN
883535,88,10,76390.6912597169,553.0671226145686,17,64821,8080,BENIGN
4081634,915,2,31328.771731890025,74.07384547107361,17,4037,3389,DDoS
8260868,29,94,9061.052087139255,1248.1247745620256,17,38775,443,BENIGN
3510034,50,27,34715.04710174057,576.9257158987634,17,13522,3389,BENIGN
7988697,76,4,15899.623544943464,989.4162712432291,17,23902,21,BENIGN
207680,95,89,96594.42041334332,584.244617147067,0,23328,443,BENIGN
769132,49,15,57751.15474766916,1392.3352647692782,0,52545,8080,Bot
3772480,73,30,44660.043132761864,1488.0701856447306,17,50382,21,BENIGN
8865565,61,27,91205.18781565673,980.414624965551,17,62346,8080,Bot
8399725,83,6,90036.13873671033,911.183789426395,0,59481,80,BENIGN
6066025,46,8,41569.72790742096,1264.4239297881238,0,16017,22,BENIGN
3931995,46,38,87472.73622498102,784.0230569720553,6,5184,80,BENIGN
3100886,17,98,6402.593314301231,1306.8687327739017,6,23967,8080,BENIGN
7285980,154,42,88571.91453325468,97.88475519775514,17,51198,80,DDoS
2651888,5,26,31058.35285554317,67.20769063261429,17,15235,8080,BENIGN
209820,132,75,56512.228434062126,39.75170513437288,17,57941,21,DDoS
2218322,16,88,26968.858327239097,1087.862137210923,0,63779,8080,BENIGN
3991019,81,92,98479.95571693394,775.9353389855692,17,3548,443,BENIGN
8302189,228,94,7177.998333628022,77.11302674562168,17,50147,443,DDoS
27,1,0,44695.52867806511,1332.4167059890174,17,48122,3389,PortScan
6554068,8,32,62098.81548335613,180.4704463790864,6,10680,443,BENIGN
7900271,72,90,61561.22523372904,944.1082184023026,6,58737,22,BENIGN
1695725,87,55,73875.83897648439,816.3941238492869,17,61088,8080,Bot
8283132,96,1,72441.53263220431,1169.181182164645,0,48870,443,Infiltration
7016711,824,13,79314.27052003035,62.56324894426548,6,28301,8080,DDoS
3837578,38,12,23428.740948969164,32.01116560186194,17,21935,8080,BENIGN
4024637,54,23,37050.649340189455,294.3914095931638,6,60654,8080,Bot
2780977,76,68,38203.31159802727,332.19206427146395,0,38180,6667,Bot
3031963,15,33,95583.96609101421,451.296230184627,0,7404,6667,Bot
1150411,92,86,40931.185708520825,568.1814154971328,0,24196,21,BENIGN
1595876,50,18,22186.92107046769,1065.701095016256,0,19249,21,BENIGN
3117273,56,29,63234.44263917507,129.88241495698844,17,63164,6667,Bot
8052064,95,48,42726.69148252283,740.0899679782182,0,39637,6667,Bot
4825985,9,42,25008.006311574827,757.9926484323184,17,25924,8080,BENIGN
3244911,8,15,71513.54744582012,931.487282629257,0,41828,22,BENIGN
5880923,19,51,19192.528664772846,479.6102367930561,17,40357,8080,BENIGN
3034032,51,97,63335.40406593484,404.48756534895483,0,38317,80,BENIGN
621847,72,48,43053.070973707705,736.149667831643,17,21857,3389,BENIGN
1281358,98,10,31916.716433067217,996.2198236128168,6,60046,22,BENIGN
4623290,564,77,94598.22674873011,87.50732262930705,17,10735,8080,DDoS
4423575,68,46,32440.75078147799,454.50112564355425,17,38180,6667,Bot
4361962,31,78,34750.737414996824,1185.2192661011877,0,3866,6667,Bot
67,1,0,87063.8364133171,736.6005221898622,0,28271,80,PortScan
296512,99,70,12904.336287549322,1428.7021890334668,6,43264,3389,BENIGN
9886826,83,28,10806.874964606106,1303.9617593157557,0,39324,443,BENIGN
1594462,43,53,28270.77840845025,529.0385684789528,17,5500,8080,BENIGN
6318753,29,85,59163.59232744598,1094.8810733329371,0,22727,3389,BENIGN
9396413,10,22,38430.0160110138,425.97655951055305,0,17632,80,BENIGN
6400331,517,23,60855.448083567506,51.11087939018324,17,26502,80,DDoS
8151596,46,98,15975.063104443465,1323.9101423407024,6,47900,3389,BENIGN
5040460,30,9,26145.0848767347,538.3689344564865,0,54942,80,BENIGN
7156165,94,60,56516.23338124716,321.0587031495784,0,39205,443,BENIGN
7451162,82,7,21714.920225873237,1448.1652194802637,17,48647,8080,BENIGN
8705498,88,47,42280.46304904449,65.92263330994342,6,42590,8080,Bot
3547580,32,75,57264.78769916896,563.0110375705079,6,48804,443,BENIGN
3787515,73,92,97365.09022809145,76.85848340976247,0,46522,8080,BENIGN
8434420,47,28,7988.665787759319,766.0684394491592,17,32462,80,BENIGN
4528368,88,86,46041.397857090495,613.7396232860436,0,62645,443,BENIGN
2222594,63,25,39627.096074213085,1086.589930689312,17,61939,21,BENIGN
487807,26,36,82424.1249451178,1431.9710432632082,17,26041,21,BENIGN
92191,640,95,90029.71190284342,97.73711968236258,0,36447,80,DDoS
5591038,23,51,90701.3168531365,442.39137461988395,17,39193,8080,BENIGN
94,1,0,37513.93130415938,1310.81994543327,0,47023,8080,PortScan
6506116,806,5,30465.5146895482,26.591749511749285,6,16496,443,DDoS
8924535,50,7,44913.725045508465,839.1571283977058,6,46346,21,BENIGN
8042253,36,16,34398.6305971803,299.0904991540625,0,12822,8080,BENIGN
9320904,13,75,71885.09805681935,80.07543993724232,6,36769,443,BENIGN
5518458,29,61,21357.104862958255,702.8793183523388,6,34592,443,BENIGN
8286251,38,85,65868.40840738812,801.5094518819548,6,52688,21,BENIGN
3940163,77,77,92698.75331045009,208.09871288920183,6,34784,80,BENIGN
8810451,90,33,27991.35696961099,107.90701091648054,17,63873,443,BENIGN
7224689,84,18,67689.06165888243,339.7989176815848,0,48635,80,BENIGN
9952190,5,69,14356.112155737832,113.38550679451053,0,40048,8080,Bot
1525168,20,81,12138.394209725911,103.08463493341026,6,8508,443,BENIGN
3337113,468,99,11564.4478064866,98.77182695534755,0,60547,22,DDoS
7716592,14,36,13852.816984534888,1219.1613943388804,0,49675,6667,Bot
65,1,0,21616.487030944198,1002.7025769425009,0,26524,21,PortScan
4572630,48,14,56283.04956017943,1025.53221277177,17,17129,8080,Bot
2416838,13,39,76698.56486155374,408.40611437709526,6,3049,21,BENIGN
6158482,24,8,12685.702371091578,36.43419371117336,0,51950,22,BENIGN
2332227,79,52,87001.49405907247,686.9569551938954,17,30570,22,BENIGN
1926352,65,69,84271.6284430226,578.1437447722876,6,27750,21,BENIGN
2074378,86,65,72738.80265028914,1421.907798912256,17,5801,22,BENIGN
4984026,34,79,42596.57994614731,126.5888783214334,17,12242,22,BENIGN
4334265,51,51,155.72348255258328,1169.1005978148728,17,37048,6667,Bot
9469409,3,0,73476.49413002968,590.4159428136752,0,64433,22,BENIGN
1278443,90,29,87898.61446764394,1247.8373446547766,6,60481,80,BENIGN
3032215,78,96,33528.6376171862,752.4636865640988,6,19590,21,BENIGN
690878,58,0,71798.75612211187,1234.342676647029,0,21560,21,BENIGN
4044164,72,38,6204.76143612817,710.9355848665066,6,63789,8080,Bot
8566865,507,15,70949.48714716427,87.69898491042211,6,59157,8080,DDoS
6634799,80,16,6830.852084889305,1446.2885779722078,17,55178,3389,BENIGN
2351059,42,81,58718.63358886821,565.909979357293,0,56224,443,BENIGN
9000417,21,21,59755.32858952937,1211.844040688481,17,34485,22,BENIGN
5959422,10,85,30215.65544238195,119.2082514133612,6,43667,3389,BENIGN
6036307,57,98,7912.272707673152,112.71995470185463,6,25348,22,BENIGN
9618667,677,30,94933.47747124372,89.31665021981405,0,13123,3389,DDoS
3343967,56,39,53557.740401661315,886.6438567522895,17,24589,443,BENIGN
6362573,38,26,57975.81251238626,920.6288174761619,17,20354,22,BENIGN
2642900,86,35,61502.08890304737,73.85140790426411,17,32369,8080,Bot
8181411,61,3,89104.7926926155,1051.1751319265777,0,46545,22,BENIGN
1658432,47,68,6025.5644546757585,212.2904801585323,17,51199,80,Infiltration
4451541,706,24,89328.77678525329,87.39227500629498,17,10681,80,DDoS
9738359,46,94,23967.65086112741,513.6521569221179,6,42010,8080,Bot
5018868,68,77,7795.024959634744,406.9386465982354,6,34563,80,BENIGN
771379,4,29,65726.58521313313,451.0737057066879,17,22911,80,BENIGN
8076918,94,46,97697.56442566836,1407.2830917338415,17,58306,21,BENIGN
4075099,66,11,5724.20663065959,734.6049915665083,6,7487,22,BENIGN
663531,93,26,42612.181803736596,663.3260308760206,0,54490,443,BENIGN
8966409,43,44,52978.45253437857,857.5293628106172,6,21211,22,BENIGN
1588504,62,87,25211.89641034901,1397.527616500646,17,52053,6667,Bot
8641223,85,62,98287.2149152968,476.34299713596744,0,51369,21,BENIGN
3892925,85,54,64096.321460382744,287.61361537898796,17,59804,8080,Bot
5353474,85,29,84435.06728467114,901.3265805162494,17,35407,3389,BENIGN
74,1,0,41577.76819717136,747.6786629861267,17,36258,22,PortScan
8998431,587,13,35395.588714481775,88.9490943055738,0,62226,80,DDoS
4738479,62,55,55315.78948810922,792.467240803813,17,4211,21,BENIGN
8671834,90,18,43527.84426266397,852.3784567516846,0,56925,8080,Bot
6542324,2,85,71494.80551367944,1047.342903063266,6,3022,6667,Bot
2644146,738,25,26581.80902117947,85.21220762547247,0,48196,443,DDoS
6403779,57,70,44959.103109239964,643.9398037813538,17,39198,8080,Bot
5814204,45,91,89513.27472940598,775.100844021348,17,16042,80,BENIGN
3763402,18,37,75610.79003433294,131.0034217975103,6,41566,22,BENIGN
926197,48,68,16807.01650178944,1250.7503400037485,6,45000,6667,Bot
3,1,0,88686.48293915975,165.27057996557116,6,3532,3389,PortScan
5194051,682,17,58901.659044518805,91.96137089818463,0,34794,21,DDoS
383709,75,56,67928.71832724832,535.7805061261432,0,1172,8080,BENIGN
3105103,854,77,29425.656584926608,56.864059310582974,0,52077,443,DDoS
1863182,90,22,44154.42636356575,506.3412914285119,0,56030,21,BENIGN
2511063,58,13,80681.24789062509,1426.7246018321614,6,11456,443,BENIGN
1753413,42,95,33067.62187631821,1470.5595540429215,17,45288,22,BENIGN
2386249,35,68,16506.161551019326,1460.3958167947442,17,19148,8080,Bot
3481691,38,21,37830.49129834805,1063.0849820063977,0,5281,8080,BENIGN
5766492,67,27,6921.866740938809,184.36607644460068,6,56252,22,BENIGN
2803105,960,42,71785.64584849322,95.14327576147302,6,64035,22,DDoS
9675061,99,75,14774.59087741978,448.1776366512302,6,53199,80,BENIGN
2264819,50,17,28512.590706084473,1068.4165168859129,17,6601,21,BENIGN
5256683,86,99,88108.10055538922,749.1286385549951,17,65253,3389,BENIGN
3044321,72,94,54049.76579567711,932.421996182773,0,13864,21,BENIGN
4126653,79,76,32133.844059647567,32.921992083934185,17,48289,80,BENIGN
5098327,45,83,54766.68900148858,1178.6388118991179,6,15512,6667,Bot
1661442,672,35,21827.76596318894,50.79702824585807,17,30016,8080,DDoS
9208301,19,6,2517.312970561014,1010.6724681975878,17,32843,443,BENIGN
5645912,17,22,60373.2478963803,1280.8673471903603,17,9595,8080,BENIGN
5219007,65,33,71412.59327847292,727.8105752636542,0,61178,80,BENIGN
2917033,93,95,87978.17654459795,49.90795734723352,17,32533,21,BENIGN
7710711,77,20,77188.33610647237,1485.8944490294746,0,23227,21,BENIGN
8257768,56,69,92667.7700495515,107.07158198911077,17,8629,443,BENIGN
6273772,342,79,98595.34755428703,78.28132994674759,0,9080,3389,DDoS
5574045,41,98,74493.54477457983,97.61142286571138,6,43797,443,BENIGN
4886302,42,46,86792.3300830334,944.9384327828977,6,18108,6667,Bot
9405491,6,52,67373.15032281847,883.1817359939869,6,43133,8080,BENIGN
3907097,69,83,17093.779120826912,330.3110881783588,0,24303,80,BENIGN
6466851,302,40,18170.242632228495,76.82820613106469,6,8897,80,DDoS
785886,75,74,11025.945631526312,1371.9597176799116,0,16300,80,BENIGN
2427767,526,31,94297.47199935236,85.67172018950383,0,39111,8080,DDoS
5311254,40,13,67275.16978393802,995.119850827763,0,6368,22,BENIGN
3,1,0,78990.97504655246,1285.745339018886,6,50756,21,PortScan
563989,9,94,33115.733682436425,552.5011977633158,0,49343,8080,BENIGN
277934,984,16,46042.17100767578,79.07061086523683,17,27145,80,DDoS
5507033,44,24,3977.9531836692804,399.16111475409485,6,13250,8080,BENIGN
5585156,58,63,88900.74004350974,1234.2756015428292,17,56074,8080,BENIGN
4730754,67,72,85300.34294116081,705.3439218108,6,35061,8080,Bot
3894425,13,85,78481.13348642942,1078.700287026231,0,31709,6667,Bot
5379205,19,47,5830.20676811915,982.4451668858095,0,42395,8080,Bot
3245098,98,34,17424.97355774337,473.21404111277855,0,43780,443,BENIGN
3998685,96,36,33417.06577544614,327.95352052668534,6,39435,6667,Bot
2816212,49,54,26306.26753416717,206.16255506351098,6,11819,3389,BENIGN
6900825,80,16,83845.98385310687,55.35071527529061,0,24172,80,BENIGN
1732241,82,27,19483.575820061993,140.25949712846386,6,62812,8080,BENIGN
9224252,78,0,53212.44653389745,399.2450782007358,17,41049,443,BENIGN
8675337,188,52,57138.10978193122,22.830360557631295,0,55260,21,DDoS
6905143,310,72,42501.18471625372,79.1322266079307,17,27420,21,DDoS
6134996,77,54,24068.79317304592,794.6251562282716,17,35277,21,BENIGN
1634561,91,60,96029.42908811315,382.7954611943385,6,59683,8080,BENIGN
2887669,59,12,41339.92422690225,777.4784770405946,17,53538,8080,BENIGN
1747088,53,46,72730.9995536665,1130.0165396904065,0,13680,22,BENIGN
4897086,52,63,18404.64876562289,413.6520715958975,17,30983,80,BENIGN
1020446,942,31,82281.11685362282,21.863741313420178,6,51471,443,DDoS
1886622,656,27,21589.182323366673,62.658424954165774,6,49962,3389,DDoS
5523732,15,52,67530.66235730262,828.5803820296726,0,64580,21,BENIGN
3119431,902,30,50649.60014725218,87.11594455864099,0,3215,443,DDoS
7301178,388,7,14655.714098142647,86.36601285135126,0,64567,22,DDoS
4003587,7,71,2494.919615607727,430.6097090008289,0,59944,21,BENIGN
835038,18,97,93074.82653818058,589.8854471219694,0,41036,443,BENIGN
807500,56,86,12569.051356453987,382.8618479492676,17,13831,80,BENIGN
6505234,75,73,70495.14286869149,824.1683902982726,17,59701,80,BENIGN
6472136,96,24,65268.49589469841,1067.497087884442,6,40025,22,BENIGN
3931892,91,32,34172.00424485265,1208.7602148875897,17,44407,8080,Bot
4367307,680,67,18538.289955472854,87.30503930064172,0,41860,22,DDoS
37,1,0,17832.82494554148,551.6406444478694,0,61192,22,PortScan
8043832,294,96,58532.78530502391,68.19285022220667,6,4069,22,DDoS
98,1,0,54692.12946240455,933.093021541512,0,4289,8080,PortScan
4149670,2,45,87593.50203502321,596.599925108881,6,55878,80,BENIGN
8694453,84,95,64000.30784119363,1333.195192072772,17,39709,8080,BENIGN
1779992,68,4,81927.49760805246,877.8516678453204,17,32080,3389,BENIGN
6363734,77,16,3241.3062452608774,692.3396224460598,17,48633,8080,BENIGN
9597110,24,75,67099.31470285951,37.02229448416105,6,56427,8080,Bot
7252370,48,51,23370.8638429621,1081.9116773355481,0,40542,22,BENIGN
5518325,45,11,25283.895996571016,134.47503215428586,6,34302,443,BENIGN
920343,322,61,72057.6529089341,34.704963655257444,17,3392,22,DDoS
3421203,58,34,79343.29588249409,1443.3076269237322,6,2523,22,Infiltration
3402510,36,61,37173.547513855265,249.71539558211612,0,23837,8080,BENIGN
9578991,2,20,79007.68168683062,481.44084669240414,6,40750,443,BENIGN
8809709,18,84,44374.46753523556,1399.8622525116266,17,41310,80,BENIGN
2835409,49,65,85764.53483703808,519.772050798173,0,34647,21,BENIGN
8401044,751,52,2490.377217859263,60.63824943798239,17,19358,80,DDoS
5058311,58,20,8349.507081485064,978.9727886092926,0,5051,6667,Bot
9857912,15,14,77635.18072676816,214.40871499996507,0,20724,80,BENIGN
7422344,17,74,62408.962783033225,1459.6725303961723,17,26186,8080,BENIGN
2959063,23,73,55902.02536355183,427.03351468051267,17,17769,443,BENIGN
3191419,66,81,61397.88073385733,1182.8194713715288,17,55631,21,Infiltration
5042586,70,22,93019.06274221507,445.66923803220897,6,27272,21,BENIGN
20,1,0,65553.70314380662,427.55116595417053,17,64733,443,PortScan
3768653,27,53,64747.6116659836,105.11880792941416,0,30411,80,BENIGN
8678080,37,54,75947.08797062277,196.59457638458923,6,15797,21,BENIGN
8403137,49,25,86662.07056398268,792.5116179823996,6,59374,3389,BENIGN
9521578,935,52,26191.247823835496,61.29695119375755,6,54844,443,DDoS
8325444,34,65,61674.8859233304,1227.44841117473,6,64959,443,BENIGN
7717853,259,38,58397.496355247524,45.9814200708953,6,29647,443,DDoS
5427067,64,6,13484.948149834252,547.102274798652,6,47968,22,BENIGN
9263214,74,87,52031.6973910712,316.23509896765654,17,53509,80,BENIGN
3476908,44,38,6955.051474046536,549.6587158682931,0,54572,443,BENIGN
9232518,17,31,18495.958740233964,544.3738660507638,17,16960,8080,Bot
6917671,213,25,91296.30819181804,53.92794207338351,0,6092,22,DDoS
8341319,13,86,11924.318154234348,478.25748203641234,6,20004,8080,BENIGN
4394303,52,77,57891.62998467945,1150.6875845574598,17,38882,22,BENIGN
4622876,60,28,32348.06959930736,1040.7653046945984,17,14315,6667,Bot
8596208,42,24,55531.329072661254,525.3744583503516,17,60249,80,BENIGN
5214902,91,55,23497.35424524031,236.80239158139096,0,41193,22,BENIGN
5556552,64,30,44437.94546776602,787.0549436646687,6,45256,443,BENIGN
6664202,341,65,86733.34331482607,89.77413346921209,6,54885,3389,DDoS
6866099,123,1,37621.69778193564,61.43422685686307,6,63597,80,DDoS
7562735,95,86,35303.093800093564,1134.4841749658485,0,54242,22,BENIGN
9479722,87,46,44611.80792696653,907.0810119584958,17,5016,21,BENIGN
4435886,71,74,10049.284424431526,891.1133850655241,0,44593,80,BENIGN
2862850,64,28,38734.70245880549,1403.2926161073058,6,46587,3389,BENIGN
7085857,33,98,690.0250628165571,1434.7920692006571,0,10106,443,BENIGN
6786032,12,48,50339.71451489518,380.882813506585,0,57158,80,BENIGN
4906626,406,72,84794.10791514293,76.37950565379313,0,48104,80,DDoS
2578405,839,31,55207.31039476319,59.664918271036015,6,25454,443,DDoS
1256050,9,29,60772.51782060195,625.0914733112339,17,53022,21,BENIGN
8277404,74,14,3056.337125976638,1005.1195385445312,6,2719,8080,Bot
9939239,17,61,85951.49801160752,1434.8308288913365,0,30578,6667,Bot
3696558,50,77,38500.355280025855,784.9754985045518,17,42799,80,BENIGN
1615370,39,16,97485.26806067067,1411.3181581662948,17,8402,8080,BENIGN
1089200,41,21,12046.536953026,971.4731088067532,6,34290,21,BENIGN
6445960,10,29,94467.18847852376,734.7056763906336,6,35472,6667,Bot
5925903,12,80,63429.0906336323,973.3722515129078,17,45244,8080,BENIGN
4675295,79,15,5234.030029059411,911.7607466897007,0,24760,8080,Bot
8131626,293,51,97169.90778367313,69.39770378247039,6,10552,21,DDoS
8957641,15,7,1387.3068145264122,852.4413083178187,17,46533,443,BENIGN
385003,28,63,73070.01686909911,1060.808035982396,17,63448,8080,Infiltration
7609520,4,38,88952.99483880946,1261.5221127666086,0,1272,6667,Bot
9170316,36,30,17581.155423015738,470.40948901762357,17,10912,21,BENIGN
9554734,623,11,34335.71906978085,27.406959814225775,6,50834,80,DDoS
1768507,98,32,56122.93405388602,835.8024948067804,17,16142,3389,BENIGN
8106025,47,57,67980.9285844963,744.1405704451957,0,54946,8080,Infiltration
5522080,81,11,87187.58677945942,100.21422874009637,0,1712,3389,BENIGN
7249533,39,24,76107.0470878306,956.1094868256857,0,58335,443,Infiltration
5125802,38,37,36333.11438189377,1413.2725288677677,6,44261,22,BENIGN
1540810,44,47,82171.98117866684,615.3030432816306,6,19107,80,BENIGN
3346486,51,81,96607.67210870133,1343.6530800558894,6,1247,3389,BENIGN
5783977,97,82,22698.618124163604,1223.390010123932,17,35551,21,BENIGN
6672128,85,54,7409.55934544294,259.34010605386106,0,21223,6667,Bot
6461302,26,2,42661.973194189595,1185.1741554598086,0,17461,22,BENIGN
9955751,36,98,88139.71039575509,784.7250006782893,0,14371,8080,Bot
4294429,69,68,15029.150487919474,1379.570210238353,6,39476,6667,Bot
7751081,97,34,88579.81878820101,300.35082847993397,0,18107,8080,Bot
1199828,716,50,99221.30237361667,94.51105654757738,17,24033,8080,DDoS
1544092,53,26,5400.223088315636,377.0949913369751,17,50761,22,BENIGN
1959584,6,36,49525.63738554839,108.24753146200572,6,20779,21,BENIGN
767228,37,84,32888.54947132502,493.7185462711241,6,5408,22,BENIGN
4509508,2,15,39367.9854931311,438.8531690589817,6,2475,443,BENIGN
2331874,69,91,45163.47523463086,635.9983470199259,0,1334,80,BENIGN
434468,90,24,73970.39564511897,705.2062603157567,0,52681,80,Infiltration
6077549,41,32,59129.97031711763,234.18641180236077,0,47659,443,BENIGN
2834623,51,61,96120.10882167803,936.6734143833485,17,48178,21,BENIGN
1167598,507,16,33276.45992395341,54.874645311150175,17,63996,22,DDoS
11,1,0,54150.408248274274,200.45443004044586,0,18530,80,PortScan
3791396,76,29,81332.8530933697,1069.0404171594496,17,34133,443,Infiltration
9876912,732,40,37302.841699368015,79.86421354298042,17,13874,8080,DDoS
7020580,66,3,46529.920061090954,565.1815921535785,6,10198,3389,BENIGN
2933911,59,65,68497.45526852268,233.71685355938752,0,62086,3389,BENIGN
3833638,68,59,86074.42186043064,1326.5331989524122,17,29396,80,BENIGN
8919857,59,8,41568.14704238287,1240.1984263750185,17,59776,80,BENIGN
238466,91,30,53195.04721467401,109.57951949207656,0,17036,443,BENIGN
83,1,0,97512.2285290839,834.6675832154822,0,58824,22,PortScan
6877137,13,99,4246.9161947004,457.1261997328838,6,6447,80,BENIGN
4408000,2,68,44822.87166595446,304.9673967730249,6,47998,22,BENIGN
8457223,90,23,63598.185112920044,481.0771814587006,0,10865,8080,Bot
8805448,15,23,842.7457562125152,1227.5132917329006,17,57070,443,BENIGN
8033176,46,92,59678.65015664145,105.62594889925774,6,24403,8080,BENIGN
91,1,0,5619.9954663008975,979.3854084362189,0,51886,80,PortScan
4383333,316,94,85755.83966481834,73.3680901087159,6,18990,3389,DDoS
2967481,22,36,80708.60955085659,683.1233941614753,17,15625,22,BENIGN
3114759,89,57,3225.5136798596263,1354.240616678804,17,23577,22,BENIGN
7303767,79,82,4880.402455737609,1362.0646350298641,0,63537,8080,Bot
6538032,77,22,75361.39315616024,922.2017425932285,6,14254,3389,BENIGN
5607514,739,34,36954.48925783104,83.9417746896028,17,17323,21,DDoS
9796284,21,62,57502.57879383248,1111.7422005610308,17,7808,8080,Bot
6095613,85,5,27032.826976538392,1376.00950504149,6,9580,6667,Bot
8411703,783,5,17296.887610409973,22.789832532039345,0,31550,3389,DDoS
1653105,400,29,29607.71175475615,94.82814921655377,6,18576,3389,DDoS
6243483,45,0,24671.37002239881,1233.6825047516863,6,9360,22,BENIGN
441268,284,62,44830.74382393344,86.37974757632607,6,40102,443,DDoS
9077905,40,7,74667.61652876862,627.2068211735157,6,2090,22,BENIGN
24,1,0,55412.94079269566,1052.4327217874659,6,51147,21,PortScan
8888179,144,88,60917.83079397185,86.7009248721652,17,10792,8080,DDoS
6075099,62,32,47007.85964580843,185.7735967026404,0,8206,21,BENIGN
4949431,733,52,32473.364020281624,57.369075378343354,0,13440,3389,DDoS
5280256,45,37,14350.882536048792,262.467820568884,17,54329,8080,BENIGN
8399222,35,51,35456.54591140009,1016.8885703676957,0,46133,80,Infiltration
2144708,82,77,66519.86162138652,881.5001547168293,0,59615,8080,BENIGN
5506226,42,10,73377.74229238204,69.6309150837711,6,45770,8080,BENIGN
2930399,5,1,46918.15439082136,111.17823311288367,0,9348,3389,BENIGN
7818541,27,52,64499.727458304566,405.9728736850978,6,12861,3389,BENIGN
5091381,70,93,21054.108188425223,1122.3921075719365,0,2290,21,BENIGN
628473,62,93,86006.63207239565,207.71742808952612,17,1233,443,BENIGN
633489,32,67,86593.64506764247,323.0656695664241,0,21745,443,BENIGN
8379582,8,76,32032.792727252534,1363.2870644059303,17,7550,8080,BENIGN
1157360,373,6,54771.22392949272,83.70591263127268,6,12497,21,DDoS
9764228,18,66,60666.202841521925,938.8574708662854,6,23766,443,BENIGN
7862248,78,8,47243.003878464,694.5338951403176,6,61683,443,BENIGN
6232574,15,77,91114.21535577871,463.66106597092653,6,30790,21,BENIGN
3355100,26,62,73971.69467931821,388.71282227802203,17,10029,6667,Bot
3581411,662,10,67251.04926087326,66.01456282462107,0,57433,3389,DDoS
6158257,44,36,52009.32215357073,717.0434389693637,6,20928,6667,Bot
3783931,32,13,8484.732993874233,616.4890229132154,6,24731,21,BENIGN
5182290,28,18,10782.137762009657,1047.690043244429,6,37241,6667,Bot
1350193,39,7,29900.886224401922,618.1481541759459,17,3155,21,BENIGN
7645295,32,6,21152.226836891343,74.36096378588337,17,59816,21,BENIGN
8582399,77,58,95253.09719079942,1262.7115013400878,17,7151,8080,BENIGN
4475787,79,62,40981.25186517321,491.2370925651034,0,48790,8080,BENIGN
9578772,18,6,87660.5438658752,1420.6745676777716,0,51871,3389,BENIGN
5755427,70,54,81807.96836662316,1321.7459780998586,6,32697,6667,Bot
70,1,0,81257.0272737095,366.196041479853,17,51685,443,PortScan
8868677,32,66,21570.752514685155,1448.8971020437766,0,11174,80,BENIGN
2491821,20,17,44732.18130008154,1283.269924006609,0,40017,3389,BENIGN
682446,97,44,31795.19916471395,1477.8243514053434,17,40736,22,BENIGN
9393119,40,96,97041.10038389197,1023.3637136087988,0,16569,21,BENIGN
65,1,0,87674.430129567,1397.4755888814786,17,27736,21,PortScan
4995527,35,35,24992.366097309303,1041.3378206365378,17,23711,8080,Infiltration
2931759,69,15,31352.036081016155,1285.5382178673187,17,61423,8080,BENIGN
199642,99,78,52890.923757782446,923.4353531655221,6,64881,22,BENIGN
3483902,78,28,27860.57851313827,1395.178071418344,0,24113,8080,Bot
7381840,21,58,82452.99665869112,786.7686203315963,6,54450,8080,BENIGN
5087465,24,17,81923.12779048111,1110.1217139755045,17,48859,8080,BENIGN
4084132,503,48,72434.04378292654,60.278242877108624,0,35020,3389,DDoS
1223145,196,45,68931.02047560431,82.79375794260855,0,27154,443,DDoS
8295545,98,82,54730.15074949415,59.07507085734496,6,11778,6667,Bot
1937083,12,28,34711.22571083173,187.30972862742837,6,5235,443,BENIGN
1404668,16,69,83693.84527732425,1458.4289337899033,0,37210,21,BENIGN
761056,4,49,85883.21712517724,1312.3397610112731,6,36240,443,Infiltration
3554482,89,54,4950.94688641674,735.4578108985779,6,5418,3389,BENIGN
7297981,34,26,39861.94139240793,1442.13112986111,17,54940,22,BENIGN
7122987,92,6,2662.758045022451,294.69620774792065,0,31472,443,BENIGN
4357947,46,90,83947.73946996346,184.23022389584796,17,46589,8080,BENIGN
4565961,75,82,17709.324652204185,910.1313153146656,17,28779,22,BENIGN
500064,77,80,67386.67648165327,585.5380396114756,0,21291,22,BENIGN
2997593,960,40,35737.581769437,70.22400263454045,0,56371,21,DDoS
9188166,25,10,81606.5453232165,1106.544804843921,17,34799,21,BENIGN
7578829,74,4,50968.690025376454,242.01943968203332,0,63840,8080,Bot
83,1,0,32440.19244515568,1172.1045537293712,17,58907,80,PortScan
8394143,65,55,32387.066725074044,551.9854315826109,17,42195,22,Infiltration
139665,25,11,32692.72424215779,1480.371585778921,6,6252,8080,Bot
2943005,28,41,78857.9216919303,1216.9442086099052,17,9121,21,BENIGN
3428361,36,74,71111.55988266735,976.4108719051818,0,48079,21,BENIGN
6323054,82,9,31921.4107346533,359.58047950247624,17,5094,6667,Bot
8190319,6,27,49020.8088943603,1435.5111608206817,17,4917,22,Infiltration
5082381,66,6,7615.338552932538,68.70685885530824,0,57089,22,BENIGN
4754517,896,13,82750.02683594232,26.17283335877044,0,51569,8080,DDoS
1327754,72,76,26595.480944374594,74.42804937493895,6,61147,80,BENIGN
2627114,95,68,88922.51418386969,1450.443946017893,0,44560,443,BENIGN
7995118,48,60,59679.669301292604,1309.7452890761185,17,10479,8080,BENIGN
5936519,83,50,56782.01622160424,1429.1193453860762,0,16083,22,BENIGN
7210647,70,41,16271.874231422156,1078.2517789345522,0,20881,8080,Bot
7313284,78,7,6953.535959001644,60.58761737926139,6,10228,8080,BENIGN
447728,67,49,55261.65809818268,1398.6230196819392,17,31515,8080,BENIGN
5303541,48,0,46798.912325522404,643.0101020876089,6,18203,8080,BENIGN
8853243,65,68,11968.303357726261,564.937286201023,6,51379,22,BENIGN
2648291,44,10,83558.77225181866,440.5158971506859,17,53519,6667,Bot
1348994,94,47,41724.0119175715,444.46078437991173,0,22432,80,BENIGN
74,1,0,26045.780039088695,1204.9302569879926,17,46164,21,PortScan
8445280,46,14,78827.20931463884,399.4416279863129,6,6916,3389,BENIGN
3551085,19,46,91306.4156776937,348.79984500900537,6,49646,8080,Bot
2513695,64,92,30596.27031890402,1053.0690492015037,17,37164,443,BENIGN
8161765,83,24,77594.98854016472,445.44533774020533,6,34212,80,BENIGN
737650,73,5,65251.965700851346,39.433787726552225,0,3281,8080,BENIGN
5007206,71,10,98972.77837540918,1399.014252873451,0,33075,3389,BENIGN
1799054,50,16,20399.270741122753,484.0745527355774,17,7103,21,BENIGN
9171241,63,14,96067.89945064545,1151.2786287647862,17,33853,8080,BENIGN
929190,441,15,31527.205670988966,45.16076972145545,0,54276,443,DDoS
2802843,175,55,41195.42980709723,69.76741638065836,17,54767,80,DDoS
8776610,9,65,35882.58141455348,999.6537929409346,0,53354,22,BENIGN
6165806,290,35,26845.06970883759,92.3040732356805,0,51722,443,DDoS
1900402,89,82,69322.25814302936,446.1184549038468,0,39765,22,BENIGN
5846736,261,37,58914.53207258446,94.64006687846371,0,43734,80,DDoS
684759,76,84,30569.194569209645,44.27695816828631,17,26330,6667,Bot
7430847,6,74,13221.245651827629,780.1567966772482,0,8578,80,BENIGN
7410925,82,2,31737.563773320675,105.53646514605457,0,9394,6667,Bot
8828425,21,97,38123.131168384985,329.93800656630174,6,6633,443,BENIGN
9101202,15,17,38065.34431210701,1387.2345846153091,6,64315,6667,Bot
6927516,67,78,35725.95337625904,142.6260787301985,6,24641,80,BENIGN
5385301,679,88,4872.25062231369,87.11292978792328,6,15032,80,DDoS
7360501,56,53,46403.3107901517,1095.2616799644904,17,26128,8080,BENIGN
2241205,68,78,83620.8097245307,1328.8011294459648,6,2434,3389,BENIGN
1320407,32,93,18036.62918585185,88.39250128608657,6,15746,8080,BENIGN
4675531,66,16,14565.734342745274,294.45048872582254,6,44583,8080,BENIGN
7054478,29,81,47185.10552448112,594.0674914043744,17,42319,443,BENIGN
5119741,66,94,37060.30121500115,554.2714681005746,0,61003,443,BENIGN
5753770,34,81,56128.06407135509,447.0180875120498,6,17214,3389,BENIGN
1095689,27,98,94707.43096629893,378.61523367539206,0,55029,80,BENIGN
9302925,60,12,76088.62503328046,417.6150754626261,6,59442,21,BENIGN
4826276,39,62,68705.81531812978,217.46985427402387,17,30336,8080,BENIGN
8466821,44,13,41593.694439367864,261.7234013549689,17,23858,22,BENIGN
1921892,82,58,28735.98363816349,918.0150117320112,17,49411,22,BENIGN
5754168,872,35,54026.410329588085,40.34500316492333,0,46800,3389,DDoS
1539319,19,17,88544.35276612823,611.5342001567585,17,50386,6667,Bot
4589816,91,4,87674.25105113715,629.7102582453471,0,10883,8080,Bot
9683833,45,13,44551.494874921715,182.41149513231184,17,51630,8080,BENIGN
85495,471,24,24622.035323653658,57.87054998777545,6,6054,21,DDoS
6063489,21,43,22534.445025087567,1435.41230815535,6,16979,3389,BENIGN
7732705,23,38,3398.8416759375473,410.0419487926194,6,21552,21,BENIGN
8061892,94,11,84266.42462959465,455.7270748583653,6,1464,3389,BENIGN
7876475,89,60,26483.803383328795,1045.867643562958,0,31989,3389,BENIGN
9522567,95,61,35899.91410061667,139.27080422841584,17,23528,443,BENIGN
1093160,27,52,80921.61409340645,1362.837944942373,0,58918,21,BENIGN
3235963,98,52,12002.405177291042,198.47217470275666,0,58819,8080,Bot
4383130,72,27,46123.40788142994,1103.452456947438,6,28816,22,BENIGN
8602931,19,34,12234.137992133286,451.44231237073734,17,9870,8080,BENIGN
4169595,41,64,44184.85695113245,498.4317830548192,0,13558,8080,Bot
2612861,26,2,4713.957362873278,228.45007502581163,0,7528,3389,BENIGN
1995557,28,42,51762.28260134551,976.5799869095749,0,1691,6667,Bot
1013171,64,49,79570.97190713888,1196.591654580585,0,39951,3389,BENIGN
3275172,68,70,67629.66747911504,1426.3575316986826,17,44421,443,BENIGN
4817942,95,8,50916.90095774005,510.69316325469214,6,48475,8080,Bot
8676614,601,35,82875.87121491553,54.67123157376819,6,49055,3389,DDoS
3327886,989,22,22778.7974959193,55.09482399316286,0,43984,443,DDoS
5932672,74,87,83079.62849842788,845.6086356563637,17,21784,21,BENIGN
9573300,48,73,27636.34795881761,261.13895925610825,17,4646,8080,Bot
2146077,10,49,36248.63412007618,880.9942787497756,0,54416,8080,BENIGN
6714762,429,54,12843.020166049246,23.982766627286367,17,48173,80,DDoS
2226317,732,11,10175.475636221887,33.891042827155786,0,19918,21,DDoS
632831,19,82,93211.151878558,735.416204856323,6,25459,21,Infiltration
8750464,64,31,18997.824718497737,368.9047688607543,6,63284,443,BENIGN
2214926,19,23,33329.615506194765,1258.2848816305009,6,35185,21,BENIGN
3260902,76,85,52915.16989499332,1499.1542049120496,0,24882,22,BENIGN
8905965,62,66,34786.71326031285,578.1962700494299,0,8593,8080,Bot
4590878,13,26,87013.3283378779,1388.065683644795,6,7661,6667,Bot
9689165,25,60,90071.47634467724,1475.520983717431,0,18963,443,BENIGN
5149487,89,18,32599.045739352063,605.5076629871159,17,37206,80,BENIGN
5397010,92,72,9202.769616671347,1080.100937086514,6,7300,8080,Bot
9869965,42,50,21015.823400717705,880.0169047050215,17,25087,8080,Bot
7827981,39,63,47439.29207350639,1088.846659271134,17,4413,21,BENIGN
32,1,0,28848.104223372782,248.1460471960875,0,52070,22,PortScan
7318998,5,1,45347.223753154496,562.7453626925839,0,13579,443,BENIGN
262299,81,35,75870.34997208726,112.94110031463767,6,7760,443,Infiltration
2870624,18,92,42063.84337756885,927.5598823857445,0,56989,21,BENIGN
1137373,21,10,19699.745620793863,1391.5107147760298,0,12242,443,BENIGN
7441637,86,97,35796.76405849324,849.2192035359895,17,40159,22,BENIGN
3867393,50,67,74298.12181485331,124.09079838482734,0,42895,6667,Bot
6107611,6,67,42406.21202137779,1396.958551850745,6,29697,80,BENIGN
33834,50,63,24953.78529710386,216.78806775676588,0,1995,22,BENIGN
213399,80,0,42741.16392073318,1326.75331497875,6,32380,8080,Infiltration
2771134,252,88,45480.668768265976,32.26081881142326,17,8432,8080,DDoS
8531436,1,25,29637.72047770482,961.8242778022243,17,58484,3389,BENIGN
671353,57,10,99568.50891930389,888.5344444849515,17,64386,3389,BENIGN
9941893,30,86,76762.60188886573,214.100837965361,6,4871,21,BENIGN
6688404,58,1,69245.49869540932,761.2487535145792,17,16932,22,BENIGN
6911716,52,82,85486.69845701441,311.10569676401263,17,50612,3389,BENIGN
1006252,37,92,66641.9195765446,866.2401307040176,0,64822,22,BENIGN
6615479,48,39,79098.03430551122,682.0687417204664,6,53463,8080,Bot
9082520,87,3,41252.5644518723,1025.9198314484518,17,51760,8080,BENIGN
5626311,1,79,50037.17699093278,1474.0956041960706,0,40948,21,BENIGN
62,1,0,4699.638330284939,554.3027973512687,0,38104,8080,PortScan
3993867,289,60,28064.639140881576,69.38148505896223,17,13882,3389,DDoS
3825191,67,90,36801.2409233316,1299.3222512697212,6,35387,443,BENIGN
9040876,2,4,62547.02254193297,157.5314176553478,17,32088,3389,BENIGN
6914252,56,14,46421.12847939034,1204.3641706758203,0,44109,6667,Bot
5015651,484,86,60783.82624232994,52.94386908691807,6,53366,8080,DDoS
8026361,813,66,71332.73345138818,45.951040214968685,0,25005,21,DDoS
6636493,82,81,4271.866766767052,1487.4221290317762,17,62307,8080,BENIGN
6701454,97,25,25827.77470036145,1476.3970765770248,6,51518,443,BENIGN
3689738,79,5,17090.387254473237,487.38050643276046,17,10878,8080,Bot
4486956,22,43,18745.511917097123,215.00917512267057,17,12494,443,BENIGN
6955753,690,57,50312.539563199156,55.512407231891615,17,62111,443,DDoS
9583763,55,80,73997.87764999253,1342.4235637984116,0,6465,80,BENIGN
1209057,32,45,27277.703392537733,931.7272064313779,6,44628,8080,Bot
6232402,60,41,82444.92381357122,67.96737547953455,6,61443,3389,BENIGN
1141866,83,47,89245.6517208574,1131.8948796560016,0,26268,443,BENIGN
9165352,28,26,35053.387202035236,258.0657155972741,6,41136,80,BENIGN
6259571,28,19,68135.65389542253,1415.6714821167502,6,24924,8080,Bot
524758,74,69,11704.929408510812,663.9865832996786,17,23318,443,BENIGN
5619336,84,34,74402.82854858218,930.3711000965591,17,32642,8080,BENIGN
9175626,25,75,16502.387547661878,435.9983091364004,0,11573,8080,BENIGN
55,1,0,68741.58037710209,723.1123059677503,6,39675,21,PortScan
3296,78,66,42190.00034601844,1136.860544765013,0,43924,80,BENIGN
9938356,86,67,92845.63216185407,748.1845124573807,0,20559,80,BENIGN
3658019,26,51,46446.05818323972,1273.8520476140282,0,54315,443,BENIGN
6129977,75,67,3090.2817467594714,1075.280605279368,0,8083,6667,Bot
6105761,71,3,48066.90362458969,134.49216701072845,17,64440,443,Infiltration
7142827,17,38,79549.87438599931,918.1163983572087,0,58820,80,BENIGN
2603780,82,20,64708.43308868499,926.6471603372653,6,10223,8080,Infiltration
9858725,779,65,96631.5196614674,45.93712397177211,17,14041,8080,DDoS
6209874,56,15,84327.24900647458,497.6314127616736,17,59590,6667,Bot
858911,386,6,52655.16628975629,80.59758557132602,0,64179,8080,DDoS
4064437,216,82,20652.05656053981,33.36335474893904,17,61647,443,DDoS
3636219,820,96,377.46298221230654,24.490778733866698,17,9104,3389,DDoS
3557095,75,8,98050.23970013682,1427.5729583326913,17,58561,22,BENIGN
1667208,303,16,93831.96983026701,72.05643380758181,17,2059,8080,DDoS
2853607,16,90,27414.399407519286,700.8908876401712,17,57273,3389,BENIGN
7593648,872,96,63821.57862237271,38.4463321402902,17,48844,80,DDoS
9013296,27,11,72923.95628861537,1172.5790636354589,6,57732,3389,BENIGN
7793504,51,56,57801.3461032595,731.0747195302399,17,25423,21,BENIGN
2154427,75,44,84296.16748380978,132.12154706916107,17,51325,8080,Bot
4070181,16,10,7782.4648432013755,1175.215675727749,0,15707,3389,BENIGN
9538835,841,12,89649.40341502134,71.46834212235552,17,41031,3389,DDoS
36,1,0,39201.901116649206,1274.3101032275304,17,9655,80,PortScan
8173642,76,76,48069.002157479146,514.552201060752,0,59099,80,BENIGN
2350816,40,25,44473.365042167214,964.5966273540037,6,21805,21,BENIGN
1264108,67,62,53128.62229693549,1115.7985903098368,6,53831,6667,Bot
6457042,2,30,59816.84718857535,72.08484868248092,17,32092,6667,Bot
2768754,48,21,71034.34329791919,589.2291726508936,6,21624,80,BENIGN
7062044,842,5,52494.03390752041,24.68334187632437,6,34577,8080,DDoS
9770920,214,19,68477.32560088903,39.76776983827023,6,15347,21,DDoS
9647820,93,84,33829.74435907006,1082.2991311070057,6,55595,3389,BENIGN
3876445,98,9,93668.08702579868,1346.2889230292412,17,20010,6667,Bot
6057274,84,82,6453.1019799769165,142.4295533087741,17,46287,6667,Bot
2233514,82,34,54554.060856109354,126.29656326460115,0,7641,8080,BENIGN
6134778,78,25,8739.617602171467,1076.0169123484395,17,21717,21,Infiltration
8393039,82,70,44276.70360369304,609.8217966767677,17,2382,443,BENIGN
1566076,2,36,25758.23576528299,732.8142666513905,6,44108,6667,Bot
3976908,65,7,93690.34495826476,914.3877327013532,6,43157,22,BENIGN
7630825,20,4,1307.5386385943411,1479.19336338602,17,31995,3389,BENIGN
8601562,34,43,39120.36311414571,119.40591019466257,17,44603,22,BENIGN
4744453,41,99,78204.27497069545,181.16443635075376,6,1236,8080,BENIGN
1553516,172,91,18846.141265146576,32.31070853561454,17,8766,80,DDoS
7260319,75,66,81558.82046662529,50.37590651122839,17,22001,21,BENIGN
2956256,91,71,85972.50878248239,686.6731642780379,6,31511,443,BENIGN
66,1,0,70800.299964577,1165.6950686551172,6,63168,22,PortScan
1133343,38,90,20906.918242617077,308.9978551304577,0,42012,22,BENIGN
4777,406,48,27203.865658156235,43.25386486341394,17,36736,80,DDoS
8593288,67,35,16693.472869536196,479.17346961236626,6,29563,8080,BENIGN
130434,62,79,18406.373720139967,242.01530159411823,6,41472,80,BENIGN
4557985,12,25,3649.229647537533,1024.2582235083978,17,7240,8080,Bot
5162525,948,44,85731.50811982666,46.30842025063234,17,59156,8080,DDoS
2509063,95,60,52850.228742783576,355.74915778780434,6,52429,22,BENIGN
7820807,768,43,32775.922388705156,59.61574441564643,17,4763,22,DDoS
5827416,65,3,28957.699606340804,1451.664796026145,0,33425,21,BENIGN
558845,41,75,54469.62964475864,1372.546207105441,6,15354,8080,Bot
8955527,20,80,32668.482178994906,1299.4551598478447,6,23603,6667,Bot
8582951,6,57,86371.7975010348,805.7672733251746,17,26602,80,BENIGN
37,1,0,21095.74350369108,460.6726872444667,6,64833,22,PortScan
14,1,0,88230.17914128528,1064.535423844433,17,61042,80,PortScan
617523,4,78,66409.24530034291,596.5743740732133,0,10465,80,BENIGN
8979350,93,97,95662.922045497,1171.3052954781897,0,43607,3389,BENIGN
9025739,790,28,1510.7241635693435,61.61109162399663,0,16445,3389,DDoS
2865993,922,8,5909.556571115649,70.40784311450236,6,23570,3389,DDoS
1250944,93,77,50089.45939365732,519.2787325961109,0,15105,8080,BENIGN
916194,38,35,91237.88300320483,388.5926766369526,17,8901,8080,BENIGN
4289461,692,3,73079.4951530145,46.532169735587566,17,30006,22,DDoS
9475693,8,58,62213.59325193333,994.3925337444429,0,61006,22,BENIGN
246989,81,36,3160.215566018376,74.8594233565205,0,61880,80,BENIGN
6719242,83,87,35416.37884126093,1422.5943513035136,17,24074,8080,BENIGN
1465188,63,80,34585.28929028573,555.5424935027693,0,25593,22,BENIGN
6147978,33,12,54208.56822599057,1377.7635653104965,0,52879,8080,BENIGN
6615416,15,19,25782.77793467618,883.9055824917182,0,41715,443,BENIGN
5269362,31,16,26715.571517776003,985.8338998526095,17,1108,80,BENIGN
4184351,21,50,62086.08000767593,1441.563055913569,17,65469,6667,Bot
6838263,3,90,94456.75433141566,1236.8519739056421,0,55834,8080,BENIGN
4275642,66,54,66017.91036366954,227.25181484476767,17,25365,22,BENIGN
5236940,35,32,66813.01239810351,27.72702463813455,0,64514,6667,Bot
1743327,41,20,98621.48133881156,476.7093229057976,0,5890,21,BENIGN
7660164,59,80,15347.816706979012,743.0356396936829,0,47346,80,BENIGN
46,1,0,3383.4774200360407,1103.5818389218239,6,13716,443,PortScan
7170464,56,24,74551.39507462982,998.3516029515982,6,4138,80,BENIGN
3974509,45,66,43878.74331898721,483.0271336869137,0,58053,3389,BENIGN
177316,59,90,42882.33547520063,822.1540639617679,6,4696,3389,BENIGN
4649392,50,90,22530.337636303233,983.3813077166652,0,62696,8080,BENIGN
2176612,465,11,50686.304051903855,62.561699422839595,6,30203,8080,DDoS
3683560,12,14,44217.23437248732,1039.6819581425016,0,6948,22,BENIGN
8512370,92,83,34545.00078463286,738.1230158435366,6,35165,22,BENIGN
1818452,12,85,44274.51593384188,803.9338103357476,17,43447,80,BENIGN
3244671,33,1,38383.47707228899,1412.3474333400939,17,27174,6667,Bot
2894658,84,3,93989.63580895367,595.954028891337,6,6035,8080,Bot
9025146,49,44,98025.16574758354,1138.4468500689427,0,39744,3389,BENIGN
1480275,21,12,83990.0932511754,515.3212883254225,6,57506,80,BENIGN
1829584,60,54,99041.4091012125,511.1447123786213,6,31018,8080,Bot
1667790,52,31,26571.942902918,1391.473963375111,17,28633,8080,BENIGN
4419525,54,21,84292.51099189397,1054.033828025522,17,13332,8080,Bot
7217137,39,88,40662.9011902621,1394.8582662068059,17,30729,21,Infiltration
5017326,49,90,74613.63977777534,1491.9805637740976,6,60460,6667,Bot
2746253,64,54,20139.264063047325,20.300684487712495,17,20060,22,BENIGN
8361027,86,16,81195.60897413072,1475.0623685623411,17,52266,8080,BENIGN
1104288,26,69,8346.44261569195,169.28866512432137,17,28851,80,BENIGN
7292596,71,50,27055.770671640366,124.20899030808523,0,1320,80,BENIGN
5125714,7,79,82195.26168471556,1156.3585110382544,0,64888,8080,Bot
3783212,72,7,74715.92218218514,538.2732089183486,6,2154,6667,Bot
2306669,945,60,50124.67549912892,99.20938617994692,17,53160,22,DDoS
211563,90,96,67279.27742902089,825.8697220187939,6,9932,21,BENIGN
7185400,88,9,18557.402449592963,591.4452327519884,6,25005,8080,Bot
268702,24,97,66776.36223462799,128.68731291801163,17,54159,22,BENIGN
2394920,40,18,797.6167341492535,707.6610606295219,6,13947,3389,BENIGN
9050921,76,13,83321.58673815061,431.28864639401786,17,12400,3389,BENIGN
5545601,47,66,51628.76079989436,133.3873896298876,17,23928,443,BENIGN
4737012,8,54,94387.84516095817,1012.1750240657384,0,29742,3389,BENIGN
2507820,54,60,47816.42673227818,1466.458587576622,6,17051,21,BENIGN
3742949,9,55,43308.72823263411,580.793438386887,6,10523,6667,Bot
8482184,3,62,45005.281239781405,459.9520824808474,17,38218,443,BENIGN
114660,54,86,35972.862027529605,153.14108165955275,0,54507,8080,BENIGN
5115111,346,10,16667.508384265395,36.85114207199376,0,10077,80,DDoS
1350087,95,46,84206.27269455057,441.7589297016405,6,25226,443,BENIGN
9257949,48,5,38908.54077582948,529.3799069973757,0,48412,8080,BENIGN
549756,210,33,52910.84281888585,32.216464618409304,6,48881,22,DDoS
3580985,88,64,1988.6916463436432,190.01156353453356,6,49591,8080,Bot
7544122,68,98,6025.387271399907,106.46739186631147,0,49400,80,BENIGN
3403309,84,88,59718.32294778445,1397.2610895924674,17,22219,22,BENIGN
2995885,63,63,87922.80825136088,1202.7992638825008,6,65223,80,BENIGN
3980225,16,92,49339.58280260745,431.76868863472737,6,55352,21,BENIGN
6901113,958,86,16497.45806050633,87.40512818224224,6,52660,443,DDoS
1826729,90,81,11612.73143659689,896.8885741038605,6,43081,8080,BENIGN
5718465,93,77,89978.80013929239,1119.6556636293867,0,56315,8080,BENIGN
8290085,5,80,70163.7854015257,1291.7558285010518,0,23670,443,BENIGN
8480387,11,65,96619.55545114572,549.4730344844866,0,50746,21,BENIGN
1339183,29,30,8234.862134389965,998.0313344334788,0,18722,80,BENIGN
5404772,79,82,90261.28550234131,1207.0205429386663,6,42931,22,BENIGN
3703467,70,95,84563.2312526816,1054.95557121605,17,41763,22,BENIGN
7975443,48,61,89318.51829241538,1384.7606710311438,17,22860,80,Infiltration
5934485,15,53,576.2956607139547,752.1374300235259,0,46137,3389,BENIGN
3890802,84,91,74190.34805271946,1207.908078076923,6,38387,8080,BENIGN
2374251,34,7,54893.811416163895,1366.4172688048727,0,42714,443,BENIGN
77,1,0,57317.94337584198,844.4382548236621,17,33511,443,PortScan
7601809,62,40,46920.19873527557,45.59442846019167,0,63745,6667,Bot
177576,2,58,74267.69177482193,1230.6523856180615,6,12059,443,BENIGN
56,1,0,99983.92904764046,1272.1302778048846,6,21985,8080,PortScan
50,1,0,71053.83592741634,611.7789779624698,6,6612,21,PortScan
8306142,98,23,67805.04160393229,359.0355487518959,0,50501,80,BENIGN
2950008,49,37,65443.771568008095,1467.6609150742536,17,24638,8080,BENIGN
6476725,78,1,69521.16698473576,836.4029019415193,6,24755,21,Infiltration
1931541,88,40,34211.24674308325,783.9459345545521,17,56123,8080,BENIGN
265133,28,18,32021.97436664187,1420.189955473377,17,62694,21,BENIGN
9524438,48,1,78433.79782705063,623.9837261980877,0,13145,21,BENIGN
6500098,96,91,5308.8017352965535,1275.241277372468,0,20643,21,BENIGN
9545357,37,95,75924.77382033839,1056.9636053408237,17,10599,8080,Bot
5462874,74,61,81384.15851695686,1452.2187507432377,6,12497,8080,BENIGN
5818912,49,82,52159.795958626775,654.4033949760012,6,21481,3389,BENIGN
6111153,48,15,91014.80954130153,1363.286314708934,0,17267,8080,BENIGN
842429,73,93,47308.74371471845,861.9434613954506,6,9770,8080,BENIGN
9582290,88,21,17808.66680958444,724.2971791876355,17,28070,21,BENIGN
7743443,543,13,36139.86487066728,52.82924791613759,6,45188,443,DDoS
9277684,60,55,90586.75059310862,837.9930641508496,0,16089,443,BENIGN
9980278,29,64,99373.82883243871,867.376880016735,17,25802,8080,Bot
174688,58,44,42185.39669894834,1349.6188812912867,17,22193,443,BENIGN
3773718,48,53,16684.654559365787,1062.0119513407947,6,55055,3389,BENIGN
7636905,23,65,28632.928023413784,1243.1810136156414,6,33234,443,BENIGN
1530432,27,85,55329.6342513964,1158.3124538775044,17,2611,443,BENIGN
4739123,214,45,57209.591827714656,87.75069485348578,0,34244,21,DDoS
7527937,7,32,63005.940669357995,324.58039628906164,0,14918,8080,BENIGN
1033390,49,78,83535.3372572547,402.55240646861773,6,36866,3389,BENIGN
4625635,138,49,71121.41516880278,53.97512085280856,0,2136,3389,DDoS
6847229,68,21,26084.022650250692,591.2236467688448,17,17289,6667,Bot
7458236,78,39,39504.40606960004,987.773057573854,0,34866,3389,Infiltration
3158646,42,38,83981.65838040135,814.7266886117014,17,37316,22,BENIGN
8870146,339,40,63338.26706057111,21.73478894771554,6,22175,22,DDoS
4768524,59,74,16641.80482447235,547.0257110108151,0,65532,8080,Bot
6070343,44,67,32553.880408031855,323.81112414485267,17,9695,8080,BENIGN
1258642,98,6,79109.09124309014,320.0820597492026,6,61572,443,BENIGN
9509488,547,84,17209.41233233806,49.98984303146176,17,37110,21,DDoS
7350053,23,70,69105.06527207795,263.15624330731634,0,3957,8080,BENIGN
4072191,73,3,56353.653623157305,607.8074150131747,17,25258,6667,Bot
9692848,8,75,14747.490640114513,334.9924593085455,6,37586,21,BENIGN
7414540,311,90,68887.89240309365,68.81045457868854,6,19851,21,DDoS
3793968,14,58,14234.897065516972,930.8228413939634,0,21662,8080,BENIGN
1591811,71,80,39843.55791096812,584.0649508307586,6,19920,443,BENIGN
1628953,7,83,30855.99245245203,210.50192891106764,0,10389,22,BENIGN
2058821,364,94,69000.99526869575,55.804380968384635,6,24122,443,DDoS
1960491,3,25,78236.23566066523,718.8694070274531,0,45045,22,BENIGN
4657548,78,30,16831.65819559135,1458.681988162571,6,49459,80,BENIGN
7392467,17,98,81199.67425989418,420.74664702622107,0,54830,22,BENIGN
6156325,44,72,721.4055994557822,302.9617282207207,17,47601,8080,BENIGN
4076873,86,68,53005.8547342533,346.6114590001894,17,19304,22,BENIGN
5393433,989,51,51678.888987467384,56.74743748466337,0,24533,80,DDoS
4512221,90,71,62382.14307518197,1373.7325647853716,6,65532,3389,BENIGN
6908108,58,20,23970.0530334675,131.25400340048924,6,16688,3389,BENIGN
8447780,28,15,985.6829930201427,1128.9470415254032,0,31031,8080,Bot
3883437,14,50,45476.29161413994,752.0178858960587,6,15321,443,Infiltration
5900826,792,15,7140.6211258254525,99.86527536361936,0,7710,22,DDoS
2163943,26,17,89219.38868068681,643.8278777007251,17,36086,8080,BENIGN
2762694,2,46,17366.63256891734,27.720052481652925,0,28346,8080,BENIGN
61,1,0,42523.29674986606,1030.5386375597654,6,8426,21,PortScan
4201490,278,27,43400.03902403837,63.530173398587316,6,31557,443,DDoS
8778670,34,81,55286.46478382048,1354.9912193466691,0,2379,443,BENIGN
3477999,852,77,78253.23487703972,75.75518041479938,0,2218,22,DDoS
9190388,39,55,47214.81505087796,200.63178183985548,0,35290,8080,Bot
4131379,82,36,2575.326722047311,567.3552734538225,0,65104,8080,Infiltration
9331237,438,15,77111.04111750895,77.67783372681859,17,36681,21,DDoS
9975846,5,84,8217.33146208915,751.7311890110618,6,63852,80,BENIGN
17,1,0,64155.32922588642,1054.8818425071422,6,59396,22,PortScan
1365365,23,59,80342.95086518954,26.940731371022586,0,1539,443,BENIGN
3242322,88,60,28269.017248104377,128.0434628114049,0,54758,6667,Bot
8504689,29,10,44910.648168403124,1028.12215530398,0,40590,22,BENIGN
7323033,663,74,1433.5842185816628,20.013700429438018,17,59265,21,DDoS
9710722,26,65,80387.51995898855,594.5162978076793,17,22960,443,BENIGN
27,1,0,70326.10899208192,970.3567094262481,0,62775,3389,PortScan
9112779,57,18,23138.739438784305,185.78145052322594,6,2695,3389,BENIGN
3256605,1,55,39022.61978657893,1252.4083658301133,17,33551,6667,Bot
8791349,28,4,69531.65018011114,233.76270504151373,6,15295,443,BENIGN
4812156,751,2,35816.31218512067,64.19687825557575,17,33022,22,DDoS
3776864,47,27,16241.47755576998,453.2720261850607,0,20179,21,BENIGN
54,1,0,51850.55288779082,404.7570298748958,0,39191,8080,PortScan
4849766,98,86,72356.75702864399,1235.4717544976154,6,22266,6667,Bot
3399718,933,93,32080.950700294587,97.04450204545302,0,4066,21,DDoS
6725730,31,71,12177.227164445781,324.13672176284314,6,16694,21,BENIGN
3404729,70,99,82954.41618119768,23.768451348750467,0,1717,80,BENIGN
2192948,455,28,25280.18664471231,80.06582582622552,0,40144,80,DDoS
2773319,5,76,51281.495410660646,658.4515599014438,6,47428,3389,BENIGN
4865012,376,58,69134.31494892431,47.23419363662956,0,48077,22,DDoS
1644273,37,24,31707.520039422077,94.46558760243593,17,7885,8080,BENIGN
9357932,79,21,64863.65373724183,1343.7171346394248,0,46829,8080,BENIGN
29,1,0,45970.95064415283,228.0697899870307,6,8682,21,PortScan
8625144,779,70,57043.665512384614,49.16569684111451,0,25403,21,DDoS
5545736,69,22,59057.61036169427,643.233764578984,17,58526,3389,BENIGN
5780718,92,69,82415.06868968862,1218.9565081944988,0,12819,21,BENIGN
13,1,0,65632.62734353365,552.0106155682536,0,15820,443,PortScan
2214278,11,78,26430.66921844105,806.5645626821636,17,24575,22,BENIGN
74904,43,39,5960.434113844626,654.5225750695281,0,7221,22,BENIGN
2976977,70,97,198.5544075132739,481.5301487918984,0,38280,6667,Bot
3789614,23,13,90441.73847669955,1420.5285656652502,6,42227,3389,BENIGN
4957207,40,28,94211.00518022063,1199.3776800232367,6,37537,21,BENIGN
1972971,63,15,9411.148766466793,278.0423807627003,6,39627,21,BENIGN
1940583,334,92,48705.3618282248,44.28937582291372,6,55015,443,DDoS
2911998,79,86,15159.520346053445,1198.908976242083,17,55631,21,Infiltration
8876043,87,9,94874.90867040846,878.0891594904868,6,63680,21,BENIGN
5227465,86,46,24683.251682252372,750.7933521539778,6,8335,22,BENIGN
7689362,73,3,50164.70955969989,126.64790821101072,0,24389,6667,Bot
3509263,47,11,16562.019173291676,176.97869898961955,17,30931,3389,BENIGN
49,1,0,33276.10845030623,382.95451209700934,17,36741,443,PortScan
1261502,16,97,26680.63609271809,779.8271029683701,6,9506,443,BENIGN
9755559,59,3,47542.60429721856,1481.1990931614487,0,6760,8080,BENIGN
2126128,47,83,41978.196202214844,1207.3539642736816,17,63986,6667,Bot
2985132,30,91,33079.77946003753,182.87548068716228,17,42114,80,BENIGN
3077295,9,91,10587.761764841209,1081.5439026742897,6,22804,443,BENIGN
2326444,65,5,48448.70220069482,1219.4975819756378,6,18822,3389,BENIGN
6103907,59,13,85020.80180915524,633.1096519449917,6,61773,443,BENIGN
1076937,622,34,73022.3336585566,70.41666161745857,0,58269,3389,DDoS
7446733,8,46,72057.48841626695,885.2303539757328,6,13589,8080,Bot
5717567,52,57,36609.17367453087,788.3472613533123,17,27789,22,BENIGN
9926454,18,64,70841.90806820514,412.51613657941647,17,39862,8080,BENIGN
1629140,91,18,46553.14813999186,608.1191892627514,6,4952,3389,BENIGN
3663389,82,56,15027.60908381693,825.7675241084971,17,56386,6667,Bot
2916696,96,64,41904.9749978051,878.2880620777375,0,47492,8080,Bot
7966573,672,12,13273.863103159745,27.785239175625406,6,29380,3389,DDoS
6186041,49,7,11448.281890653589,1272.2391164090943,17,16242,22,BENIGN
4127536,32,17,2305.9308457610728,66.98265888521276,17,49210,8080,Bot
4867040,383,34,28285.430096941654,43.2000331042311,6,39657,22,DDoS
25,1,0,33087.47842419448,1129.7537484930617,17,9608,8080,PortScan
384183,54,25,69944.37129384927,984.6382526894275,17,28156,443,BENIGN
8920306,85,37,53800.478488478366,1379.0346111891542,6,64687,443,BENIGN
5608068,46,83,85844.9712053312,890.2711225386871,0,54248,8080,BENIGN
6769652,96,65,17647.06267056565,964.4633411864439,17,45157,3389,BENIGN
9054960,31,25,26595.664585981405,1063.321796981699,0,52260,21,BENIGN
3050898,559,56,94107.61111434158,59.85715805803599,0,16707,21,DDoS
2536147,16,99,44404.52477798144,1134.8011374099283,0,16275,80,Infiltration
6464243,46,24,78905.09430486558,463.83666504068316,0,26196,21,BENIGN
3255092,46,29,49216.76486494891,648.2617464971478,0,44465,8080,Bot
4797763,78,81,47108.56570257476,40.729622327472605,17,11759,8080,BENIGN
9085070,360,6,14811.628802964238,62.81736562776537,17,43543,3389,DDoS
6269291,89,26,85119.96109485862,1431.1694833058364,0,55163,8080,BENIGN
3535543,61,10,7835.528054763463,109.08260775349102,6,33478,8080,Infiltration
1932403,46,7,31026.10946530415,960.0962660597684,0,45037,80,BENIGN
2751921,51,10,67346.80717201794,1441.952440713992,6,36989,22,BENIGN
7314995,62,87,50725.755080802985,918.2131666245332,17,33782,80,BENIGN
6526040,35,29,88137.83269715362,1200.967461038351,6,11568,3389,BENIGN
427041,81,93,3929.7952787915924,194.83060155407094,17,62719,3389,BENIGN
4850324,42,14,64940.75194997302,382.3776638363948,6,10631,6667,Bot
386454,45,55,47746.54706271249,531.6875867634694,0,63050,8080,Bot
88,1,0,15431.182346765094,1472.1266414899608,17,25072,443,PortScan
935809,75,38,74325.19071125935,1177.0313961399363,6,44653,22,BENIGN
2485278,47,23,41130.6855406024,1330.7810468520674,0,57800,6667,Bot
6379122,469,7,53158.19042366835,68.59261357209665,6,18437,22,DDoS
5477730,546,42,96726.60663631083,83.77799888413361,6,14887,21,DDoS
6288993,24,41,48623.00810251886,1102.7161154440078,6,1872,22,BENIGN
2085569,66,83,82337.28655586428,862.0061300507781,17,53173,22,BENIGN
1346465,43,40,76957.75233412442,1319.3943430424602,17,33484,8080,BENIGN
1136178,34,46,66275.4591513799,254.2118144178234,0,39276,80,BENIGN
8875306,626,25,89681.21433503336,33.058914144149,6,24208,22,DDoS
6062925,515,51,25160.16469371809,38.001217861710046,6,43314,8080,DDoS
533137,948,87,82077.12314676632,89.78502424837784,17,51201,22,DDoS
8973641,37,21,37778.74883973425,109.26792073005832,17,45213,21,BENIGN
8602641,13,4,81249.08900812213,640.2528994027814,6,16287,22,BENIGN
9390428,97,14,49378.868454551106,316.7484133433508,6,59185,22,BENIGN
427809,71,35,85770.92529432359,1189.418295748312,6,23779,6667,Bot
8644247,96,62,89484.35376929863,878.0808912289593,17,35014,22,BENIGN
7352345,7,92,59764.38756841155,553.6774186458814,6,8955,8080,BENIGN
1750966,42,78,50762.69568312449,444.0853298756585,6,27023,80,BENIGN
3777273,38,90,78328.01433323343,853.4444721531937,17,62546,8080,BENIGN
6233207,52,48,26698.62031791733,662.3231061646633,17,45006,3389,BENIGN
5275563,44,54,1534.868124891442,102.4880667512322,17,20918,80,Infiltration
4847484,64,71,40709.45827547695,1004.4821045502972,17,32184,3389,BENIGN
6371500,396,59,50777.41328967769,86.49271405268614,6,20941,22,DDoS
5234848,88,56,29726.271943875647,429.8114006337023,17,53292,80,Infiltration
8400828,28,28,38336.18817377674,449.8143532335108,17,22963,443,BENIGN
23,1,0,13305.823291609464,690.1211980541782,6,32454,3389,PortScan
4817267,82,94,27728.990336779403,1244.8368438423395,0,46254,443,BENIGN
7731545,98,72,24009.534791457354,646.1148588657114,6,51744,8080,Infiltration
6830807,177,9,30098.685382677017,85.725657968023,6,62847,21,DDoS
6106528,972,9,29905.411054065244,36.68926231850961,6,62305,22,DDoS
4746020,43,96,55896.83710476134,1248.2714854779636,6,50583,3389,BENIGN
7162617,609,88,25059.694019607272,24.66053378665631,6,15551,443,DDoS
26,1,0,94096.12633398885,50.44934030993467,6,34900,21,PortScan
7517575,436,53,51127.483036333484,61.873188702836785,6,36695,8080,DDoS
6924085,60,55,12896.600640976741,218.34855770372297,0,62052,80,BENIGN
9222738,1,67,27960.62705242839,200.73830946180965,6,60879,22,BENIGN
6101670,51,68,72975.7496135654,692.627267382638,6,16699,3389,BENIGN
8032404,16,86,1365.903838072746,1150.7704258864571,6,46800,8080,Bot
2266698,39,54,93781.7986196951,1442.766054446601,6,56348,22,BENIGN
1776338,15,68,44517.69217258062,638.3156046723259,6,61713,443,Infiltration
8451492,33,71,52107.90229509967,1038.952082114793,0,28857,21,BENIGN
5127836,87,80,98841.2235839528,960.5502294855547,17,2095,8080,BENIGN
5897262,53,0,50340.30859993316,601.9116312551267,17,62730,22,BENIGN
6508776,98,11,94774.39944619726,1087.2628079769465,6,64898,8080,Bot
4910762,17,34,91523.11157931542,896.0876033711592,0,32425,3389,BENIGN
1995227,89,77,94131.55286662128,1144.710491283638,0,53393,8080,BENIGN
7776704,6,81,81237.30574923639,306.6000812824062,0,59407,22,BENIGN
9897542,31,73,29639.80845577312,553.2016501993768,17,28968,6667,Bot
1035208,69,78,34638.248378598146,1013.4084323993274,17,32756,8080,Bot
478465,40,32,36498.40681806409,204.7091245191176,0,60864,80,BENIGN
5156471,30,82,97918.08396121951,1160.1884006238909,17,61994,21,BENIGN
2074342,69,97,36075.55039721486,217.49086296879847,17,29098,21,BENIGN
5232861,76,24,10868.93092183805,500.1921435306231,6,58714,3389,BENIGN
5123069,7,15,77832.88946351517,371.54243653570364,6,40222,6667,Bot
494309,13,7,36606.329158205255,110.25863119336091,6,16876,8080,Bot
9002106,4,34,62093.59117258434,420.5721185978702,0,4379,21,BENIGN
1534330,50,84,92436.0412263967,1369.0365897399272,6,24551,21,BENIGN
6556510,3,82,57550.55767780443,59.854397484189555,0,53810,22,BENIGN
5451251,12,45,63770.01783578879,44.906817453000514,6,23066,8080,Bot
852080,65,10,64286.2564465136,1062.3149349132912,0,34168,80,BENIGN
1766399,27,60,61239.91857585152,562.9674741657576,17,20859,3389,BENIGN
4020118,50,43,15976.93774809541,360.0167967347401,0,28069,443,BENIGN
6691991,77,10,45641.54147487555,773.130783796999,17,26531,21,BENIGN
6886708,271,10,766.4019977058456,89.603423583634,6,35643,443,DDoS
7458503,72,21,62626.480407533316,600.1865253485724,17,59131,8080,BENIGN
1662756,32,84,57535.82950262389,1078.69785526578,17,5864,6667,Bot
48,1,0,31813.721924082107,193.02245543489838,6,11482,80,PortScan
5309168,51,81,52389.550317020374,1440.2911877826596,0,37944,80,BENIGN
9623307,17,61,49305.77819080767,82.9424527181994,0,22190,22,BENIGN
4956880,34,47,25091.52159422512,1213.675285885778,0,38001,443,BENIGN
8949554,746,93,29328.754809259295,39.00135065417781,6,6873,443,DDoS
4323342,99,62,76254.09966287506,437.4925741488085,0,61685,3389,Infiltration
9584015,24,50,75573.2319181729,195.1178202973403,17,48602,8080,Bot
2871812,54,44,46978.21502398424,1281.5149085274875,6,41027,6667,Bot
36,1,0,71750.89524159796,1025.8252070970616,0,15154,22,PortScan
855756,862,84,45080.12802309361,92.33602409504427,17,15417,22,DDoS
6817223,451,59,85137.4034896132,31.322600140484305,17,19759,21,DDoS
3566668,48,1,33280.668220861335,1408.9657067047083,0,20453,80,BENIGN
4679120,33,12,92729.2499845401,618.2946863607436,6,45370,3389,BENIGN
1792463,143,65,54228.36505646709,43.847695994371634,17,10315,8080,DDoS
639022,89,56,53568.78610797507,1369.5142391082054,17,44334,3389,BENIGN
777967,873,42,67081.03843260437,43.863058967695224,17,28558,21,DDoS
3066561,1,44,34085.60108146844,705.612428676444,17,23150,80,BENIGN
5757011,85,30,72432.95709071343,1053.9556218081943,0,35439,80,BENIGN
1702524,293,9,32042.510263411994,32.08801358975033,6,52957,80,DDoS
4175352,10,22,39753.882995878565,168.26306814489095,17,32461,443,BENIGN
1185660,95,85,67470.34367930568,1350.0373779848278,17,45639,8080,Bot
8017006,25,28,37844.910130138145,1400.1587828228353,17,41848,80,BENIGN
6509987,84,96,19997.41226880607,403.7191954628969,6,59867,8080,Bot
9335009,57,30,87190.14587755068,756.1341511140919,17,48120,80,BENIGN
867938,66,77,92215.53807938861,1289.6554946343956,6,48990,22,BENIGN
1057980,557,73,62673.10498074485,89.82225382686767,6,33793,80,DDoS
3087814,28,17,81115.07711978535,733.3223656985724,6,25422,80,BENIGN
3478292,13,10,98665.2354774753,935.4143209769303,6,17084,3389,BENIGN
9960561,14,46,61477.475181982576,1155.8101827913188,0,55335,80,BENIGN
8856932,66,2,90879.26432500135,1005.1137309776417,0,58026,443,BENIGN
9695774,34,1,35925.47497203477,947.3186300214803,0,63535,21,Infiltration
5600168,99,53,70047.24358871861,570.0735748273978,17,48839,443,BENIGN
8151756,25,71,5580.546629684635,952.5090843314498,6,15300,8080,BENIGN
785990,615,30,78897.15556101449,53.007195422418995,6,64499,3389,DDoS
9310937,79,7,82980.31447295674,626.1460129378111,0,19512,3389,BENIGN
4806899,12,42,40117.54364739919,298.759898531391,0,16895,8080,BENIGN
8053124,9,47,63895.501587732964,815.6004057890825,6,31427,22,BENIGN
8586725,31,1,85836.11023923586,407.82687788121905,0,7179,22,BENIGN
3743857,78,21,88360.81645090503,768.7835363080325,17,9673,8080,Bot
5259345,163,4,10653.152431660095,35.25259611200731,17,8515,21,DDoS
5046628,53,6,82748.77465328973,662.3091879447934,17,5810,6667,Bot
7011773,360,19,27424.335192610026,31.779539915021733,6,16969,21,DDoS
2869021,38,91,72730.68963377434,350.01287822728716,0,9756,8080,Bot
8177139,264,76,32516.415349255534,53.67312822544588,17,12379,80,DDoS
3003325,72,1,5632.967063057715,1175.739051644918,17,19228,443,Infiltration
5637391,48,31,20987.070985110757,74.12754809222122,17,52562,443,BENIGN
5034353,67,89,40867.177582708406,1415.2297562223896,17,37234,80,BENIGN
4228416,66,2,74122.86200610425,186.59647707794937,17,61174,21,BENIGN
9055483,16,40,10070.36273123576,986.3547301286413,0,62719,443,BENIGN
3578578,83,41,81293.41249001598,836.2245607346273,17,62348,443,BENIGN
8072690,94,76,99695.10919624106,89.07581479663426,17,41912,8080,Bot
5927083,16,84,78825.76431791254,456.85644740195596,17,57441,21,BENIGN
6323717,31,44,47373.65200288814,1168.2633333077838,6,14381,8080,BENIGN
454629,58,86,56816.021084594635,474.1821638842199,0,30739,8080,BENIGN
9500474,28,70,616.0508302674561,730.891942837382,17,50129,80,BENIGN
7586388,4,16,20927.383785539743,1052.9668029107338,0,26682,443,BENIGN
7261611,10,91,89898.81314600454,125.92780893198233,17,64751,8080,BENIGN
8927911,51,46,2172.9402735185868,1252.2564559648974,6,17783,80,BENIGN
1311729,18,93,90479.49528969818,81.54014613596706,6,38947,22,BENIGN
900642,202,68,11325.26081281674,21.38307125705498,6,10752,21,DDoS
3954880,32,23,13307.412995883427,1149.339553130461,6,24409,8080,Bot
2945859,30,70,17534.991085692243,1369.5752245115866,17,25986,443,BENIGN
8683476,253,33,79938.53249551963,29.68448752767997,0,59179,80,DDoS
3353021,9,49,47818.657534237944,355.95905102160793,17,50358,443,Infiltration
61364,36,41,14519.663023004237,1478.8712547553432,6,60731,21,BENIGN
5094602,29,32,68680.18196653249,631.7346566699763,6,63874,8080,BENIGN
2459607,16,26,94068.83663257773,577.1477923309186,17,64596,80,Infiltration
3452197,92,77,57245.14742474719,1300.5485393312529,17,59838,21,BENIGN
7292406,21,58,9870.00057205385,117.98928510575368,0,41553,443,BENIGN
1218384,64,18,5475.060617753979,843.0005146681189,0,12958,8080,BENIGN
7088827,66,75,79587.23598757607,1449.1262611569352,0,60151,21,BENIGN
3080302,59,2,62608.3652374435,168.19289712874772,0,20707,8080,BENIGN
6002974,99,70,92265.73391246014,820.4565956444238,6,36668,8080,BENIGN
7519033,28,98,54725.01510479879,216.03579317229307,6,41008,80,BENIGN
5383282,769,24,6239.540324305337,20.295846841230283,0,53035,443,DDoS
4688927,31,14,40368.68499986502,889.8676121570708,0,6067,8080,Bot
6,1,0,65799.06885914179,367.2130080437263,6,35614,22,PortScan
5792919,87,59,38488.53509372631,474.42365956071063,6,48967,22,BENIGN
9010915,60,82,99959.1396740233,784.6138404674383,6,48984,21,BENIGN
7642239,41,22,40537.861367374506,1093.5151968195846,0,4016,22,BENIGN
9030772,81,10,54623.61264475501,741.4914313804752,0,5421,3389,BENIGN
865730,46,58,22539.203262367948,300.11359686824943,6,30645,3389,BENIGN
5387791,49,84,15213.820430219172,1068.034200920249,6,14035,443,BENIGN
4325101,65,33,64530.55385632509,195.17832199592294,17,28298,22,BENIGN
2972981,42,6,58861.27469156821,1217.9228025528403,17,56935,8080,BENIGN
80,1,0,433.88574062842576,605.4881730195697,6,2112,3389,PortScan
9698697,27,90,28478.153479774217,986.0116661886892,6,35284,8080,BENIGN
8557386,89,63,64357.95730129143,530.1562276849843,17,49808,8080,Bot
5811403,997,22,81224.93457324497,21.950837298921932,0,44403,22,DDoS
5280047,83,57,31236.86530398443,1335.9966288500148,6,48667,443,BENIGN
74,1,0,64743.63692888538,1058.0783193855596,6,47697,443,PortScan
9192497,470,26,26525.79301508462,99.78989814784045,6,6620,22,DDoS
8559631,60,59,69037.98946292362,1140.9680017045432,0,18761,443,BENIGN
39,1,0,69794.79986624625,760.3137756552378,17,19464,3389,PortScan
518061,362,66,13022.346551959008,55.9111372817853,0,15521,22,DDoS
1035698,79,1,66508.97839770048,1226.9726341762735,0,2451,443,BENIGN
2512002,977,21,33356.71816803697,78.31398228147384,6,16094,80,DDoS
7169258,32,69,17259.49315926274,484.45490320212724,6,1666,80,BENIGN
3640477,722,35,50036.12327737742,78.96645989460245,17,16000,443,DDoS
164044,83,23,45229.668390872124,759.8948161301815,0,22331,8080,Bot
3022445,71,11,77387.4811061997,326.8123668660717,17,38752,3389,BENIGN
2969952,69,80,8451.550916121852,1319.7934715952272,0,57649,6667,Bot
7950730,58,21,78975.32688317809,1187.0884407798555,6,26247,6667,Bot
5724927,698,82,10608.236210929566,90.4325980766067,17,18321,21,DDoS
6800641,759,72,20745.90280790619,28.299662722288623,0,4893,3389,DDoS
4756104,48,75,51588.2118329671,96.7647725120573,6,40032,8080,Bot
1358554,51,95,46317.46000224245,459.7372419212364,6,31637,21,Infiltration
7690069,882,94,98885.89747340481,62.05380014897059,0,17232,443,DDoS
57,1,0,58947.371326243934,1312.5317269268814,6,48617,443,PortScan
9459512,37,22,32743.55952469139,642.7585648329411,0,46600,8080,BENIGN
6412183,87,73,90014.88685439856,535.0792097191741,0,52501,80,BENIGN
7875739,75,62,31221.495678250365,342.49066089236123,0,10121,3389,BENIGN
5010381,74,29,27377.563518829007,1264.9775124015146,0,60917,80,BENIGN
7698912,85,18,49437.17951988594,1192.8511608038048,6,34784,3389,Infiltration
6807743,55,25,91317.4784473079,588.8032637976593,0,5615,21,BENIGN
5210658,41,89,70851.42552588385,270.64961850454563,0,53734,80,BENIGN
5960096,97,10,67748.32154673304,1428.942605946283,0,44354,443,BENIGN
2390011,985,19,72607.72650387629,45.73754886142655,6,10448,8080,DDoS
8140310,33,55,65964.06107758882,1161.2157483878873,17,56328,22,BENIGN
1726781,40,44,75979.6359667946,705.3133630556771,0,35118,21,BENIGN
6554945,99,67,19276.20217291335,1176.8360282064891,17,47911,3389,BENIGN
117508,34,46,17725.82867616015,732.7816842431137,17,28963,21,BENIGN
636531,62,75,36216.33437914038,1389.8285096955321,0,58002,22,BENIGN
3435604,767,88,85095.97787958325,63.878586854661904,17,31073,443,DDoS
9187996,19,57,71445.42154967098,405.2277758301673,17,30721,21,BENIGN
1236641,43,9,56647.33428427692,656.9591073035862,0,37804,80,Infiltration
2036821,69,21,1944.7437478119834,168.87291346347172,6,55770,80,BENIGN
6087594,63,70,23580.228393586654,1357.137543491187,17,13138,80,BENIGN
6163285,422,23,80351.3942549899,46.56956212443966,0,36512,8080,DDoS
8706506,10,65,24248.669308421868,46.99758020309045,0,33275,22,BENIGN
9639930,13,95,73029.01971909474,754.7209365159243,17,27711,443,BENIGN
8879491,93,84,18463.4264929884,912.6310776095528,17,19198,80,BENIGN
5036217,5,60,60636.75581993586,350.35730061425255,17,50585,6667,Bot
1107277,58,6,62821.13667005017,864.4126454247089,0,19062,8080,BENIGN
9175504,230,71,75196.62256864816,34.69263581740148,0,57454,80,DDoS
5408620,76,37,43834.240089563995,946.6504203655346,6,39329,3389,BENIGN
4659114,59,20,63267.469908547246,694.4964376578529,6,23230,8080,BENIGN
91,1,0,48696.97887202849,233.75489689895053,0,23451,3389,PortScan
5512560,284,88,94733.8045398313,73.8261781593076,6,32975,22,DDoS
3494685,15,27,52188.07270185074,736.844958380757,17,56021,8080,Bot
1992934,154,91,20959.788312818782,23.0743152692669,6,62555,80,DDoS
5306275,1,53,66789.25491386364,793.1352252677857,6,6221,80,BENIGN
5648834,38,30,54846.732820841346,771.6778334785748,0,53765,8080,Bot
5195014,53,99,80382.94972201466,525.0927661265616,0,62346,21,BENIGN
4716402,52,88,17691.15975932436,1049.8781724802272,17,34861,8080,BENIGN
2473155,1,40,26093.96026739048,334.0724530398086,6,47891,21,BENIGN
1327977,495,36,92162.91073977221,91.63084214830896,0,39843,80,DDoS
7516769,58,37,93002.6113246296,307.70625181483337,0,20080,6667,Bot
7016912,40,50,44225.6766474891,635.5133513698337,0,41487,3389,BENIGN
2687428,86,75,4775.118211842988,331.9002996243568,17,7418,443,BENIGN
6478723,99,36,30655.506862595972,935.3101514269165,17,31173,22,BENIGN
1900055,60,30,24712.265442127813,726.903856047798,6,38343,8080,BENIGN
4198911,44,61,41467.685199492174,573.9846974671891,17,18348,8080,BENIGN
6132546,6,17,31780.061887858756,723.1975542402799,6,22777,80,BENIGN
672325,28,89,82899.23438524542,643.4358716890836,6,7139,8080,Bot
3510563,803,5,303.6019125454037,31.7012362198785,6,41519,443,DDoS
9829042,8,8,64463.18535114982,203.91441831766033,0,57968,22,BENIGN
3070710,668,10,66427.02251560433,69.21153823451218,0,48899,8080,DDoS
8786401,54,94,66062.6575289043,989.8877841586155,0,36449,22,BENIGN
3732338,17,1,52059.46805145697,535.5141584696069,17,27603,80,BENIGN
1972713,38,28,61110.4073109803,1380.2710505100556,0,8151,8080,BENIGN
8307031,9,50,81049.43115370901,281.87951855547806,6,46956,22,BENIGN
3335805,74,68,78419.67786883813,479.2266658796573,17,44738,22,Infiltration
5412149,84,22,3462.537717841041,574.764778476904,17,29083,80,BENIGN
1344191,78,99,3043.653573730887,978.7384960142782,0,45469,6667,Bot
404570,14,6,83894.48127704913,1420.6887906326392,0,15644,8080,Bot
4329494,26,55,57472.96875305629,898.3028368373672,0,42644,443,BENIGN
791724,93,76,95742.73352691923,1287.3330067276208,0,39721,8080,BENIGN
7080003,62,61,43159.159691647576,1359.3604687949728,17,24026,22,BENIGN
5088990,91,73,17674.18213957438,710.3662947025545,17,3967,80,BENIGN
1601307,25,99,47323.49123878091,719.2025076254325,6,34097,8080,Infiltration
5248809,80,79,43654.43079615231,389.99666596913033,17,59224,80,BENIGN
9995953,36,14,51717.73814385163,910.3480412400223,17,3965,8080,Infiltration
2995135,98,52,80794.72338769499,197.64117754318227,0,15874,22,BENIGN
6203790,80,42,65558.39879367761,958.8065225721704,6,17856,3389,BENIGN
484527,33,82,18527.53273993748,1341.4877222546697,17,16150,3389,BENIGN
3959005,581,84,73447.72563550614,80.33638088756473,0,61290,21,DDoS
4083472,87,34,59189.62132784315,980.798798460914,0,30468,3389,BENIGN
1109329,11,78,57831.07305376814,1260.8379103757168,6,64734,21,BENIGN
3893723,58,13,67825.6882435635,1100.126444356181,17,24856,8080,BENIGN
6191181,64,92,56396.54586565317,803.8997733908423,17,61218,80,BENIGN
2089984,18,68,45751.37363380934,791.1752673280328,17,36586,80,BENIGN
4204199,135,48,64038.028281409606,25.83419803783145,17,15936,80,DDoS
8309840,44,17,72372.70695505751,662.9338255096748,6,18638,22,BENIGN
9900254,93,50,22576.694283119057,793.2252003561617,0,33574,6667,Bot
7273920,59,0,49704.989423811254,715.4771953653711,0,28375,6667,Bot
4821799,50,26,45817.24632651236,1168.5005397059522,6,6522,21,BENIGN
6605229,69,63,3990.327061128829,258.2238076610236,17,50657,21,BENIGN
6172156,491,59,83443.86564240059,92.26356543755685,0,17006,80,DDoS
1496130,29,90,37738.20239384243,1117.6608948977891,17,40209,80,BENIGN
11109,93,88,7268.923320120879,1353.217044232273,0,7448,8080,BENIGN
4372572,90,40,45789.909707648134,572.7133891579386,17,4092,21,BENIGN
1723580,67,20,16148.080609159731,281.2842157667903,6,20835,8080,BENIGN
8313364,2,13,70441.44146346649,1142.770308711559,17,49536,21,BENIGN
3699497,25,19,57177.15751676515,890.8776606359515,17,6077,443,BENIGN
1991467,19,91,27011.38069779352,1074.4886754232516,6,10376,8080,BENIGN
5569734,40,84,95047.3859150974,1495.1758968863644,6,2216,443,BENIGN
8719036,2,86,29174.534825558076,307.9188294401225,17,25438,22,BENIGN
4409113,83,10,55499.69069769207,628.3563761017238,17,24853,21,BENIGN
2708768,876,65,80156.78242910492,48.49417487888477,17,38117,443,DDoS
5053779,62,83,51389.2297954488,1293.7223171212236,0,35309,22,BENIGN
1000394,91,23,96085.5675775285,45.131917577492175,17,35816,8080,BENIGN
66,1,0,84385.45669795145,220.13021483818923,0,64705,443,PortScan
9335692,45,36,92101.9014000896,386.8480010367479,0,58856,443,BENIGN
8174344,49,85,37270.2583754439,1161.5583418199371,0,60076,8080,Bot
2285462,99,23,54835.54174112586,950.1122202447118,6,48051,6667,Bot
2842994,69,14,84016.62954934005,595.1462512766036,6,18707,22,BENIGN
10,1,0,90350.00343027458,254.8764487130477,0,21500,3389,PortScan
7860891,4,94,94436.35779685214,495.98087011883257,0,24440,21,BENIGN
3036873,17,63,87915.19932797558,1120.261983143682,0,63702,8080,Bot
4384532,53,30,73075.49040752342,585.2885147915554,6,4747,21,BENIGN
1690892,85,52,2421.4805531930006,704.6410917816144,6,15561,443,BENIGN
1631670,53,93,31495.34494754631,920.7665024492255,6,30587,443,Infiltration
4773698,31,83,12893.628489343046,1371.0735638919714,0,32319,8080,Bot
1660202,22,71,15475.860134014829,390.1557956690754,0,11935,80,BENIGN
1511810,11,43,29090.7187382892,683.0349193222094,17,51261,22,BENIGN
7276381,34,29,7474.04571885526,479.2755904826424,17,20612,6667,Bot
9220938,15,34,24303.181232421557,709.9566487645699,6,11383,22,BENIGN
72,1,0,95697.88365391409,1050.7631053558896,6,36651,8080,PortScan
4584570,774,62,31194.357858819578,99.73811405927658,17,43164,443,DDoS
6807187,53,91,15971.306992402357,1255.1137910682955,6,6432,3389,BENIGN
4062416,481,16,71830.01804198077,25.502553635742686,0,58198,8080,DDoS
9,1,0,82850.51500522498,590.9324544211307,17,22883,443,PortScan
1655564,37,17,31403.78495964835,1177.8351777956502,0,30732,21,BENIGN
9795527,28,91,27849.73105783709,658.3593764745985,17,24369,22,BENIGN
8377214,31,59,24175.95479050335,783.0179014854386,17,48001,3389,BENIGN
8356264,70,66,39326.12390663733,1492.1121349373868,6,20938,80,BENIGN
878935,14,14,8723.17578388918,1183.9189590679864,0,28059,21,Infiltration
9012286,87,15,66912.92265562063,1285.61043489679,0,33752,3389,BENIGN
7556242,16,21,82222.6325256459,897.4195215268961,0,63989,80,BENIGN
3277660,25,94,66368.2279739218,535.3603705056993,0,53754,443,BENIGN
3169970,39,62,42119.96898930485,1487.079027450546,6,64227,8080,BENIGN
5088368,66,30,28896.224734423926,381.1497421384755,0,16657,8080,BENIGN
7280095,38,0,40944.616451157366,1311.7690800960524,6,62694,8080,Bot
6422992,41,74,42383.74848872488,1368.7259753154688,17,63432,21,BENIGN
2379193,98,5,66602.08284725071,1229.9810760975884,0,10817,80,BENIGN
5480383,187,86,92806.03556505649,77.34187156209775,6,52451,3389,DDoS
77,1,0,7058.648944793888,1284.087250391571,17,21933,22,PortScan
9086097,89,51,95335.3592883622,1002.391350623996,0,33936,22,BENIGN
6369653,16,79,91020.12835620345,1027.6194826528372,0,3232,22,BENIGN
6433075,82,61,11773.230034288885,1184.0667340645,6,65378,80,BENIGN
4241344,77,57,18358.503108533387,745.9952590003694,17,9504,8080,BENIGN
3904940,59,18,31159.56014469229,415.3926568512112,17,6495,8080,Bot
3820830,571,12,55966.60409651919,32.857155493678114,17,21587,21,DDoS
2848511,98,31,13447.619607861327,180.83967331428954,17,32669,80,BENIGN
3344543,11,99,20033.4953271887,1018.7115557862274,0,1557,443,BENIGN
9445212,1,8,90267.52939396791,734.7525834013024,17,7292,443,BENIGN
2444249,13,48,10930.063077092578,763.4498073757048,6,33972,22,BENIGN
72,1,0,39887.82651393394,295.0166991488948,6,4056,3389,PortScan
2214769,69,30,76300.17776587087,81.09858544814129,0,29164,8080,Bot
7496221,18,30,88858.31168907382,924.6792811862966,6,48557,3389,BENIGN
1954802,78,58,33604.256259668786,995.0697948763499,0,59435,8080,BENIGN
9488177,518,54,16443.75053575662,52.21540885868505,17,44874,8080,DDoS
9575879,32,18,73701.16590955615,1153.2823032006504,0,13681,80,BENIGN
2933461,238,62,77255.77586731766,55.45699749219203,17,34721,80,DDoS
421755,72,1,98003.34440605443,1275.3301049190768,6,8987,21,BENIGN
5324040,50,44,13954.185144340425,446.4155204717611,0,5538,80,BENIGN
799817,71,95,70942.0882669351,379.8003297366109,17,51139,8080,Bot
5647169,80,42,41729.25377346553,406.49509342731955,0,40712,22,BENIGN
2482366,31,97,91462.94375674543,65.16734338973146,17,31082,22,BENIGN
921906,51,0,40783.08843333858,1352.9236273071733,0,53525,8080,BENIGN
4965540,27,84,44596.03755626661,1498.7961165655647,0,29116,8080,BENIGN
9179751,60,60,12679.659818673417,1228.4533731174045,0,41176,6667,Bot
7873792,33,2,32093.678509087986,630.6422183650579,0,36948,443,BENIGN
1193828,53,90,40084.04703922842,543.8216630445228,17,36632,21,BENIGN
5061454,93,43,1750.8754377850933,1166.5302004444443,17,33256,3389,BENIGN
6912057,475,6,43757.4468442829,52.49238765749987,0,8528,3389,DDoS
1504429,33,32,33631.855126730625,1410.3976176862998,0,52302,22,BENIGN
1777950,41,8,80383.97358004919,433.77787523941583,6,32680,21,BENIGN
6686369,19,29,10711.261344579292,499.25061991727586,17,23046,443,BENIGN
535988,85,17,76021.11269228911,1498.2608678585977,17,4922,443,BENIGN
7157403,41,55,71401.15432767342,1467.698650624758,17,51935,22,BENIGN
3918546,85,89,24178.232778310594,1330.083797632878,17,35271,22,BENIGN
6971731,89,83,8327.16683417971,618.8504576777711,6,54978,8080,Infiltration
2202988,42,30,84183.3445755696,1259.6668478395788,0,48416,443,BENIGN
6703662,23,71,24943.004274491344,439.4219407718609,0,8675,8080,BENIGN
2552292,75,62,14556.011970709826,397.0369127153958,0,18384,22,BENIGN
8524505,508,86,35903.660191319206,47.005845858214606,6,26560,3389,DDoS
1724720,100,49,40088.2823659052,81.3767616592892,6,4451,443,DDoS
5169819,25,88,32608.797978008806,164.26034937942364,0,30567,443,Infiltration
4830265,876,0,97648.11125069512,85.59116232940163,6,29499,80,DDoS
6566792,52,81,88082.06692963501,922.4127681721546,6,17488,443,BENIGN
358162,12,18,87297.54964590886,878.1006858728726,6,8313,8080,BENIGN
7248830,32,63,39876.759052076995,343.375965605293,6,5689,8080,Bot
2077745,33,52,96286.96397384934,114.91113423464313,0,53035,8080,Bot
1401571,74,5,68401.52962916976,1344.587978436537,6,43640,80,BENIGN
4779997,68,16,83199.46687050768,870.2783596757874,0,28149,443,BENIGN
1716648,15,45,50087.51250543621,1156.498561144176,17,34863,21,Infiltration
27,1,0,16061.729319935237,559.366761921306,6,60028,3389,PortScan
9406851,6,72,88688.55049846765,82.90335961998122,17,16292,8080,BENIGN
4100421,91,54,48642.67393721744,404.15665759390873,17,11928,8080,BENIGN
2097811,224,90,96855.4909085197,46.849134675062736,6,52632,80,DDoS
6095661,69,99,25486.10114025245,135.79705071227738,0,10040,21,BENIGN
37461,731,5,99237.89914312244,58.611592923493625,0,4108,80,DDoS
2898945,92,69,22242.468197214905,957.6956387269607,0,52044,80,BENIGN
8146936,35,67,36816.675802346945,1230.3009600755859,6,4875,6667,Bot
3463327,86,85,59401.6522924926,1235.6084057724079,6,40159,80,BENIGN
8093168,944,39,69332.3059184495,53.74063981042224,0,21730,443,DDoS
2457956,63,90,72028.21690064072,991.44476358115,0,2011,22,BENIGN
1761956,68,65,47625.240892777256,49.39419354667179,17,6507,22,BENIGN
2341202,18,8,7682.69568641019,578.5556039691824,17,42174,80,BENIGN
137,26,10,49604.81517161013,184.96146137395004,6,25591,6667,Bot
9010239,86,19,33468.795253639626,1170.6478258853274,0,65273,8080,BENIGN
6252036,97,42,65765.56090187232,197.13987442762908,0,40637,6667,Bot
653768,61,57,18227.558416571155,176.76523277165205,6,25459,22,BENIGN
3404258,640,77,39391.232475135286,67.48134922212242,0,2047,22,DDoS
2656140,95,25,96611.91540005332,1434.1441173469682,6,13779,443,BENIGN
703745,913,37,8886.73992303024,32.021282020477024,17,13339,8080,DDoS
4911772,88,93,60233.41579411603,513.3000101768237,0,8630,6667,Bot
8216084,85,35,9064.822904853576,577.1302184605996,0,37086,443,BENIGN
8131731,48,98,15699.56559399598,107.95407449409018,6,24535,8080,BENIGN
9694635,72,54,60493.438861305716,253.7170505196163,6,41843,22,Infiltration
2621972,96,5,44399.55225777864,480.9480332539996,6,15050,80,BENIGN
594075,31,2,54849.89969501705,594.0446233243919,6,20521,8080,Bot
5052783,34,64,87987.21705950928,937.5650922319703,17,32956,3389,BENIGN
46,1,0,81724.02425109725,538.4918785741955,6,37455,8080,PortScan
2282473,89,57,88798.14494285127,1432.8087604746372,0,44069,8080,Bot
63,1,0,61625.492083821235,527.3354307768739,0,30828,22,PortScan
7527972,387,17,48964.31697140142,84.45479528909493,0,39537,3389,DDoS
2550652,7,22,45919.758178002194,1100.1923440005403,0,41323,8080,BENIGN
9240932,47,95,73980.8556222444,1351.8483604170654,17,51332,80,BENIGN
2392835,8,28,52129.98783249629,1060.6726336919594,17,47443,22,BENIGN
7504461,78,22,10576.87962622188,861.5043747916941,17,43695,8080,BENIGN
7314253,1,35,14193.902405826131,773.4425201842126,6,13821,3389,BENIGN
5418726,77,69,35708.27677139026,451.18049413579195,0,9378,443,BENIGN
9750676,258,80,6782.337197118871,83.76101745044254,0,38191,3389,DDoS
3622646,53,81,23923.12194599302,350.34464912507315,17,20202,22,BENIGN
5996622,92,94,65640.08532135465,590.6004268037789,6,30477,3389,BENIGN
3607040,38,5,1243.031229724656,207.92005196486835,17,58421,3389,BENIGN
5935637,317,33,60409.2865581498,67.2330526862472,0,63641,3389,DDoS
3600300,15,43,77235.692320183,1253.9407454896468,0,58741,80,BENIGN
559131,67,43,17015.375153109737,1308.0325836172462,17,10092,443,BENIGN
6491380,64,26,18096.856320240862,971.3889519269326,0,39338,3389,BENIGN
2701343,68,99,2885.636651348067,400.078504818588,17,40685,22,BENIGN
5444103,5,51,51245.00388334615,375.71722821489396,17,6185,8080,Bot
4435828,90,41,65458.75568727172,431.3347784073659,17,61143,8080,Bot
8595092,971,24,45690.95820846188,79.69153823489145,17,65118,3389,DDoS
42,1,0,38944.88096262117,1465.1378289073189,0,45713,443,PortScan
85,1,0,45441.281729366725,181.59304071313966,6,41574,8080,PortScan
4135654,12,38,78152.82187246553,760.7578997590582,0,25526,443,BENIGN
2988188,64,11,3351.4307345358984,1029.7216549200245,17,53041,22,BENIGN
980007,59,10,78381.85608326083,383.57813237846705,0,28284,80,BENIGN
214068,67,2,66634.21156667912,1454.2861688790683,6,23893,3389,BENIGN
41,1,0,24142.65541574199,536.5521586652843,0,52884,80,PortScan
1901837,50,3,52473.97262401821,1399.886305092525,17,31905,3389,BENIGN
34,1,0,4929.067065244452,904.0860368895475,6,53464,3389,PortScan
9853166,40,13,37958.867033930124,26.037560357260737,0,25639,443,BENIGN
6409463,97,83,17404.24790771349,480.44596438744895,6,2678,21,BENIGN
2302843,571,87,2230.038602065398,99.08041343219287,0,64110,22,DDoS
4588256,306,13,35708.949776596586,93.80064064184414,6,34589,8080,DDoS
985561,95,91,72611.24173944356,1400.150366560899,17,9925,22,BENIGN
5831859,77,15,92102.18673584041,1172.9451901364318,17,30324,21,BENIGN
5711012,76,31,66226.35130906498,937.7955535849878,6,23020,8080,BENIGN
1806523,99,63,40197.012813039044,817.0570250169708,0,33816,21,BENIGN
1950508,18,75,99949.61124018776,571.4212463192899,17,38852,22,BENIGN
9016623,21,15,28294.35081002103,333.0787606334824,0,57628,22,BENIGN
3594228,1,51,18713.143270818055,112.5368783640518,6,29653,443,BENIGN
9565665,38,18,46368.226922591806,301.4170667528413,0,27714,3389,BENIGN
8106684,41,68,50491.14154418078,540.249722441502,6,44728,21,BENIGN
1406527,42,11,35482.338004332625,789.5868526117596,0,27950,8080,Bot
3489650,9,92,69549.90790453201,322.5177655884282,6,6138,6667,Bot
6889153,23,4,18386.441192821712,1462.0063140412435,6,30173,21,BENIGN
3895190,78,41,51033.975975080604,133.73821712530997,6,57559,8080,BENIGN
2765113,11,16,50012.695850078824,160.2918693354898,6,46184,3389,BENIGN
6162592,71,71,82378.64226816392,1030.2514956420805,0,28304,8080,BENIGN
8425090,31,93,92696.81987608048,1137.4911358799066,17,43440,443,BENIGN
7038270,88,9,66326.58737106597,1459.2281742124087,6,64108,80,BENIGN
862319,26,83,30537.15903346411,805.0574477812809,6,26673,22,BENIGN
8334850,30,15,68961.1019868291,265.5822138281769,17,43219,6667,Bot
1718403,34,15,25137.1129240501,1408.1348530613636,17,22105,80,Infiltration
93,1,0,96654.43904795375,1470.746902244997,6,5508,80,PortScan
3801182,461,2,82236.21190827129,68.91591590926522,6,41228,443,DDoS
3346768,5,22,43119.02554660379,1310.051144187086,0,14526,8080,Bot
30,1,0,78434.35171415962,134.809674784697,17,37158,80,PortScan
3205777,986,27,40865.56453619081,60.912113900851786,0,14275,22,DDoS
2506168,38,44,7461.015877974786,1430.7758105298988,6,21932,22,BENIGN
483175,28,99,70676.88730006054,837.4254272074973,6,35856,8080,Bot
8126298,26,67,40461.38330284406,1163.4299646677039,6,32999,443,BENIGN
8716078,61,23,93031.98167838618,998.1255481493358,6,5562,8080,BENIGN
5451831,23,18,30656.121432928663,446.3260222600391,17,20834,22,BENIGN
7499143,46,74,84333.28214545934,889.529317861017,0,2040,8080,BENIGN
6746137,30,39,68043.78452067642,1336.272708616206,17,48094,6667,Bot
9221850,854,45,85332.46161278912,62.762164912179124,6,64079,22,DDoS
4473314,92,39,29188.187709355552,893.4151073981006,0,52193,80,Infiltration
3682896,33,61,46134.54033186442,806.5663129611825,6,6714,80,BENIGN
9231361,3,17,82312.90112354301,437.95921841025717,17,12639,3389,Infiltration
7851846,873,11,64381.88191845334,57.32916027427581,6,25056,21,DDoS
7841740,83,13,35992.18994953346,774.015653951333,17,36217,80,BENIGN
8740345,42,81,51199.56257093,364.1680722695906,17,62855,80,BENIGN
8566654,62,60,99609.80943632757,1345.1596654330854,6,29725,3389,BENIGN
5138056,58,11,74184.79954138819,1426.0677750252173,6,21634,443,BENIGN
5274513,57,26,61452.2652780029,101.95152981702772,17,38288,80,BENIGN
7724678,1,5,82791.13804335157,941.0761600649075,0,38010,22,BENIGN
864999,73,87,44203.033877217014,634.2676215628894,17,31794,443,BENIGN
44,1,0,95006.40046466854,798.4123792316038,0,59287,21,PortScan
6410675,69,79,55202.12286956921,573.2679941469686,17,31311,6667,Bot
2318392,59,49,32687.214962628852,722.0505557101684,6,37626,80,BENIGN
2026493,46,11,8601.997757163226,498.6822220382853,17,24767,8080,Bot
7622620,34,94,37569.52192472235,194.0528512857844,0,62419,21,BENIGN
2379997,97,56,56863.83770365704,467.0083022040334,0,21577,21,BENIGN
1294516,768,52,70324.81387332443,58.418078206761955,0,41338,3389,DDoS
1985296,42,12,87511.66929110733,94.56465334733619,0,31222,21,BENIGN
8052477,29,71,94396.08353238148,586.4439314781861,0,37335,22,BENIGN
7703289,258,2,10245.384618112774,78.5629608587604,17,42094,8080,DDoS
1560221,54,63,60090.49859978148,547.2740774379049,6,12998,8080,Bot
5878363,73,83,66658.9649163026,149.66530343438137,6,49519,3389,BENIGN
443135,813,57,17206.38169933588,99.36973046678999,17,19632,3389,DDoS
80,1,0,54560.068026341505,1260.369788099434,6,20499,3389,PortScan
6650823,4,44,33483.363558027515,927.8448782718244,17,36044,8080,Bot
8349192,354,65,7741.733198591339,23.625143779977485,0,65052,443,DDoS
5200651,20,35,6586.59911671422,765.6241890353583,17,61961,22,BENIGN
9078025,23,22,75921.29804432501,1385.124918052116,6,45064,3389,BENIGN
7747256,37,18,61545.54518720216,820.9147845417165,6,35782,8080,BENIGN
4552736,62,39,71512.16782303686,174.35525043790625,6,45931,8080,Bot
1,1,0,68527.81545363933,1400.9925297309894,17,62014,8080,PortScan
4315696,731,15,13431.229977918669,38.41504975627596,17,6176,21,DDoS
6776096,45,57,15156.525652372755,1498.7721058833597,17,64663,8080,BENIGN
995891,97,17,25248.37242071165,664.3687074873911,6,19535,8080,Bot
9929829,33,35,39910.05869646897,128.7584912862731,17,59935,443,Infiltration
1960399,7,23,93917.62249376319,1298.8711160765508,17,29187,22,BENIGN
5079211,22,0,67389.23613829444,157.46669421479604,6,17085,6667,Bot
45,1,0,25517.19344500346,278.1598350974822,0,48973,22,PortScan
2853601,592,63,5598.410182733993,36.81661094824805,0,19581,21,DDoS
6282544,21,61,68422.39308063731,1020.7556810476726,6,38395,80,BENIGN
5614004,89,35,62531.84708160521,199.2872242925954,6,19830,443,BENIGN
2459722,17,74,67576.34183621369,941.4852721871049,0,24540,6667,Bot
47,1,0,26117.96540585798,1174.971845364701,17,38421,21,PortScan
4240112,50,15,51696.32172253633,202.7742341368018,6,29846,8080,BENIGN
1215542,7,16,36170.280139148905,978.4045057478615,0,38105,8080,BENIGN
5564496,971,23,81769.89389457452,86.62849440701207,17,38169,21,DDoS
7903897,60,97,6939.666211866791,1451.7446534909552,6,38192,22,BENIGN
2580409,83,67,27544.17894416359,259.26065358038045,0,62123,6667,Bot
6425248,7,98,60295.37441703691,1144.3620481123867,17,31470,21,BENIGN
7050085,40,78,20522.37770740215,1273.0160034268185,17,54933,21,BENIGN
7506261,45,1,67271.34359728744,1335.6655923271933,0,33387,443,BENIGN
5152046,59,94,13677.250320015299,499.0484994652451,17,35010,3389,BENIGN
7026306,866,72,2281.229187470313,53.57790805274581,0,35241,22,DDoS
4247428,75,9,86349.45328451203,90.8343764343675,0,35379,22,BENIGN
1451569,55,52,33344.440140728024,611.2182357018177,17,21392,443,BENIGN
3300974,64,88,15684.898306103234,203.45554437843913,0,22157,80,BENIGN
4736516,65,50,17270.90257457998,1183.6608264498195,0,61503,3389,BENIGN
4064097,54,68,88589.53940345648,231.59052636547108,6,11436,8080,BENIGN
8303075,96,13,65443.140614681215,1231.9799177576178,0,24255,443,BENIGN
6126563,40,65,95634.62665900901,179.26807098257214,17,41629,22,BENIGN
8437634,53,81,80004.03233779063,731.3109093064758,0,34188,3389,BENIGN
5410912,44,92,76754.26850281692,589.2587018742838,17,12953,80,BENIGN
93,1,0,49982.065957508225,910.284801234045,6,18151,21,PortScan
6107282,2,83,82080.48987061455,787.7823478348263,17,22687,21,BENIGN
6012721,79,63,41265.253844185165,905.9672587095442,0,43437,21,BENIGN
3751487,21,71,82700.04970323545,21.42625410201469,17,3041,8080,BENIGN
2779160,88,48,75774.12916871227,208.70535363322674,6,29746,6667,Bot
483891,50,89,67843.8625596051,785.3378734321116,6,61654,22,BENIGN
2158814,743,61,32971.61859634567,62.01058136972912,6,60193,80,DDoS
9184974,52,36,63071.16373085602,132.94938891896862,17,11883,22,BENIGN
2622380,9,48,50678.762477507924,342.19760533793664,17,30579,3389,BENIGN
30,1,0,46154.28669259098,1174.1921461081074,17,47819,8080,PortScan
9049967,20,32,99024.63333834756,821.7072576917597,6,31446,8080,BENIGN
8999034,83,21,50439.78298304701,301.3137885517811,17,53787,8080,Bot
1245849,18,69,3198.6205403667036,43.64799059862665,6,19730,443,BENIGN
9344985,84,32,62646.78690818941,549.24147858672,6,46767,3389,BENIGN
2227041,30,27,72801.08450276378,549.0549958675787,0,65377,22,BENIGN
1418280,65,87,88518.3869316744,1107.9853087929866,0,52807,21,BENIGN
8463431,24,3,63268.472672282696,1380.7655485106695,6,43937,443,BENIGN
6233246,960,65,1945.7117198508845,57.53218682338816,6,50537,22,DDoS
7054599,47,76,11974.433581119203,1038.4363678699895,6,34191,443,Infiltration
8237981,83,48,16124.004915801372,959.6601956236644,0,4678,443,BENIGN
3019067,94,10,21126.135302684368,644.678820963127,6,42778,3389,BENIGN
3727004,90,34,79977.68971550031,117.51731912803736,0,17970,80,BENIGN
9921725,44,38,30976.00500091715,720.7274616344649,0,61523,443,BENIGN
792615,29,9,31236.232277086063,544.1250623279354,17,41594,8080,Bot
5910938,77,73,75558.74409777283,834.2876910590186,17,27874,6667,Bot
1393296,227,71,41243.65745213561,88.2945029505299,17,35856,21,DDoS
1035311,17,68,6463.953195380301,1091.874908388827,0,42203,80,BENIGN
2189668,97,22,58512.644576063496,1185.870642110842,6,20039,443,BENIGN
3934840,747,33,13006.768650465006,59.97758408700075,17,11715,80,DDoS
647222,92,31,57166.42799691791,279.4082741288334,0,3040,3389,BENIGN
3782264,88,15,77963.81076219003,942.8954566539301,6,34417,21,Infiltration
1761431,81,67,92948.96373272732,1434.6017120093577,17,32213,21,BENIGN
1877429,50,53,6705.260694923864,1056.7446907559631,0,64862,80,BENIGN
2893070,40,27,30396.658376249063,202.75370627503003,17,10880,8080,Bot
315415,46,59,65246.39830079667,607.8857452883165,17,49256,21,BENIGN
8539302,51,77,31545.300284478915,1374.7458939889157,0,37133,8080,BENIGN
22,1,0,45102.561119303864,958.9454741310134,17,59270,8080,PortScan
6776532,12,59,2009.086254429604,237.78525032886316,0,17471,443,BENIGN
3959115,13,84,69349.80061618402,1092.3964557947036,0,43975,22,BENIGN
2215079,64,79,88328.01315120127,543.207807720054,17,52103,22,BENIGN
3405951,8,43,97685.9647812955,744.5109003911068,6,26549,6667,Bot
7354392,65,1,83053.3348955763,634.2689099375094,6,49303,443,BENIGN
196311,9,22,3177.626242387821,1094.030973557133,6,58806,21,BENIGN
1836182,92,92,65185.39681768095,342.5010762132666,0,18304,80,BENIGN
2237799,459,45,49565.92463138698,73.42767933192366,17,23266,22,DDoS
4458534,558,72,93789.54932139153,21.558681497614465,6,49640,22,DDoS
15,1,0,90213.88646939852,1063.0785346459186,17,8391,3389,PortScan
4957261,932,70,98804.61743822072,72.19635556536922,6,63044,21,DDoS
7395611,974,92,86193.42242616827,39.2761371960773,6,19487,3389,DDoS
4587381,136,80,54689.21338571506,89.34948847307338,17,17408,80,DDoS
5507300,48,8,71490.05154101057,804.6553293582582,17,38593,8080,BENIGN
8766040,74,69,96467.723636654,435.7932752666392,17,21417,22,BENIGN
8472861,3,43,57811.67277665925,37.56155670308472,17,28653,6667,Bot
84,1,0,83997.91870122634,648.5634096083206,6,33742,21,PortScan
9514726,6,73,94220.98761220598,1391.7671732838078,17,17129,6667,Bot
3972262,87,72,57053.76912487939,1386.633725179943,0,39816,22,BENIGN
38,1,0,15915.424608017693,570.7122234030967,6,52939,8080,PortScan
4172160,698,96,15556.33931402144,80.12433508437246,0,20041,443,DDoS
6603452,10,31,11531.717416795984,379.1685659401876,6,29847,6667,Bot
9696772,513,33,47632.318027494024,28.74295197696882,6,53608,21,DDoS
79047,19,82,48014.15782727543,1047.011490525133,0,28017,8080,Bot
7152704,14,32,61737.118837120375,1204.0780060883183,6,2706,443,BENIGN
8136637,21,63,48287.281412074655,1322.554869213283,0,34354,3389,BENIGN
3969511,43,47,97305.50154840249,1404.2251908767996,6,40784,80,Infiltration
6388052,28,15,29131.082059895296,1375.6257815383135,17,50433,8080,BENIGN
5969777,818,49,87381.6625544654,28.277728287093773,6,7689,80,DDoS
968510,36,22,10033.04276171947,1467.5804642538792,0,59332,22,BENIGN
23,1,0,60191.76780367306,581.6629919873168,17,32870,8080,PortScan
9083642,54,53,64832.52173595335,1331.4393735628964,17,54917,443,BENIGN
1040935,38,43,77223.0126576451,672.3250963731681,17,13501,8080,Bot
6626632,17,36,50302.221294520066,644.8419563169881,17,22081,3389,BENIGN
5386552,22,8,19722.628702530255,36.562108655132,6,30983,22,BENIGN
8531325,320,93,36899.761256344,43.43986298932579,0,55107,8080,DDoS
6952157,45,12,27216.151649562926,1013.4930162594038,17,27441,80,BENIGN
9657670,74,59,41910.551563520225,1407.7080989912283,0,40798,6667,Bot
5134729,61,79,52996.83077127002,352.11239470592255,0,21283,80,BENIGN
4926830,556,1,62507.02913772494,30.06108761010441,17,48775,443,DDoS
1030220,61,94,84512.19449167624,336.50840881760666,0,37885,8080,BENIGN
1034880,38,59,91001.03210603556,334.2333729159526,0,20062,443,BENIGN
7128922,66,56,46258.12849013678,453.8406932060964,0,21392,8080,Bot
9852831,33,42,8867.143735625394,160.22033196609107,0,13816,8080,BENIGN
749145,43,18,79706.51896017206,368.57953371799925,6,60397,8080,Bot
872209,31,10,47715.772514039,1383.4867548126374,6,53991,443,BENIGN
7736185,35,77,54644.66013712611,1337.5244714250687,6,19277,21,BENIGN
387505,37,46,59579.41399729384,488.1304242669518,0,64391,21,BENIGN
6805460,47,88,66786.77587419903,1495.4023176255914,6,17785,22,BENIGN
4561886,270,62,89010.08600325078,79.22623217779417,17,19800,22,DDoS
4758769,36,6,95214.6195210191,1088.3081322359574,0,14541,443,BENIGN
3101104,40,78,94016.93190582868,973.1330566397857,6,65494,443,BENIGN
5534793,90,93,80946.36522830345,115.54013526115858,6,61226,80,BENIGN
2932308,89,30,88924.22535838028,526.5993320869527,0,33000,6667,Bot
4187542,238,87,4965.476894835796,98.94531976993078,0,56382,21,DDoS
3812297,15,54,84911.26664546576,95.28306125359343,0,51024,3389,BENIGN
9070084,37,24,7226.523685402452,278.8288009494226,17,63856,80,BENIGN
31,1,0,74619.39075863066,1456.9997482886652,6,34571,80,PortScan
956840,22,29,16936.36215936648,78.89328457707536,17,37203,8080,BENIGN
2210946,81,35,36011.04458119443,680.9788755350112,6,1889,80,BENIGN
4428860,22,49,18418.367915426115,1379.1595376657651,0,37431,80,BENIGN
2309331,81,13,44346.16366372775,1416.644607043624,6,16944,21,BENIGN
4610864,178,28,41174.74438166201,72.42053861201646,0,8115,80,DDoS
9893527,78,26,4806.284397274385,732.3554670629784,6,52106,21,BENIGN
4495533,17,49,83049.794510275,147.99038199056992,17,34330,3389,BENIGN
5215884,72,35,85418.64957944251,1163.6008568231048,6,37821,21,BENIGN
1967682,98,33,78750.72440049956,1069.2955387039394,0,65416,80,BENIGN
840368,90,20,84760.6603231269,877.8278242593082,17,43089,6667,Bot
6129126,94,37,75087.90353112927,1334.589090010259,17,43749,443,BENIGN
5771038,86,74,93748.44453731438,1369.1237317004352,6,65059,443,Infiltration
6557701,80,96,57639.22501998051,1031.201524415298,6,56237,21,BENIGN
8441343,94,78,58264.25465861862,185.90792186506982,17,60123,6667,Bot
983738,80,75,85990.99084251914,161.37725591215735,6,48595,3389,BENIGN
6911696,38,87,34941.554671859674,624.7720331764723,0,57717,443,BENIGN
5596227,24,49,5008.235420257101,453.19688584608895,0,58601,6667,Bot
2791771,99,36,74985.53953981627,216.8151129487335,6,14492,3389,BENIGN
2061992,6,74,25458.917941036263,924.5624153647526,17,15299,6667,Bot
3431643,68,18,47423.58120299602,1031.624109866034,6,7246,443,BENIGN
6963366,82,0,24043.983567449923,1052.9930296025386,17,22824,80,BENIGN
4078240,6,80,82709.08520281986,279.41034298065864,17,41499,443,BENIGN
8485456,26,39,95829.2965079477,472.64883452969644,0,12479,6667,Bot
3909408,91,54,5502.310360058782,314.5982972757538,6,8167,8080,Bot
9837306,41,79,23337.163146366835,909.9746621434119,17,62103,8080,Bot
9347103,75,25,18956.21238153101,859.2805243059772,17,12900,3389,BENIGN
7466997,288,42,67320.35127414665,39.92373563730141,17,25487,3389,DDoS
7685827,80,58,42867.83997753422,458.16370665500824,17,30485,443,BENIGN
915867,83,50,45626.16635142275,370.83833165975517,0,8238,22,BENIGN
8690072,43,14,15707.908438034301,1337.8035917389861,0,30224,80,BENIGN
9716586,53,7,41473.464152979555,92.30385575745919,0,51072,6667,Bot
8214591,15,93,30322.82806233825,991.4696007549293,0,57758,3389,BENIGN
3369515,90,13,61119.091467067854,48.973931924812334,0,7512,3389,BENIGN
3703813,56,96,21723.822873676134,306.8804289609262,6,37387,443,BENIGN
381956,56,6,61481.13411260474,448.43553391716546,6,58643,6667,Bot
3765544,31,17,37774.519185892495,1331.9992345066385,0,9618,6667,Bot
9152069,83,11,34629.45620283964,223.84770168755253,17,36093,80,BENIGN
4579197,57,1,30555.663416101364,1407.953702013798,17,47118,21,Infiltration
7613412,719,49,67383.34940258299,65.14179133764739,6,36840,21,DDoS
4016999,24,92,56241.840543297585,1024.9887076928517,6,36376,22,BENIGN
3955299,209,20,85172.17000021417,84.45193028873038,6,38050,21,DDoS
5242429,73,6,24161.017757538993,1359.780178142206,0,55403,80,BENIGN
3268996,87,90,4011.9579411245554,801.373444117099,17,33590,21,BENIGN
4253559,4,11,18202.348183791008,569.3871413509149,17,44094,443,BENIGN
7357043,393,83,34335.63643288764,96.97659555905672,6,50418,80,DDoS
7137040,63,56,17965.49903085186,363.75612107298224,6,3374,443,BENIGN
2854235,73,77,8351.06775063601,423.85970228415266,6,26562,443,BENIGN
476477,83,73,44533.84731695687,1380.5854718568858,6,10355,3389,BENIGN
57,1,0,67693.36637524392,1195.0117254613435,0,31697,8080,PortScan
122037,98,29,75157.07669539776,779.9810791732458,17,11583,8080,Bot
81,1,0,39872.73247186035,636.519739023024,0,51221,443,PortScan
7652226,19,94,47804.459454704825,1215.203509732172,17,14799,3389,BENIGN
378455,63,51,75547.04933748006,864.54177337131,0,10702,21,BENIGN
3993711,56,55,35270.78303083451,634.2499256628967,17,42948,8080,Bot
9737124,21,9,78476.62112679727,782.8642121536764,0,56809,443,BENIGN
7814989,34,18,96737.60655989699,364.4096809172191,17,3689,8080,BENIGN
7277286,17,18,88048.06233413804,318.91542640169814,0,48113,22,BENIGN
1675359,18,86,45359.53366870271,1483.8543529435658,17,52187,22,Infiltration
9428182,81,58,57951.84948889248,1454.9958953065143,6,14153,3389,BENIGN
8173292,66,43,71642.63866560665,642.8241213303494,17,45391,3389,BENIGN
6609101,51,58,34930.044243618075,782.5870670932989,17,7550,6667,Bot
7537430,65,95,79923.80999762859,1244.2473239175802,0,24705,6667,Bot
8938099,43,83,43691.6995280531,1094.2367695235746,6,6269,443,BENIGN
8816187,57,3,84684.1558100434,167.33286557931712,0,58737,21,Infiltration
6025045,275,96,25473.389492606548,20.405739011979207,17,48867,3389,DDoS
1360864,37,64,1137.8056332832286,390.2238399825292,17,35186,8080,BENIGN
3171653,48,12,63268.8395972375,1489.0926836856395,17,48536,6667,Bot
2594645,69,66,45188.91174931257,1128.07835087949,17,42812,8080,Bot
3183099,56,11,5982.311701756027,90.69250954164991,0,56580,80,BENIGN
9514540,509,92,48761.23530730756,61.89522330815947,6,52251,3389,DDoS
7406565,227,54,16856.984542151487,56.25714231553864,17,36688,80,DDoS
7029546,464,60,62974.91626810633,53.159418106015266,0,13761,8080,DDoS
5790840,55,94,44504.557764492456,970.1270875992396,0,13838,80,BENIGN
8951542,38,40,17112.47519049519,1029.4177086607197,0,58550,80,BENIGN
8272786,73,35,41193.8947212083,1099.7304799589747,0,1399,8080,BENIGN
840697,90,1,23270.880817746875,1046.3907641646033,0,27429,3389,BENIGN
35,1,0,65309.678047291476,848.3826524393096,17,48092,443,PortScan
2572803,123,21,29514.33740457303,60.307016505936424,17,37782,443,DDoS
730659,77,40,82201.73500513031,778.3137747489658,6,58577,21,BENIGN
8910435,89,94,1416.3205491512288,184.1515777756595,6,15885,6667,Bot
6328504,94,13,40341.797654229485,139.0297150962809,6,29727,80,BENIGN
1862115,53,92,61708.04555879711,47.19739645868162,6,11307,80,BENIGN
9921421,56,34,2260.828444916296,653.3266125591183,0,49605,21,BENIGN
2005564,7,49,21584.190252405468,424.3896723214833,0,31067,8080,BENIGN
9671030,57,8,32741.995952945992,1344.923994713107,0,42869,80,BENIGN
4605777,55,95,2184.4554582344244,1303.378830777613,0,40051,443,BENIGN
4017741,52,58,54669.07048506705,1260.006903195905,0,37498,8080,Bot
9932620,4,55,63086.83890844829,1303.5716137510722,0,21875,443,BENIGN
1705792,43,90,22752.22518130329,460.4564056073246,0,2018,80,BENIGN
8325748,313,9,54348.272732837846,52.28048174541214,0,36281,22,DDoS
9397215,30,24,99912.68891574972,481.37232772823165,6,3685,80,BENIGN
626876,949,44,88691.92877473196,47.5212401942245,17,49155,80,DDoS
1762087,94,96,5866.083160048985,1387.5885144070348,6,55666,22,BENIGN
6523329,7,10,12788.246441632522,931.5708732976192,0,31421,22,BENIGN
9370807,36,8,49440.332134932716,216.17755190748488,0,16368,443,BENIGN
3486182,35,6,24520.1114864715,324.9672558476661,0,4539,443,BENIGN
1550742,88,70,8096.923717683091,687.113888726714,17,21470,6667,Bot
2495003,39,33,25455.449274571885,96.8032353643674,0,23242,80,BENIGN
7789383,36,82,6117.809767380256,422.54783621748214,0,62701,3389,BENIGN
516131,20,19,52991.24421156489,1061.100653753386,6,64570,8080,BENIGN
47467,49,88,49025.01036706355,1382.201593404063,6,26954,3389,BENIGN
7226178,96,4,632.6153556150183,1394.522495312002,0,32668,21,BENIGN
5696008,59,92,48251.63956439292,789.6430435073315,17,38802,8080,BENIGN
1632848,49,54,51980.51472609909,481.9897771692991,17,25232,22,BENIGN
4863044,90,90,60570.37410115988,1382.7035695835746,6,55811,80,BENIGN
364816,26,88,97009.97244065045,1184.2196611778716,6,64427,6667,Bot
5327801,36,14,98269.24270520004,888.9256355383092,17,28419,80,BENIGN
8633405,43,47,52692.931067082216,1255.1382941429974,6,32698,6667,Bot
5253187,684,3,84518.66976097824,29.18462090597724,0,6539,8080,DDoS
66,1,0,8516.576999030922,186.04835535840803,0,8944,22,PortScan
5270737,99,80,53115.46224300754,1408.5924169636794,0,29998,21,BENIGN
8352904,76,20,67890.00592239617,810.3304740122879,0,52102,6667,Bot
454723,33,79,56472.881956954836,1049.0300174253907,6,6100,21,BENIGN
8284842,832,89,23072.099445418502,59.9876482223505,0,64992,443,DDoS
8015748,451,8,6265.798630461095,85.68411321932709,0,17636,8080,DDoS
1310746,239,65,38666.92845751896,28.378586519566518,0,45195,22,DDoS
8430048,45,78,64764.249778675876,84.6354917576914,0,13126,443,BENIGN
9358446,88,34,99171.30736555619,149.61781082451066,17,29749,8080,BENIGN
8169915,15,87,23653.345138394623,323.2802862457632,0,40377,443,BENIGN
892843,95,50,91778.99097113838,850.2964739181111,6,48702,6667,Bot
2014851,17,77,6826.1399525264,1489.4694107299554,0,32910,22,BENIGN
5842588,12,36,93098.92739239782,1268.7104975426653,17,56228,3389,BENIGN
53,1,0,83236.676787003,147.083238577702,0,55863,21,PortScan
1330757,23,81,2094.5352731847943,1266.6686340604804,6,65096,21,Infiltration
9352919,90,85,29818.537408866465,813.7407360564353,6,30816,8080,BENIGN
5252379,204,81,5095.665367853352,79.07930879629659,17,58213,22,DDoS
31,1,0,99550.58715295595,212.0532657415824,6,52815,22,PortScan
5000883,68,65,42784.400458377626,605.2515361173632,6,25374,21,BENIGN
2328867,51,95,66217.35196106374,1328.5001380090634,6,35086,22,BENIGN
26,1,0,23419.05748223868,649.5411309843395,17,21633,80,PortScan
2707233,57,64,93373.62386675517,208.12794683663466,17,51724,22,BENIGN
4819623,756,8,27417.408853947167,41.42128948034291,17,56055,21,DDoS
6622366,82,12,26021.46073022985,347.8491861445093,17,17924,80,BENIGN
53110,28,99,31460.009594135285,1036.6076193400738,17,47023,8080,Bot
5805433,44,57,46248.916465070644,1368.321091288927,17,20896,8080,BENIGN
5516652,19,29,1853.2726229711027,1105.565137890183,17,49695,21,BENIGN
907372,828,30,59783.75001280844,50.49946527801904,17,48308,22,DDoS
4074511,3,22,3166.579714073814,1212.6101408698376,17,32361,3389,BENIGN
536464,83,62,53920.24877395931,41.61436855685274,0,45039,6667,Bot
903157,536,27,45788.4902182112,99.04677622660114,17,64748,21,DDoS
31,1,0,24254.70581364102,646.6010476250167,0,22015,8080,PortScan
2620009,881,9,32976.80171708267,74.01691382529549,17,15892,443,DDoS
663578,56,88,70565.98112446697,1107.7034524832982,17,4033,443,BENIGN
4139624,252,99,959.7519871396343,77.5289855766639,17,9187,22,DDoS
9691678,61,89,31664.71380257597,636.037977992862,0,52156,443,BENIGN
991093,55,25,68029.72541648673,600.5880317077264,0,39349,80,BENIGN
6394644,35,76,15227.386540255005,824.299571625512,17,9440,3389,BENIGN
1588149,78,16,56038.56541861033,951.4786093903874,17,36042,80,BENIGN
959396,59,39,16893.292848271267,1421.4954280053169,0,49192,21,BENIGN
8337846,39,67,15476.18768569996,421.3535024976952,17,61270,22,BENIGN
7915033,57,22,77228.00957237568,1005.6570431554337,17,12197,3389,BENIGN
262630,83,34,26652.53533011377,71.92548879215947,0,25319,21,BENIGN
3631197,67,74,37576.91189525274,21.490362052950513,0,9351,3389,BENIGN
5708924,34,75,73001.80656249699,57.53015239374209,0,14819,21,BENIGN
2042461,574,8,17951.960054297633,68.19127489396297,17,62243,22,DDoS
217867,22,78,53173.70213328576,841.4194641731295,0,38944,3389,BENIGN
1110070,27,44,91781.96637646631,29.19323691132098,17,43036,3389,BENIGN
3870133,21,36,55382.681937848865,606.6890798556063,6,59742,21,BENIGN
5882645,41,68,4884.576662342944,80.46789759402375,6,53213,3389,BENIGN
9034712,31,18,58969.72746771106,986.8602211835921,17,26951,8080,Bot
187586,27,74,9015.339951439782,954.2234068626434,17,40380,8080,BENIGN
7263876,37,72,28212.454043328307,1180.592302412938,0,54105,21,Infiltration
72,1,0,84967.51053435114,828.4660855299227,17,63958,3389,PortScan
3388384,54,26,1106.912806861793,941.9657459008926,17,51569,80,Infiltration
9815068,9,12,7701.330866462164,433.54055388797957,0,17334,80,BENIGN
1733491,880,56,36336.41286803709,45.789079763418854,17,58035,443,DDoS
8755298,42,59,99939.58798993494,1111.2131197248925,6,1394,21,BENIGN
8483410,36,11,29186.39060718432,925.5577333913752,17,32682,6667,Bot
80,1,0,15727.46187360312,1408.7311103962008,0,54909,22,PortScan
4550156,59,91,54942.213284824895,1484.0542456823275,17,19067,21,BENIGN
1162986,40,76,51925.50215704034,1273.9803919891292,17,42905,21,BENIGN
4075441,54,83,44961.95884288375,1478.7203521958234,17,53619,80,BENIGN
2929486,904,76,94665.37520429488,74.00927066450649,6,8681,22,DDoS
6401491,7,26,28014.93709505187,156.08475894802004,0,51452,8080,Bot
3263747,4,89,29332.42292619662,152.95215796514415,6,7653,3389,BENIGN
958201,365,62,14025.697138708416,56.58146577957068,6,62310,443,DDoS
69619,473,92,69728.80179161753,86.56662423002783,0,64769,21,DDoS
12,1,0,32136.947108053828,110.26254665444375,0,44470,22,PortScan
960755,6,21,80274.02930456525,718.9664150076602,6,42585,443,BENIGN
9585396,73,72,97175.78773729202,485.67586651430867,6,11281,443,BENIGN
53,1,0,4368.5241990591985,890.460739668535,17,58586,443,PortScan
2979774,72,18,99312.18900581248,908.2235306849107,0,30207,80,BENIGN
2292156,71,37,25410.42263570844,1028.6214817450432,6,26801,80,BENIGN
56,1,0,42011.03572545275,873.1346386406013,17,50384,443,PortScan
7122859,58,38,77774.33544926922,583.7587095795844,6,27436,8080,Bot
2611995,77,14,66533.11421393244,55.02671503296625,6,15886,80,BENIGN
4233484,19,53,77843.69208348733,1359.5309328228425,0,48362,443,BENIGN
83,1,0,46633.201571885875,503.84416013380917,6,36998,443,PortScan
5852473,71,45,91606.70785728635,770.582851016068,0,30928,8080,BENIGN
9315989,10,60,78994.08054051103,844.2676267875743,6,1234,80,BENIGN
62,1,0,30922.797543367607,485.98234341428656,17,62106,8080,PortScan
4450796,44,51,94848.02213487598,476.5518154648651,0,45607,3389,BENIGN
2873482,99,33,96105.41934263543,406.07505432268096,0,17680,8080,Bot
1390279,58,72,41505.35557567442,380.1629496960942,17,24735,443,BENIGN
8113424,25,34,65196.04879875907,64.98568004254011,0,40079,443,BENIGN
7128180,93,69,81476.85352139035,1437.713610471033,17,43710,6667,Bot
5851461,172,36,81730.07168714472,65.6845727964361,0,37371,22,DDoS
8314152,40,77,1412.3544690757383,179.939173492365,0,44765,443,BENIGN
3771514,76,60,62901.36330465414,896.0984625972787,0,8525,3389,BENIGN
746570,70,48,97369.92974506061,363.72644052752304,0,42485,3389,BENIGN
9537872,10,8,23134.714779617116,479.8094358973107,6,23995,80,BENIGN
7068666,66,18,79560.88591769386,1205.7289188205662,6,4849,8080,Bot
9961470,25,86,53424.76210769824,1330.986987855987,6,54120,3389,BENIGN
1918617,560,27,22147.02111389115,81.69888008776348,0,11089,21,DDoS
3459644,87,79,5103.797408399601,1400.2205937498939,6,18517,21,BENIGN
7272368,11,25,75992.17110170076,1359.4400545143747,0,60595,8080,BENIGN
2830195,36,37,31647.0349524827,835.7317773151237,0,36856,443,BENIGN
3430085,49,39,37558.60280651047,1363.6130558967564,17,4175,6667,Bot
1311514,48,24,48523.10532490111,826.5969677474126,17,47920,3389,BENIGN
4185827,87,98,50719.49029713082,174.32551867886605,17,31280,22,BENIGN
8404296,7,68,20618.557697041106,1247.5938133881887,0,9167,80,BENIGN
2814368,91,70,67064.1990188471,214.17964750108476,17,14489,21,Infiltration
8846009,223,22,69253.99799558736,87.8806486479456,17,64690,21,DDoS
7058275,51,88,14230.092449924348,582.0933384267211,0,15658,80,BENIGN
4017863,17,64,53290.953991258124,1214.7831914403093,0,18757,21,BENIGN
7931927,32,21,60925.93482272931,143.63427851577654,6,46834,6667,Bot
8436069,26,63,18625.154340029236,678.513367716154,0,9224,443,Infiltration
7136835,711,67,89446.21265293148,85.68957122912936,6,4523,443,DDoS
8232923,13,57,48282.58611752884,881.5971544821915,0,54463,22,BENIGN
2239765,12,27,11502.835766601716,543.7257969547877,17,43097,8080,Infiltration
6363495,71,77,33439.61776211948,874.2004972846682,0,32769,22,BENIGN
3423704,1,96,47696.04482746539,1479.1235342549976,6,45475,21,BENIGN
6084656,33,67,1014.4153080703933,125.89279439069173,0,47106,8080,Bot
1844448,14,74,3190.9875697474054,1314.4501159398137,0,16309,443,BENIGN
759948,64,95,5552.059531061793,476.7715683447712,17,61844,22,Infiltration
7100382,43,3,53813.52258994333,709.2603256182911,0,38379,22,BENIGN
9797985,58,0,33608.81962375212,1116.8538749618217,17,8898,8080,BENIGN
1592123,41,25,89310.40480559996,1366.8539659019666,6,22792,3389,BENIGN
8511074,473,32,55923.38723288943,52.16858125744753,0,24331,21,DDoS
2293416,68,80,75989.6328820911,1000.0445659396103,6,57287,80,BENIGN
9181352,39,26,68713.31767550723,122.93746266657539,0,57586,8080,BENIGN
1539252,1,41,52032.07272377255,798.0042083732013,17,8185,8080,BENIGN
823937,41,68,74472.04397651248,1129.6449307084583,0,18084,21,BENIGN
8781484,45,70,54470.57028677289,270.91052914639977,17,3796,80,BENIGN
356540,88,63,38545.63051904505,1150.4017649656123,6,15268,8080,BENIGN
841718,98,24,43580.48325076483,478.11603252021564,6,35175,22,BENIGN
9350451,98,71,83850.13395438813,923.6156738025625,17,44226,22,BENIGN
5991333,88,97,56327.35581235468,993.9007372869169,0,1522,6667,Bot
4729224,79,3,37729.61481623156,980.491476253315,17,40503,3389,BENIGN
1035440,81,11,17974.31515862481,47.44629849164734,17,43624,3389,BENIGN
8366226,13,57,49535.78422017053,245.3655314665647,17,57556,22,BENIGN
103121,360,94,25240.410953247472,49.50052606617056,17,35646,80,DDoS
7081259,9,10,95557.98781283702,1410.9665634406626,6,62617,3389,BENIGN
2011662,112,58,49098.208465108815,89.52540436193927,17,49879,21,DDoS
8388917,119,35,894.827388925712,31.44801269122145,17,34861,21,DDoS
8610779,23,21,9287.71894944742,1137.4452732876866,6,21684,80,Infiltration
3806727,54,64,28432.449171054253,621.0358237573536,6,43579,8080,Bot
2903661,47,49,9216.284169831102,505.4641898439382,6,45811,22,BENIGN
5473124,39,3,89396.22254954015,1156.9384651470966,0,54497,80,BENIGN
216294,87,99,85435.15668005309,61.86277230807326,0,61471,22,BENIGN
2454182,127,71,97086.15088767567,42.35230243214694,6,9562,21,DDoS
6474567,1,88,70646.56143438099,672.5357366933642,17,40381,8080,BENIGN
6965510,14,91,64546.454621201585,766.2583500747639,17,11438,8080,Bot
3597426,96,51,92349.66378957767,958.7316733428243,6,18236,443,BENIGN
8396107,726,99,94639.31448063243,29.6807630138737,6,59997,443,DDoS
5757222,65,99,87748.78428836024,904.1334873455676,0,56195,8080,Bot
4857262,69,42,86147.28438198227,1045.697641338012,6,61569,22,BENIGN
6132238,535,45,67170.3255443728,23.367306253887037,0,19094,21,DDoS
6664777,49,3,160.59472396448004,790.2967552709574,6,15158,22,BENIGN
1034123,306,12,42951.70503296527,69.26888457880227,17,41256,3389,DDoS
44,1,0,63566.277117934755,844.8894339925641,6,54523,3389,PortScan
58,1,0,54712.73804446047,51.51554549539276,17,43459,443,PortScan
300863,91,24,82112.66298908724,1119.1669271925289,6,43428,80,BENIGN
9444316,57,66,81890.22765141298,269.23866672913715,0,3722,22,BENIGN
3849282,522,54,59868.20094616056,92.06244356857349,6,56227,21,DDoS
1564558,18,95,2199.405325906367,1157.8460699860746,17,24035,8080,Bot
7919684,16,38,36932.995233471775,1133.8657488168558,17,31502,80,BENIGN
4242254,2,64,22881.658534347393,1229.9030999839704,17,61796,8080,Bot
1577686,13,74,33878.81087552508,475.46282374859686,6,37698,80,BENIGN
4474320,45,1,61729.26545160619,1451.3274846962327,0,50799,8080,Bot
8736957,478,68,6646.190268272756,30.353280521575094,0,50333,443,DDoS
986375,72,85,2224.2049048971535,732.1761422500338,0,58936,6667,Bot
1410224,43,61,43687.29159803044,420.0217087465975,17,39613,80,BENIGN
2532100,72,45,79357.38322476449,1115.0230657733741,17,46038,22,Infiltration
3394120,54,76,3069.8574598551854,1211.730462403646,0,61984,21,BENIGN
9860785,74,86,84904.85850930637,1237.1409407263839,0,45888,21,BENIGN
810686,97,30,38387.963275000795,459.4180023393419,6,23170,22,BENIGN
7753402,31,98,11823.54289454518,425.72799344611667,6,13320,443,BENIGN
9817639,76,34,56749.77287981021,1021.8648645321158,6,54780,3389,BENIGN
1599926,888,44,95236.05614244092,83.65672204587895,0,54815,22,DDoS
1348583,73,76,54251.28990388151,396.2237190674255,0,36428,8080,Bot
9547574,48,53,68663.47557859715,1367.6875551190615,0,44023,22,BENIGN
981698,291,70,81642.12868910198,50.3471928064385,17,44844,22,DDoS
4043074,94,68,79934.01222474198,1112.1482724643488,0,37982,443,Infiltration
9194604,96,28,7311.872851373968,671.040265831573,6,32440,8080,BENIGN
9348248,87,71,74099.54132309249,1214.1486880510358,6,43284,8080,BENIGN
9129873,11,7,94944.95658728747,1456.3294812928118,17,23062,6667,Bot
8420249,62,53,70065.22339805773,272.4520824566733,6,38860,8080,Bot
8864467,84,6,83644.28937104676,590.627949000369,6,53145,443,BENIGN
2844610,19,82,48554.97010111197,1296.435836172106,17,53208,6667,Bot
4323592,90,22,31906.932637287144,281.4758637131449,6,38004,6667,Bot
208250,74,99,67623.92230908739,631.185896303937,17,18887,443,Infiltration
2573438,24,31,49219.99781194152,265.8503623720246,6,54631,21,BENIGN
1858877,13,61,89528.88563144051,979.5850229610153,17,55325,8080,Bot
6510629,628,44,97438.19685938593,69.45111321147559,17,62322,8080,DDoS
480720,53,67,81980.20675090005,583.58711598845,0,19780,21,BENIGN
4935600,98,29,99267.9617485444,746.8778142154279,17,19351,8080,Bot
4863199,29,38,34837.059839430316,459.75074041484964,6,25673,8080,BENIGN
4919414,36,4,89575.53787544835,1026.2533770314071,0,22482,22,BENIGN
6993252,71,66,32993.36287973795,184.649192346826,0,54079,8080,Bot
6196619,94,21,11803.807530595355,1322.1051317874076,0,2466,21,BENIGN
1122307,17,27,62137.36953114487,732.3838756003439,17,37781,3389,BENIGN
9213049,48,21,45498.863431199636,867.7649182983196,17,38694,80,BENIGN
2691027,77,85,92169.92334306179,940.7519228190708,0,13110,21,BENIGN
3036224,24,97,49219.388757801506,108.32943056978857,17,29413,80,BENIGN
427657,54,28,92763.25793143031,1140.3463181894876,6,59654,80,BENIGN
2165556,95,42,7863.386719510257,1419.9939442210741,6,49597,443,BENIGN
365850,91,41,83051.18357463347,789.4637860679741,6,34342,3389,BENIGN
7517718,85,59,75911.42684643823,598.4856893599587,17,11667,8080,BENIGN
7767327,809,76,71997.82734785423,81.09933818816195,6,44135,21,DDoS
77,1,0,35513.585506878975,1086.1223784123204,6,61879,8080,PortScan
2152359,67,73,78375.96359975745,983.4441786175686,17,27487,443,BENIGN
3391019,6,91,48329.657924477695,1448.7201081403234,17,65217,8080,BENIGN
6641597,78,67,71520.3510884768,881.0261444379704,6,11406,3389,BENIGN
7412709,55,58,55222.71467851704,387.5961010016946,0,20169,21,BENIGN
7031219,38,95,15743.970453341106,56.65375093969371,0,14228,443,Infiltration
4455337,33,85,6455.859017330224,691.1238042250601,17,29902,8080,Bot
5871448,8,83,36618.665120340374,985.4388646142497,17,11809,443,BENIGN
2379320,90,83,93278.88229458484,274.7659249711486,17,25378,3389,BENIGN
3519165,79,5,52973.50208215531,58.130332290832335,0,47986,8080,Bot
6960798,78,72,80219.20676168709,1365.4523938021161,6,22788,80,BENIGN
1784310,20,27,57595.30706488314,466.88219319744155,0,50999,8080,BENIGN
5198463,721,76,95790.52862734377,76.80636912543002,17,2130,3389,DDoS
7341227,48,30,36945.556215460085,154.78495596169748,0,64774,80,BENIGN
2463601,83,38,5705.045537797293,584.7876919205395,17,49972,8080,Bot
65,1,0,78066.83833055846,647.1844884364156,6,17133,80,PortScan
9975695,97,77,70545.65083310915,1356.0619147826474,17,19627,8080,BENIGN
2819227,88,85,52753.438223834615,1300.877068007425,6,45753,80,BENIGN
13,1,0,32639.124319031464,299.72302113875065,6,17769,443,PortScan
5026114,52,87,18826.514768943925,842.9720954652213,0,29737,21,BENIGN
1933019,50,71,48227.60441763143,1102.2467501081546,17,43747,3389,BENIGN
6250774,636,14,66620.14092904869,30.936316160070618,0,23825,3389,DDoS
7620620,36,50,57888.642937019285,603.7608159917207,17,64261,80,BENIGN
8652064,61,69,43749.0510371608,1477.624306081626,17,22003,21,BENIGN
7984805,16,22,53969.4444329195,1144.403560886241,17,13443,21,BENIGN
61,1,0,10795.493031459846,667.026492852766,0,25028,3389,PortScan
8731996,173,94,69584.01038599214,29.230864570739918,0,3981,21,DDoS
2002607,71,45,73425.60437959335,946.1578850392231,17,60840,443,BENIGN
2652908,47,92,1145.260409709059,758.284021382995,0,40878,21,BENIGN
4777476,86,22,27051.955586086897,629.1976475235559,17,15968,3389,BENIGN
68,1,0,9211.686017327303,551.8375710363475,0,59444,80,PortScan
7366929,43,72,99823.21318744968,270.0928185443438,0,48916,6667,Bot
1358393,83,76,59334.28337551634,1460.959267673788,6,10636,21,BENIGN
51,1,0,46573.809422656246,155.29080227265945,0,40129,443,PortScan
62,1,0,46300.10189810573,909.5131405011783,17,33166,3389,PortScan
5133481,35,40,96477.39192287702,1440.2116180548799,0,30702,8080,Bot
3786165,69,64,65985.56381495485,574.8987932537034,0,1487,80,Infiltration
4848343,50,64,16865.955824708977,393.58359757327565,17,18786,443,BENIGN
2425458,12,39,44815.88279958674,1434.174010120352,0,14508,6667,Bot
7645739,76,17,77419.68409458993,1206.5742125372772,6,41299,22,BENIGN
3917530,85,35,42335.00668587931,989.4370523385546,6,44224,6667,Bot
48,1,0,30953.34258868586,925.7428719774216,6,46073,8080,PortScan
2105877,83,53,99121.60765802553,552.986660551359,6,6573,21,BENIGN
5544323,561,62,93563.71346122291,93.93546970400921,17,11650,3389,DDoS
2390614,73,0,94156.03693239586,1093.0376264157353,17,30352,8080,BENIGN
5942812,49,51,13167.252967273767,66.96184530308028,6,25232,6667,Bot
1171858,36,99,23425.525680916206,194.18126106834134,17,14312,21,BENIGN
5276185,54,56,44206.6958165841,486.36342372927527,0,41427,3389,BENIGN
7449216,47,8,83212.92582325582,498.23005708056166,0,15123,6667,Bot
7185280,32,85,73682.75402276231,1352.7635830284228,0,35587,3389,BENIGN
942739,99,91,84966.73951524292,1033.0679902978782,6,63818,8080,BENIGN
8023656,95,89,92076.32911573708,572.7866330816769,6,16910,80,BENIGN
9380701,53,73,78076.68430505201,1217.6191859797927,17,13112,6667,Bot
9899610,32,55,26177.001014497826,498.3284097771347,17,49580,8080,Bot
5171766,62,46,28544.56823871693,1486.3191019246722,17,50970,22,BENIGN
7099592,37,2,35248.76816230984,1176.797316109251,6,4091,8080,Bot
1280380,96,1,30307.53668336176,1216.417241679031,17,45271,6667,Bot
7457551,38,53,24909.894970311307,406.23935885257663,0,59667,8080,Bot
5546911,118,36,75248.60598757422,26.35769200273171,0,29803,3389,DDoS
7127570,58,55,3399.1050900381238,596.5177900308701,0,46335,443,BENIGN
95,1,0,72839.3738095065,514.668910724108,6,14414,22,PortScan
4015889,66,96,82356.3771514968,1159.3515673289123,17,44421,80,Infiltration
4986618,983,95,6604.404334481784,37.47197538503458,17,16913,21,DDoS
8979766,11,11,6184.710720099618,800.6501018795904,6,49456,8080,BENIGN
3727761,59,57,28546.380289330096,949.7260837364458,6,50900,8080,BENIGN
1279472,878,66,20830.68156016652,55.067794875385076,0,48023,80,DDoS
4095328,37,25,58113.36736901933,316.89882308092365,6,18640,443,BENIGN
5767134,73,77,67545.15435016336,1345.586863855737,0,45066,80,BENIGN
63,1,0,63414.19961043248,225.4832676601009,0,61585,443,PortScan
8103392,19,89,35734.737026222276,469.6304734978526,17,61474,22,BENIGN
2449951,55,15,49839.783461363615,1139.719721401318,0,27190,443,BENIGN
6507652,40,52,63999.08295041189,915.8610648617711,17,24926,22,Infiltration
8670541,7,71,11942.62688063703,1101.3554128201636,0,1563,6667,Bot
1535934,5,48,22951.191445389406,1216.9746135688363,17,40791,21,BENIGN
2442647,42,48,89049.61539861828,1345.181473454677,6,33443,80,BENIGN
1237068,88,91,34232.63765491142,470.75622279952626,17,33900,6667,Bot
3078982,48,6,80115.63819197053,721.9716372274197,6,35863,8080,Bot
1521193,7,14,25098.975233714405,1038.6990125711225,17,43680,6667,Bot
1988122,11,35,4164.035153602185,1196.2235824367494,6,22002,22,BENIGN
5281692,73,71,50040.05924734096,875.1688105615643,6,45021,6667,Bot
7536481,49,73,89248.20435624864,780.3473033758459,6,3443,21,BENIGN
8411259,131,14,81928.45491421378,85.68088806307172,0,2212,3389,DDoS
3193896,41,61,25293.916892448986,585.4029065820068,6,40332,6667,Bot
8482316,3,17,90993.5774424347,1342.6823583250907,17,64783,8080,BENIGN
8357138,86,45,47971.589491630315,334.0840245694939,6,17007,3389,BENIGN
8675247,40,60,4899.900378867006,1328.326230781969,6,41386,8080,Bot
9980328,51,42,2792.4619767751733,972.5527156641392,17,8264,8080,Bot
6539208,84,43,48511.3734003325,908.9745124103728,6,58417,8080,BENIGN
3049407,32,98,54632.285571381624,715.5331979040546,17,4718,21,BENIGN
6542783,48,65,7991.292058259036,249.02414318717035,6,45580,3389,BENIGN
2801918,71,54,92224.0653725179,1300.1025277480169,17,17478,443,BENIGN
5919686,71,85,71821.6828490823,97.75025843156814,17,27554,443,BENIGN
4045821,365,78,80128.23584867417,68.21007655454918,6,42475,22,DDoS
1863132,89,38,58402.32512163516,182.36598551761043,6,50649,8080,Bot
4944714,35,99,66354.40761545146,178.1162616136922,6,46065,443,Infiltration
7852116,338,4,38786.022982712035,65.69467009228707,6,55496,22,DDoS
7774166,40,56,67929.70849440932,257.4300263484148,6,17186,8080,Bot
7870367,77,14,97818.28914042695,880.4509633610489,6,13335,21,BENIGN
3089909,837,90,64771.591061096886,75.35638727805741,0,32736,22,DDoS
7819588,39,15,34163.372287316975,1325.4987165773393,6,42452,21,BENIGN
1378248,68,56,28523.912238246783,463.5085312792213,0,18868,21,BENIGN
3044510,61,99,96334.5940847063,477.5840074383427,0,21717,3389,BENIGN
4062218,76,81,18500.229710806503,384.62571273459827,0,63782,8080,BENIGN
238926,81,98,80619.66116696197,1177.0792912883167,6,54418,22,BENIGN
1717454,65,24,46526.22920087588,653.5289186761064,17,65451,22,BENIGN
9139490,62,21,44375.97543528006,837.5845797616892,17,7549,3389,BENIGN
481909,81,30,74753.7787978849,574.4339166853514,17,27309,80,BENIGN
9623540,2,33,14803.843004594342,252.08313562047044,6,61868,6667,Bot
8262469,6,86,46629.592614492045,171.74396905513814,17,18847,21,BENIGN
7284490,75,15,3583.368776774831,1305.0447301584857,17,34820,80,BENIGN
1818282,43,69,67040.68215114693,412.9128888537654,6,59211,8080,BENIGN
4367309,82,58,5837.728395366637,1413.5974750155642,6,59239,21,BENIGN
8782489,40,14,8728.879767388698,1421.9942930943303,0,15749,6667,Bot
5416897,726,81,84482.63812292031,84.17268311886905,6,53073,443,DDoS
2689390,39,12,44295.518701592795,1438.710575272155,17,22534,21,BENIGN
37280,28,23,20097.568854824254,62.161080208478175,6,1746,8080,BENIGN
9022684,80,12,59258.457595537984,155.6428580232096,6,28430,8080,BENIGN
7546791,63,64,51928.32645845314,380.098326323355,17,49641,80,BENIGN
5611644,64,35,41090.83267428582,329.60623443312477,17,53576,8080,BENIGN
5370115,12,48,90541.70667493474,393.90401095493826,6,30995,443,BENIGN
2251447,41,81,74945.7998152346,689.3956090501297,6,53487,443,BENIGN
4792130,29,47,15159.287125529663,113.12360292970963,6,20282,8080,Infiltration
2619993,655,96,57077.46499474199,38.601798696541536,17,60371,21,DDoS
6702345,85,42,8874.390070476711,477.99225311435,0,52227,8080,Bot
3791960,600,5,24465.397044280657,21.51211063806428,6,43721,21,DDoS
8745762,51,80,90986.03467206404,1134.749717980496,6,23657,8080,BENIGN
7396626,45,67,46207.992570824215,987.0760585079535,6,62503,443,BENIGN
1882086,90,13,89210.61016177016,1194.2764961502662,0,44608,22,BENIGN
990024,22,29,16599.896559156412,1410.0662583527437,6,7714,8080,Bot
1965729,192,83,20534.174751163893,30.17577401599654,0,9175,21,DDoS
1103348,7,7,35282.47230670928,1184.3396834829864,6,40491,443,BENIGN
8210225,73,53,36632.56422594668,314.7904084007187,17,43270,21,BENIGN
4263628,704,65,74527.72702306243,33.21311708047101,0,48789,8080,DDoS
8215969,15,3,59941.05619683719,804.5050614935083,17,57622,3389,BENIGN
9418630,77,73,55324.94259466301,820.9964328860068,6,58944,6667,Bot
8623453,46,83,60237.55068280939,1083.139223901824,17,23895,80,BENIGN
3583750,90,59,73219.13725234091,1197.9927180095438,0,26387,22,BENIGN
2363419,85,52,89281.66386090888,1006.9423316551437,6,27167,6667,Bot
1818322,87,98,41473.99564772202,89.92332423600138,17,25054,8080,BENIGN
5410787,61,73,80292.59429234655,539.8008079396668,0,35680,80,BENIGN
72,1,0,49509.68830860286,867.2097502625012,0,25763,22,PortScan
563606,61,14,72207.82425495384,771.6468008845353,0,42385,443,BENIGN
7834867,51,99,87482.37880597675,86.2995119228396,17,19940,21,BENIGN
8904437,38,0,3221.482236483375,1471.3421221982621,0,9568,8080,BENIGN
5472746,12,21,54662.97553367805,1435.036180316163,6,50848,443,BENIGN
8251143,88,90,98938.06264604755,1165.1674529801603,6,44868,8080,BENIGN
5045516,77,92,49622.441452246414,101.92279464969943,0,53329,80,BENIGN
5273997,66,14,86430.36826016923,656.7075965510402,0,17672,8080,BENIGN
354282,54,73,18589.985241682938,626.4589380978825,6,2089,22,BENIGN
5142898,313,83,60428.709024633165,23.201843057153965,6,24542,80,DDoS
2641055,76,21,87030.59632344452,102.7741176413916,0,47302,3389,BENIGN
2498102,39,49,43153.313161877115,647.0118360775982,6,12670,8080,Bot
2916685,78,47,48672.205890504374,1141.6021891565138,0,17614,443,BENIGN
1574355,30,72,8201.79044490178,1497.051765359883,17,29805,80,BENIGN
7012122,48,50,4217.209195060501,901.2559569374911,0,55939,3389,BENIGN
3779504,981,95,46870.82995829832,79.80144292403588,0,20909,3389,DDoS
5547339,31,16,84347.53316411338,1497.8369521557195,17,6886,80,BENIGN
5910222,25,82,93132.42721147148,663.4772533167014,0,7239,8080,BENIGN
2769885,68,90,65865.30034612757,1009.6618385411111,0,42391,8080,BENIGN
3514178,51,50,82639.85993346173,335.5583799672177,17,63303,6667,Bot
91,1,0,73485.41626584053,723.956736767218,6,10875,80,PortScan
2664219,63,97,70148.58269004094,136.04908364546088,6,36548,21,BENIGN
9699855,42,48,76903.30987867588,63.14167218949795,6,9494,21,BENIGN
2098051,54,58,50530.295241092914,1341.5206158069243,6,24682,22,BENIGN
9924909,67,9,45793.810349685446,1290.4324908043693,6,49590,80,Infiltration
1579989,80,29,15914.352224186012,481.85569422151053,17,35681,6667,Bot
8927477,90,84,84381.53167080898,696.290504690899,17,25230,443,BENIGN
287655,56,20,4461.388010390466,750.543250115677,0,42034,80,BENIGN
3776044,19,33,26744.41212373291,790.6376623460866,6,22650,21,BENIGN
2744554,46,72,51991.61471457291,219.165086667125,17,16945,6667,Bot
8796885,15,97,97159.81125220496,1167.0869673171098,17,54702,443,BENIGN
3197518,32,49,78597.29422958972,534.7672249817513,6,64338,6667,Bot
2788747,49,75,36867.1224648628,66.90886822031527,17,62232,21,BENIGN
6224998,21,46,71394.83905124351,1021.311053551375,0,28198,8080,BENIGN
6378484,65,84,93136.93880151561,1248.2186942283768,0,42307,443,BENIGN
72,1,0,53888.345153707596,1378.8276443261357,6,54189,443,PortScan
734258,27,5,46194.019550094934,1018.1198745429369,6,56135,22,BENIGN
2692305,433,49,55299.32722743275,90.79397457925305,6,46044,3389,DDoS
6159829,47,99,31153.004115398275,892.8751865312787,0,11638,3389,BENIGN
9193939,95,62,90734.88106841905,1369.4077350785897,17,46953,8080,BENIGN
51,1,0,79728.1812461477,538.8289444970794,0,35596,21,PortScan
6945785,85,40,70548.4112353277,1430.9590682254327,6,8869,8080,Bot
8218716,66,30,58909.20805626426,164.56502615268815,17,63011,6667,Bot
7729495,5,1,96947.47784521883,1097.5180609802067,0,18852,21,BENIGN
8276969,9,15,29770.57294744204,197.46853529565908,6,16297,80,BENIGN
2479229,20,0,28313.516490684953,1202.3354482996306,6,13687,3389,BENIGN
855534,82,3,24213.83328631822,164.530382491742,17,11372,21,BENIGN
308797,63,46,74177.59886449324,502.07305929601915,0,2802,6667,Bot
3715899,86,64,79728.56398743003,1169.7553370364305,17,36330,443,BENIGN
4719807,72,51,59711.41761666919,701.0860407460337,17,41595,443,BENIGN
7279174,98,46,65198.37103381173,1326.3759771012913,0,45278,21,BENIGN
8461616,73,98,34896.07646063928,614.5720358449902,0,30738,21,Infiltration
6032390,71,76,3975.7542472882324,1492.5380180270552,0,11812,3389,BENIGN
4203826,30,49,25363.5843641253,47.63869372927334,17,6360,22,BENIGN
842706,357,44,58430.322713042595,76.85198868431092,17,49764,80,DDoS
5732552,91,41,81293.26823843886,1375.5136892308435,0,60096,8080,BENIGN
7377875,16,94,77719.49784329972,813.2599800585275,0,45652,8080,BENIGN
3871649,85,83,17948.736419318124,1482.9936733169168,17,60648,22,BENIGN
8839123,367,55,5144.621007622829,35.08985787559922,0,59942,3389,DDoS
5635412,29,70,85056.00399960413,655.6989154013185,6,7144,8080,Bot
7725054,47,56,7558.923270265161,782.7585190990677,0,39321,21,BENIGN
3699546,22,32,39331.126278906646,1318.6549512509014,6,28201,22,BENIGN
4223238,78,27,9422.565678491568,1437.2235774457479,6,23039,8080,BENIGN
548823,57,43,56404.87104486067,842.7116831477894,17,8381,443,BENIGN
3233040,83,55,36333.64311875162,474.5823634678806,17,23348,443,BENIGN
4773247,35,43,20249.361780151256,374.2011503697024,17,42946,3389,BENIGN
8474058,88,83,59516.76682180412,726.0313503566988,0,35121,8080,Bot
9497545,60,95,36339.17898796895,458.5810786482515,17,16232,80,BENIGN
9333740,70,72,16678.82517208015,642.8383511148847,0,45508,8080,BENIGN
2885679,185,33,70008.6412564263,68.51558434086395,17,37994,80,DDoS
5912184,676,13,83680.83098823765,61.648294279569306,6,6812,21,DDoS
9080727,3,67,27374.257108749513,968.5007572831039,17,18656,3389,BENIGN
7355654,34,28,18642.504580184028,153.35812108766265,6,47489,3389,Infiltration
1440452,45,78,7525.186198548006,1147.9482999583724,0,27153,8080,BENIGN
1877430,50,16,52790.21250702065,734.6982790819143,17,50235,443,BENIGN
5082170,2,82,83129.36997466692,554.1949561951476,17,23923,3389,BENIGN
8943842,853,8,25078.9895000321,85.59707497797203,6,4237,443,DDoS
5054479,687,26,46063.777163042716,95.38389920730316,17,1141,3389,DDoS
7269156,15,48,16080.34534477798,632.7180055921982,0,40615,6667,Bot
4147136,60,78,40420.082399362764,1220.2391979083322,6,24767,8080,BENIGN
6208187,96,36,1544.5107555475236,407.8547979089642,0,1309,8080,Bot
1048378,85,27,91072.90678534527,1372.8622814209434,0,31260,21,BENIGN
7035583,431,49,67657.18950005686,79.43478796894077,6,60060,22,DDoS
123282,81,54,33281.371763477175,820.3598031538423,0,42002,3389,BENIGN
4242995,98,3,88119.82600560231,611.3650810581687,17,18413,3389,BENIGN
7491918,96,84,18292.962943304425,1118.1591783171646,0,7769,3389,Infiltration
5218075,52,97,7873.373185567434,855.4121375402983,17,21101,3389,BENIGN
8472814,23,18,94262.15811458924,1198.882568745889,6,6713,22,BENIGN
164586,99,36,30901.69617358938,510.88479894300525,17,38901,22,BENIGN
3846656,679,3,93597.33941084536,61.00308943171876,0,21619,3389,DDoS
6259325,41,36,63761.291927280676,1416.295156243305,17,40999,21,BENIGN
735162,57,50,98004.29328154714,434.27981996044446,0,45320,22,BENIGN
727568,97,31,75342.92122124204,1471.8824810172218,17,9336,80,BENIGN
2064718,25,44,10548.386692829803,627.5803352313851,6,44653,443,BENIGN
24,1,0,85222.86669754823,77.02787459934513,6,40299,22,PortScan
4872687,40,40,14787.852252796829,549.3977646490163,17,15564,443,Infiltration
6284279,85,55,69219.7605774314,241.470634550859,6,28133,3389,Infiltration
6914228,46,79,50040.74494233642,470.3423539521644,17,54942,3389,BENIGN
2798758,884,13,70772.50081444839,60.88386067083547,0,16205,80,DDoS
7662308,98,53,76498.95326681984,283.7413361498222,17,29790,8080,BENIGN
1424341,19,62,80366.52114133161,207.51445227932786,0,20878,3389,BENIGN
902910,280,64,83498.0132695715,84.62294936639152,17,36385,8080,DDoS
5541643,339,57,84722.45215496438,29.801148192308247,0,32497,21,DDoS
3714628,69,95,41257.442652241974,1412.6208363852923,6,6973,443,BENIGN
86,1,0,88922.80721922076,1425.1020417549203,17,40265,21,PortScan
6395121,502,3,71958.02535455866,32.26510101080487,6,30520,22,DDoS
6961607,26,72,83897.09314183227,37.967973244103796,6,48788,8080,Bot
3695711,733,45,98919.13528646,47.481019541465145,0,30310,3389,DDoS
5431259,30,85,11641.474213255087,35.328998428815595,6,30005,80,BENIGN
9434802,484,11,37057.96976854081,79.77111972147051,0,39128,21,DDoS
3392489,16,29,80654.70207062652,1470.781783000939,6,13988,3389,BENIGN
3416602,71,93,8630.347139625794,1347.319965990015,6,54439,22,BENIGN
8351970,18,95,54078.10654724602,390.79188896899234,17,36371,22,BENIGN
9142816,663,59,85839.79589281307,25.278134093452238,17,10348,80,DDoS
9121586,628,99,1899.12632081658,47.545892465511145,0,50374,443,DDoS
6225275,31,70,93951.88985590724,1142.7035975692384,6,25592,8080,Infiltration
1001722,1,80,97814.48239046028,216.27469436769377,6,34193,80,BENIGN
3246419,3,64,32228.092970823807,179.50977430392146,17,65256,8080,BENIGN
1636717,95,13,76679.11913900511,824.7063820510581,0,64683,8080,Bot
2466804,334,43,12717.610266445145,45.483236499706116,17,13495,80,DDoS
8750619,554,25,77286.42705271748,58.859008761203285,6,53977,21,DDoS
1046351,65,90,48152.16808340052,394.9233527719543,0,33808,21,BENIGN
285456,62,15,86027.30785282122,298.72804271655184,6,22057,8080,Bot
9912913,7,6,21260.64272762008,294.79380036679754,17,20422,80,BENIGN
3003437,7,31,67265.79532422395,86.94265744571226,0,15515,6667,Bot
9557402,8,88,78611.91744158507,969.9155330833186,17,2068,3389,BENIGN
6563584,19,94,20249.226525232767,263.45412149745397,6,22948,80,BENIGN
8505189,417,15,81828.72775698215,57.09732076726414,6,59542,21,DDoS
4262663,11,77,95798.55009418692,1131.9329340131421,17,39022,8080,BENIGN
3275754,49,88,61607.859992063095,105.07225801083082,6,27439,443,BENIGN
3674877,11,61,78485.04167905505,320.06276675437454,17,26938,21,BENIGN
6233650,41,29,53258.38593596457,241.03581005130422,17,26239,22,BENIGN
8122834,62,70,59810.33609956308,27.17653955014271,0,58223,3389,BENIGN
9598921,52,11,1335.2434525679246,818.2263797958658,6,58825,443,BENIGN
5925413,66,66,52428.72668360271,301.2503183623257,6,59373,22,BENIGN
4395202,68,90,57556.37498240401,956.7016256028381,17,10291,443,BENIGN
8045121,92,45,67004.75457653865,762.6337554063074,0,8464,21,BENIGN
8059662,97,82,16939.060883268863,1008.4595180698145,17,18213,8080,BENIGN
6824225,75,42,24137.42623850925,1472.715222153255,6,46464,21,BENIGN
2242119,67,54,75600.46316922628,345.41359493107234,0,30282,3389,BENIGN
312151,516,44,16763.882002736562,77.15241501833445,0,49056,80,DDoS
6170122,937,59,41602.60723857571,70.04488599770963,17,42846,22,DDoS
2791104,407,70,25049.021898889558,92.22159874294043,17,54059,443,DDoS
6262848,22,79,54518.41036217533,941.0548172528287,0,12375,8080,BENIGN
3568225,37,31,98687.08811549438,213.63435109147673,6,24595,22,BENIGN
6656769,11,7,85203.78976782932,99.69490074666838,6,10670,8080,BENIGN
9542966,44,76,26947.43399615901,432.19944560821534,0,3652,8080,Bot
2443005,86,61,36861.18105784426,1393.6728075695253,17,43177,21,BENIGN
9378878,53,74,91863.35824978394,814.6591073400398,17,63129,6667,Bot
1412310,77,19,89829.49723547386,877.3721971795903,6,61232,8080,Bot
40,1,0,16052.803844865326,923.6917421305379,6,11369,22,PortScan
29,1,0,82927.11317545334,511.6785703061862,0,58694,8080,PortScan
3163357,361,83,29760.79047874518,34.45251473531883,6,24794,21,DDoS
2675086,92,95,54380.31593182695,1432.27770588082,6,57105,443,BENIGN
3415914,11,28,509.83892901981244,1137.969908073756,17,52069,443,Infiltration
6036960,11,3,99859.01908961551,776.3541809728346,17,31326,8080,Bot
1950356,85,70,76109.64696484485,577.5236510703522,6,54536,8080,Bot
2803628,85,42,24173.30598987245,734.5029681004423,17,17729,3389,BENIGN
5310925,7,83,68379.48941390603,69.82449082160204,17,19771,443,BENIGN
4254384,17,33,29330.736282347993,386.2903904563754,17,5227,8080,Bot
9231922,48,99,8945.581398601655,391.04488855616313,6,52004,3389,BENIGN
165401,14,70,42530.99563671303,679.1140632346332,17,64430,80,BENIGN
4815074,63,32,61371.88624436451,369.67843015475813,6,23276,3389,BENIGN
9490728,64,14,8977.74582110783,294.47659396452275,6,53756,21,BENIGN
297280,97,95,51840.62985289427,1152.9810810122033,0,19996,80,BENIGN
3406014,75,85,51486.42324455099,1342.3880149234506,0,45025,80,BENIGN
8165886,77,39,62864.524061370306,119.36714012633408,0,40510,21,BENIGN
4178027,65,92,24464.563853046373,330.28764919993574,6,18958,22,BENIGN
4876931,34,88,2064.1483245866343,1165.0564721984445,0,1261,8080,BENIGN
5032503,9,4,32485.750672560498,1227.435488661011,17,43016,21,Infiltration
3229165,77,77,39858.11925256968,760.236951083034,0,11599,8080,BENIGN
587526,37,49,63574.10546804266,1048.4265544664856,6,28993,80,BENIGN
3430560,30,98,93017.18622752513,134.84845434512158,17,27648,80,BENIGN
1131714,41,65,20338.552278351784,1277.3025196425137,17,1144,22,BENIGN
8003129,45,88,68733.362876834,1252.4385594999837,17,12296,80,BENIGN
2466607,47,53,9740.090937326984,1046.2350296587258,0,54584,21,Infiltration
5418773,7,79,19062.17555548171,1376.1639207952367,0,17591,8080,BENIGN
776485,14,45,50913.451156959156,90.49870990425137,0,12947,22,BENIGN
7464470,48,79,70837.75791597727,361.82598670115505,0,55533,8080,Bot
9465127,707,10,85856.85359409387,54.56647561250825,17,46968,21,DDoS
9395548,34,48,74390.34319796982,254.71153364228059,6,19201,6667,Bot
9370197,80,98,1535.2786860518331,1225.9449387972286,0,46848,8080,BENIGN
4559612,46,22,68393.13259193572,1140.6459700662476,6,49147,443,BENIGN
6519553,59,54,82465.77037003067,1164.4136030071709,17,34121,443,Infiltration
6846190,831,4,52553.347738913806,52.00764871232015,6,44502,21,DDoS
8608064,8,63,96559.86909664093,1148.7757374219414,6,5941,22,BENIGN
2995453,24,34,431.2422443833119,202.1249435100315,0,59410,8080,BENIGN
1675355,67,92,81865.79506243039,178.06471752286367,0,14353,8080,BENIGN
8873308,4,68,33481.973191919446,884.4049029364118,17,51479,21,BENIGN
9884026,96,53,65044.97817378274,92.02961496746373,0,62590,22,BENIGN
1908251,1,2,69348.18944184997,1409.2028785390564,6,57651,3389,BENIGN
3289463,34,5,30624.901637726198,506.6926801947706,6,8405,80,BENIGN
9034939,9,86,99542.44998135077,726.0082583331891,6,49427,3389,BENIGN
9158530,63,55,10325.002807037321,1223.5792695364594,6,47100,22,BENIGN
2786302,76,1,15702.908516865333,612.0782393727267,0,17290,80,BENIGN
7713509,10,81,89219.17052510621,657.3550865039057,17,10568,8080,Infiltration
4209329,456,93,11917.987644487182,29.001479488181428,0,6862,443,DDoS
1649479,50,37,38128.62647459686,540.5506957302404,6,36539,443,BENIGN
5551193,44,55,73314.22118962015,712.5738644758281,17,21519,21,BENIGN
2392101,48,4,79149.18608357383,1419.9742575097575,17,28300,3389,BENIGN
2316930,87,45,95466.91768127924,1405.3068184713723,6,40372,6667,Bot
1233487,6,10,78957.38346742,826.8392587371711,6,17413,22,BENIGN
7625517,88,64,84453.23841197573,694.820501032672,0,56600,80,Infiltration
8439526,24,9,94937.60056944107,1216.0785058015324,17,33598,8080,Bot
2249219,85,40,55368.769227411416,1027.77515226619,17,53934,22,Infiltration
2451703,95,43,34343.34600985444,1324.7138351392887,0,27662,21,BENIGN
1497216,58,89,76161.3144666503,1101.3055251072408,6,33077,6667,Bot
5572044,64,32,16354.15864215567,1429.4695963093657,17,32209,3389,BENIGN
8584136,94,90,6823.167000405661,1331.6436961427053,0,22954,8080,BENIGN
4595872,931,55,78533.0865122769,33.18621079717758,17,8672,21,DDoS
4290091,98,11,95067.13580628518,599.491232129175,0,2687,443,BENIGN
5741738,82,1,44244.69449663754,591.5942582995935,17,49677,8080,BENIGN
6052777,12,0,16113.345344811847,1116.980202966467,6,56056,22,BENIGN
3807214,35,64,49702.09760868626,143.94852924671198,6,27169,3389,BENIGN
8224867,71,32,39331.78519534114,496.87739285401483,17,34177,6667,Bot
6582223,89,85,37247.393975849576,1399.6912800040454,17,39443,6667,Bot
6806069,960,75,62808.083997721566,46.93044861845034,17,22265,443,DDoS
3981148,65,35,17473.571471030613,419.4494087777255,0,44905,21,Infiltration
6079522,80,20,38048.15486973803,725.149258689667,6,8463,443,BENIGN
5636689,60,83,86867.68391067305,447.11262393195386,0,49346,21,BENIGN
7946421,68,35,72966.50976171215,1157.026120345598,6,27885,443,BENIGN
9571326,29,25,5558.846678878915,1278.8955286332916,6,3997,443,BENIGN
1671279,670,46,51390.37959624873,78.78418608315094,0,7638,80,DDoS
8484202,92,94,9129.531790687828,240.58964399883786,6,16486,21,BENIGN
3228509,22,0,95749.64289485633,517.364605180258,6,62258,443,BENIGN
8228053,206,37,24464.06408830053,32.01289848895332,17,26866,3389,DDoS
4898941,63,13,93262.10257134135,83.3426958337457,0,40952,6667,Bot
8324978,96,89,83400.84084915146,1113.979628519886,0,50390,22,BENIGN
3014230,97,45,55136.443469729944,653.9721805058972,6,21234,3389,BENIGN
7592543,577,41,33630.457284296856,41.22547258001272,0,32642,3389,DDoS
8328836,27,6,85794.66806906505,475.1407121235511,6,40012,3389,BENIGN
4747592,18,54,15278.370093654137,219.824366291939,6,48511,80,Infiltration
2111378,18,55,17997.411389903027,1243.605737465907,0,61362,80,BENIGN
7975618,77,75,22472.26773668094,233.0082390412602,6,64632,80,BENIGN
216751,86,62,59769.689784618706,520.7081053483776,17,43821,80,BENIGN
8305630,62,23,31432.522455251423,30.93414281941663,0,61991,443,BENIGN
6620761,121,82,98918.14394789105,74.11362625091886,0,64028,3389,DDoS
9929564,11,72,19511.303529316436,545.1048432490755,6,15254,8080,Bot
6367138,86,98,80561.00975541542,1084.2709703153837,0,28391,3389,Infiltration
7572591,17,3,9583.621850679558,1078.6641749862938,0,25744,6667,Bot
605602,51,41,35344.65622995194,77.17422328014332,17,31700,443,BENIGN
2535344,96,95,24376.250020605385,191.47860380209403,17,63580,443,BENIGN
1560255,14,69,97683.59486302534,1358.8464898191155,0,28132,21,BENIGN
73,1,0,2573.0579777456187,1191.861529559767,6,1860,22,PortScan
468263,93,91,72166.95257005598,596.4376405087987,17,38392,21,BENIGN
9228520,6,39,24772.2125400898,266.23423593990094,17,29268,8080,BENIGN
770108,57,50,81124.8662586619,405.95630450176424,17,26945,21,BENIGN
4499007,4,28,31122.43995851839,993.8794915626455,6,51957,22,BENIGN
3000202,11,41,18728.42450114832,1419.3296195337048,0,13206,22,BENIGN
6589863,74,68,69303.98514232626,931.2923629012391,0,30794,8080,Bot
9433362,92,4,25757.653570794027,59.1394907356799,17,38350,3389,BENIGN
7687006,11,40,48554.686997841556,983.0628281386366,0,52374,21,BENIGN
2378872,99,60,13153.342231404496,1418.2324314941434,17,12422,3389,BENIGN
3476552,79,54,72459.80110431726,550.7886979869514,17,36778,8080,Bot
3397659,8,27,40683.620505387276,1401.6624048976762,6,35005,3389,BENIGN
8737445,84,40,14057.975943726098,1012.517341320711,6,61473,80,BENIGN
2821662,59,8,74159.5046790982,300.95651430395014,17,37221,22,BENIGN
5740692,21,28,10336.219203173625,235.05226891691575,6,24680,80,BENIGN
9838007,65,77,57482.042250896615,280.92340606312314,6,1392,3389,BENIGN
17,1,0,60748.516969005126,1054.8523703056446,6,33330,8080,PortScan
8570309,24,61,93035.05003746974,892.4915037082852,0,42155,443,BENIGN
4263086,30,53,15098.049854523588,694.2044850748388,0,12357,6667,Bot
3368837,936,51,65334.63597302697,67.73232270577506,6,42703,3389,DDoS
2544644,97,33,38076.85813952666,1362.702187826875,0,60854,80,BENIGN
9683837,84,36,40081.43470263093,336.34037294476207,17,57665,21,BENIGN
9803488,997,48,50182.51819438082,28.35150900761187,17,57951,22,DDoS
5326010,80,41,23378.461204900526,101.27885704727255,6,7737,80,BENIGN
5363340,73,13,46118.323895245805,427.48144974350794,6,55415,21,BENIGN
2028317,95,81,68684.6168400835,1385.8885615387983,0,13994,8080,BENIGN
659397,17,32,45711.30395484593,297.6539544181398,6,62574,21,BENIGN
6985581,59,97,4250.842733108928,321.86505443421856,6,64060,8080,Bot
5748877,31,91,25782.624754485783,907.9665467560505,17,4351,80,BENIGN
7226560,64,99,35146.02127531096,859.0911659806056,17,18853,443,BENIGN
9551644,48,86,35472.11368896337,280.41865937353293,0,42139,3389,BENIGN
5506874,557,16,8100.689251932181,95.49640348150616,0,45240,22,DDoS
8978014,70,74,44957.05516172631,193.12590578460913,0,65064,80,BENIGN
1,1,0,69194.9018988567,1294.406512638181,6,5832,443,PortScan
1445919,55,78,4867.201804862331,988.5641270857247,6,16344,8080,BENIGN
2234069,7,67,75092.41723732307,1431.099594344265,6,33329,6667,Bot
192903,75,38,95510.52029634584,265.43360886753624,6,37465,21,BENIGN
2453139,98,93,933.8156371603845,701.6933663049161,17,16620,80,BENIGN
5959876,145,9,19369.231593214463,31.842314065352948,0,35673,21,DDoS
7352282,60,86,54348.77823452923,336.0515154424528,0,41404,22,BENIGN
96,1,0,21804.948655006883,1033.3215800287212,17,2550,80,PortScan
6153383,567,99,76462.60316778679,24.912575881842372,17,20804,80,DDoS
6132569,12,57,31213.43149594431,657.6266264641624,6,5054,3389,BENIGN
6491312,151,68,29362.528231791806,44.3402738737699,0,29048,21,DDoS
8220979,72,63,92.38757834418854,712.1877934779845,0,40784,21,BENIGN
7205373,80,18,27012.61881882757,1233.6192388192294,17,2841,443,BENIGN
4528558,62,7,21767.05219068589,1397.1716238514778,0,9718,3389,BENIGN
4327319,856,70,34324.09671424758,22.117403773484625,17,23193,21,DDoS
9191199,35,39,14765.66530243002,464.87986163087214,0,58356,8080,BENIGN
777250,60,12,59464.86664224948,1170.2888324230894,17,43882,8080,Bot
6316951,29,26,23874.15434923428,272.3248237049202,6,1480,21,BENIGN
5472687,565,81,83175.0864748176,22.457903182125747,0,60822,80,DDoS
9160177,784,87,28455.794673761204,66.29857564169913,6,5811,21,DDoS
2322091,76,1,21086.95994596603,977.1690339329627,17,55290,3389,BENIGN
5462862,61,15,5675.1361939434755,1255.7969964395968,0,55400,6667,Bot
1676199,2,13,73990.66900217439,1433.714359679827,0,59976,443,BENIGN
2090751,33,16,50820.81750375559,1312.5403670742583,6,61897,80,BENIGN
5855213,992,59,11378.299738048281,91.436061348873,6,40819,21,DDoS
9163164,62,69,22133.47826175116,724.035999000348,17,10181,22,Infiltration
9281863,59,98,99871.90720598426,488.47567511046105,6,48003,443,BENIGN
527269,40,16,80602.87267835793,700.3652924310294,0,42240,443,BENIGN
7123901,49,44,34986.94857675893,973.3131403565043,0,51333,443,BENIGN
3781976,198,37,54255.483061534396,52.20355159022628,0,51127,80,DDoS
5065621,38,63,41601.71589005932,958.4973363604712,0,33253,8080,Bot
1897565,92,5,3638.9565400856472,1332.349483792082,6,24860,80,BENIGN
2263667,79,59,77867.70092129064,265.40156211229487,6,43755,8080,BENIGN
5698585,87,48,71698.61132232273,197.9907428649482,17,30082,8080,Bot
4665870,88,20,40880.231449587765,757.8078431208734,6,49023,8080,BENIGN
9705169,13,98,84589.71368806274,1473.0168140431574,17,58988,21,BENIGN
8536441,85,22,53473.90948892145,107.38438177866765,6,48471,443,BENIGN
8683685,280,75,6520.843941180343,44.171398874374255,6,5545,80,DDoS
2724106,76,56,25940.629024688133,1452.205789763095,0,45192,8080,BENIGN
1119916,13,63,46177.28360858461,453.04728093552205,6,34640,8080,Bot
84,1,0,10344.923871079714,1338.6856185435738,17,57066,443,PortScan
3971283,23,26,57108.1192862905,31.48270385444565,0,29242,3389,BENIGN
3972469,92,5,12056.816168340145,692.010496125519,6,29989,6667,Bot
1,1,0,20050.818548424853,615.1427670311846,0,20521,21,PortScan
3226350,17,70,89398.36613382284,1355.9338500336573,0,51959,8080,BENIGN
2471050,24,40,99981.2388041234,718.9983403607795,0,63537,80,Infiltration
6410663,58,79,55025.33440466868,638.5493551635667,17,42765,22,BENIGN
8789884,63,4,61964.86101317649,966.6000233523905,17,54141,21,BENIGN
9459746,135,14,79743.11469264302,93.17018036802313,6,7011,443,DDoS
1043523,51,20,69613.94962040894,814.1081602988622,0,39084,3389,BENIGN
8315408,86,57,18246.654465471634,1434.2385312512558,6,34080,6667,Bot
2517726,10,3,41167.152453844436,319.87361703646786,17,52115,3389,BENIGN
92989,72,68,53511.651890840054,699.1909419889321,0,47265,6667,Bot
717984,21,6,35971.1992146708,42.758454833582434,17,28226,22,BENIGN
4609735,37,34,17610.616975779492,1266.5108807302174,0,20819,3389,BENIGN
2799045,7,35,73611.33440613729,156.18569443553181,0,50498,6667,Bot
4415980,90,14,19884.64050793578,160.24827056704245,0,27973,22,BENIGN
3103023,534,91,26048.592870180408,24.916904086182925,6,61148,21,DDoS
9254504,80,1,28651.96151284325,625.7581222184868,17,32934,8080,Infiltration
6616343,30,56,16177.923047596754,1037.1972619807716,17,8874,8080,BENIGN
7615587,629,4,84955.16229953327,57.865006478329406,17,36574,22,DDoS
3137977,5,70,61061.631886469615,574.2267806979056,0,13478,80,BENIGN
25,1,0,83474.81299921387,407.09023458824197,6,61808,3389,PortScan
41,1,0,49372.93135091092,270.88663022510553,6,13396,443,PortScan
7370663,73,31,51956.30401207354,918.5367312424852,6,62578,22,BENIGN
7751166,22,71,61614.46301343643,393.3632279489136,6,45867,3389,BENIGN
1594675,623,40,37091.954393070206,40.20818729229511,0,15232,8080,DDoS
91,1,0,49658.40948311036,489.3704048090877,0,34656,22,PortScan
1732429,40,74,54691.51290676818,534.7096481270013,6,5577,22,BENIGN
1857184,37,64,95354.24361772511,388.6893109204247,6,41847,8080,BENIGN
1395094,78,39,88290.81318245303,639.3329462771934,17,50547,8080,BENIGN
4514157,412,82,12924.584747452283,50.53689189628741,0,39129,80,DDoS
1546657,43,37,4128.2466792517125,493.16580873316644,6,46338,80,BENIGN
7398612,84,41,68033.3951758179,1171.262659480898,0,3021,6667,Bot
7085032,63,36,4919.866664487738,339.11595961108026,17,41607,3389,BENIGN
4969001,725,55,6035.106495265807,52.86351373180244,6,53039,8080,DDoS
3200990,44,70,15926.33968441428,749.5242336505482,0,41329,21,BENIGN
29982,90,54,35170.7090866734,178.2416687234475,0,32863,80,Infiltration
2675618,9,88,43499.61118512089,1415.7305937470628,0,17064,443,BENIGN
9675964,65,53,51937.80347144368,695.8838327833754,0,55770,3389,BENIGN
1398805,99,21,99228.81929721737,844.3084848012007,0,47928,3389,BENIGN
6211815,44,26,38523.27547120866,294.0882663673261,0,54496,21,BENIGN
6804427,20,46,24275.30965197605,513.2973020600132,17,39252,6667,Bot
4817630,529,37,57525.240858472906,63.6110096720804,0,45913,443,DDoS
6934163,74,38,21515.09526070049,203.47470535799354,17,25462,8080,Bot
556931,33,14,94054.34317918847,864.2790970272542,17,15181,443,Infiltration
9037275,80,65,25925.43020455692,1046.413693982139,0,3555,80,BENIGN
6712087,6,60,98993.41356532717,22.71822758305133,6,45339,22,Infiltration
4597677,83,59,41866.81903808455,1259.61311815551,0,5467,22,BENIGN
9218055,316,7,81268.60073637516,56.26007649240573,17,15700,443,DDoS
5132969,66,43,64828.03250457701,385.4418829812767,0,64367,8080,BENIGN
9078225,18,42,93349.41744447357,1446.046449468781,0,22202,21,BENIGN
8762227,28,5,62542.69529086849,139.9403785900036,0,31720,22,BENIGN
7482526,483,83,58121.79794418506,99.04395435275721,17,35189,3389,DDoS
7934232,65,26,65285.244456851244,984.9574686818743,17,58780,6667,Bot
7112005,80,44,78646.55321445448,905.6003625209954,17,14317,8080,BENIGN
2030988,140,22,89884.16321908079,22.040895219911015,6,49957,22,DDoS
1038004,988,80,26681.490009649155,80.61270945298747,6,51617,8080,DDoS
5634322,47,12,20088.709188011035,1009.8565690189616,6,3904,80,BENIGN
6047041,861,67,3434.9695665979675,24.079624657292833,6,57235,21,DDoS
6388506,52,83,37007.92030436002,134.01106803306214,0,38169,80,BENIGN
4369346,728,63,84618.50228380505,54.485623692807835,6,2290,8080,DDoS
8353270,1,24,6985.74286368866,718.9325086264923,6,65050,8080,BENIGN
9972160,39,85,53852.00764633517,363.7909410263022,6,63126,443,BENIGN
9280420,87,51,69478.86362310644,1116.5190364105413,0,54470,6667,Bot
7642997,90,47,83685.30331210585,1039.1618080113467,6,3861,22,BENIGN
8661451,75,60,58343.03219754965,194.31013468864654,6,43438,80,BENIGN
8723446,1,16,18632.001019295276,862.8043633284935,6,33252,6667,Bot
6767514,75,39,96453.62582182241,565.9320055194007,17,54498,6667,Bot
5901279,88,74,9465.15104020379,358.00531319341394,6,10222,8080,Bot
8254180,74,88,76899.96117969582,1275.4746022029433,6,26819,6667,Bot
7013483,14,68,8655.922384330861,100.91752828236787,6,5852,8080,BENIGN
197270,78,84,14341.91076811152,711.7376123007532,0,53092,80,BENIGN
5614158,602,25,89821.5593694945,36.14774779395687,6,17635,80,DDoS
5423544,119,79,75307.46586017599,95.62418404332985,6,31810,8080,DDoS
7361083,43,55,36550.82712319834,312.43941081114184,17,33729,8080,BENIGN
4374396,223,39,63872.435665620396,77.7992314232335,17,31044,3389,DDoS
4765458,60,84,45724.72217106943,1448.6479422719817,0,19793,8080,BENIGN
7499555,27,95,6653.776089631369,832.4532401672183,0,54881,80,BENIGN
2574684,56,67,72112.76163386957,399.0655347279149,6,59918,3389,BENIGN
7782734,2,7,76325.57237361534,1317.7031222357623,17,12273,6667,Bot
4990144,39,72,88234.13861520163,1482.4958908578546,0,19325,80,BENIGN
2565613,723,44,54063.73466112801,57.027772986258796,0,17521,8080,DDoS
23,1,0,67313.7951001456,513.882620868425,17,3175,443,PortScan
447195,62,40,43805.04183748679,369.3100338952988,6,17835,21,Infiltration
6824564,71,76,31890.92591078264,251.7961687949482,17,5622,3389,BENIGN
18,1,0,41169.99951881093,367.7097873475433,6,23528,3389,PortScan
9374687,67,69,91175.23566644877,356.47766378807864,6,20786,22,BENIGN
6600813,63,90,16417.128504418866,1451.7799239721253,17,59584,6667,Bot
95,1,0,24849.98176205455,971.9928251598037,6,64725,80,PortScan
9868703,72,72,60619.07913777321,267.12369648020297,0,19352,8080,Bot
1971572,78,10,11628.13215611862,742.3010639125436,17,18364,21,BENIGN
1079329,61,34,89186.4511652427,293.26100808436576,0,9360,8080,BENIGN
1140541,71,28,4723.6371863262575,916.9048656827565,6,58976,8080,Bot
28,1,0,75531.22932649062,525.2811822118845,6,23091,3389,PortScan
6540091,814,16,37372.80471492999,96.17936938984258,17,60473,80,DDoS
1588016,46,70,5116.557361146112,379.3306622794272,17,41680,443,BENIGN
2234368,96,11,84292.78937187372,1019.1460584993952,6,15032,21,BENIGN
6442499,72,78,64046.02346804552,623.8928049044833,17,13989,3389,BENIGN
2603187,76,92,885.8709148138466,779.4752953135933,6,48708,80,BENIGN
4961926,74,49,26753.28483846132,1235.5815701175218,0,62586,3389,BENIGN
5199748,14,23,35204.56077250242,990.023675893748,17,40484,8080,Bot
6636808,221,36,32257.81488992712,77.70356962127356,0,36074,3389,DDoS
9672304,94,77,49834.2029029642,1432.0040715345303,17,60906,8080,BENIGN
49992,247,10,52680.295787684576,96.15523031542635,0,48202,21,DDoS
6473149,65,98,39675.40177931582,447.7081489362847,6,23499,6667,Bot
5072337,65,80,33177.03387778569,1368.918547111658,6,6763,22,BENIGN
7030836,57,58,50440.932829005535,1282.7733584434484,6,27553,8080,Bot
8734243,708,54,3361.540462865997,76.36598979408535,6,27426,8080,DDoS
6571620,20,26,64520.17600316147,1396.3217236071075,17,46011,80,BENIGN
3118213,75,66,60598.25169036446,35.04971214113951,0,36134,21,BENIGN
6060397,26,59,27921.979972514953,1237.182900102844,17,26099,80,BENIGN
9596643,44,1,17951.544700063714,432.6275798414653,17,52909,22,BENIGN
85,1,0,7298.497262793479,299.21235582520194,6,55413,8080,PortScan
2222954,70,17,58734.37513061115,684.0902526809739,17,65167,80,BENIGN
3292339,62,19,56890.027258520204,1347.6826804618545,0,21847,8080,Bot
12,1,0,53331.80901105532,1183.1288519287925,17,48286,8080,PortScan
4877423,749,62,98561.8268187151,26.216864813283614,0,30477,21,DDoS
2384372,72,77,53154.411102152,820.6782728248198,6,39664,21,BENIGN
2820477,161,71,72179.07299696909,69.30442959420267,6,50222,8080,DDoS
1418451,74,1,11291.82718335986,39.28734760350478,17,39839,8080,Bot
4918070,34,89,29897.07891855634,287.2992226942641,0,7530,3389,BENIGN
3726813,88,82,27544.661492797175,756.4780376643924,6,8524,8080,Bot
8983378,163,41,57597.55058580084,98.42797642791984,6,38501,22,DDoS
9191791,81,27,33081.3228357074,1237.4518154707496,17,30480,21,BENIGN
180216,316,28,64106.642687005,37.13456803552738,0,24555,8080,DDoS
787101,75,68,69008.97392017029,1074.4367186401612,6,31099,3389,BENIGN
5048345,98,27,3368.9837177403815,1246.2235718661657,6,30843,443,BENIGN
8683890,88,59,63975.771243944524,574.7105332005534,0,25271,80,BENIGN
9617444,5,89,11678.736227884134,1049.4226768090598,17,2211,6667,Bot
1252925,63,4,46513.53018555673,667.1760832906264,17,40820,3389,BENIGN
2302790,29,14,72657.65707689301,1478.7653261107985,6,38057,80,BENIGN
722253,48,72,70334.4995945146,29.86796682388008,6,18001,21,BENIGN
3446110,813,31,29982.25449974611,83.41917472514331,17,32914,3389,DDoS
6493022,16,51,27236.585046081786,410.3002762617729,17,10886,21,BENIGN
7315945,25,89,44022.65078556221,1277.6100987679927,6,36662,8080,Bot
2569495,72,36,18866.708301778723,444.94623302199943,0,1535,8080,Bot
3333051,29,14,97469.90127084799,824.8913008955111,0,63645,8080,BENIGN
311516,52,40,34491.70713139779,1115.5987833319462,6,39243,3389,BENIGN
138080,46,3,92299.32740121771,755.9008054701186,6,6346,22,BENIGN
2501312,25,52,90826.49629599618,627.3957735349429,6,59511,3389,BENIGN
88,1,0,36484.89875623144,82.9266473353404,6,52252,8080,PortScan
5835715,34,83,25408.46322729058,53.939609756928974,17,36802,80,BENIGN
4924291,123,26,77083.56345262632,34.77056513703112,0,11425,80,DDoS
824865,908,20,22937.784756365374,56.178974763129546,0,4769,21,DDoS
907751,34,59,52124.63899624763,1241.3756214977188,0,12254,8080,BENIGN
9782457,32,85,11068.93744198899,731.0488056927685,17,25429,6667,Bot
1350517,29,63,38593.215454942954,407.1398743330042,6,50074,6667,Bot
6047046,9,70,7815.492365511678,455.91591404465186,0,1582,8080,BENIGN
6702805,66,46,28343.959268605744,84.36759538877159,0,56419,21,BENIGN
990491,57,53,66529.37381905463,1190.5076041662517,17,19167,80,BENIGN
4249467,39,30,99130.71565501804,880.7247554336105,6,7224,8080,Bot
6835184,7,16,25480.759650657827,731.5866297948738,6,37497,80,BENIGN
587169,69,49,47332.12905493391,1281.3996261084708,6,7650,3389,BENIGN
3947161,516,6,44804.6114669153,26.773097682698534,0,39056,21,DDoS
3156466,96,82,18415.363420756148,1422.93662175482,17,57185,80,BENIGN
6199080,18,27,61006.903619750774,39.59006348604179,0,4249,21,BENIGN
2315238,82,9,72470.49468219717,1477.2322145200558,17,2428,3389,BENIGN
5549448,49,26,14721.948343645163,1227.507628022014,17,36489,22,BENIGN
4416072,16,12,75712.45725808013,545.3100192201595,0,56358,443,BENIGN
6586342,21,65,70016.16357954912,901.1380689755015,17,25352,80,BENIGN
549766,10,85,19734.28808276233,1299.6154179897746,17,60184,8080,BENIGN
3983127,4,83,64894.76251179033,732.7655625591038,17,14483,22,BENIGN
7675962,44,59,39367.167936352256,95.55357374246857,6,6670,443,BENIGN
9555455,8,42,68113.77524944297,1357.4702016691613,6,45287,8080,BENIGN
8347231,55,68,49609.68522358542,785.1840453787823,6,19568,3389,BENIGN
5605185,19,62,4813.767523405099,826.8327169782812,6,62298,6667,Bot
4783069,64,69,78696.6988137793,40.30290151406156,0,34442,21,BENIGN
7076183,40,98,55559.99247190837,168.09778351638195,0,64143,443,BENIGN
4773383,517,64,72479.46228587325,47.24689144351739,0,39389,8080,DDoS
2059517,9,98,12607.177488025856,663.7250360386766,6,39317,8080,BENIGN
7797651,30,66,72127.24726031006,1497.126303059387,0,58301,8080,BENIGN
7794187,56,53,41366.61885164817,1049.6029600556908,6,57495,8080,Bot
4188532,81,35,79926.70440257236,1425.4096936985554,6,63729,443,BENIGN
2408459,44,70,59916.58753229868,433.44114909999837,17,63959,21,BENIGN
4810474,59,92,35490.21252698002,280.70727627690883,17,56227,3389,BENIGN
1832860,15,14,20191.695224727944,577.3523497111947,6,38289,22,BENIGN
2442467,68,74,81592.41686392426,411.8574473472233,17,14995,22,BENIGN
6847201,70,17,56019.266357652574,927.7812071998013,17,20743,22,BENIGN
2539165,61,3,98746.80726302647,1121.774228391635,17,4878,21,BENIGN
2026191,80,87,37348.867034543175,615.1043191546524,17,2636,21,Infiltration
9579042,90,10,68571.92215857968,152.9721197133136,0,21475,3389,BENIGN
3731722,23,5,62282.087177648085,58.97130296667197,17,5500,22,BENIGN
7785463,77,50,63758.170928744876,342.6810062043904,6,44109,22,BENIGN
9104787,47,57,73697.9964535657,1104.081405139991,17,44014,3389,BENIGN
3087786,17,59,13910.827998295405,347.8975716911249,17,61655,80,BENIGN
954327,57,17,54964.40439982709,1368.2419080436987,0,54902,6667,Bot
4072576,818,78,50912.9670394423,82.09811855820797,0,36068,8080,DDoS
4828076,91,66,34252.978909054065,1295.8926630058497,0,47255,443,BENIGN
3398599,52,16,43615.0266519236,591.0057927165863,17,37678,443,BENIGN
58131,22,96,51881.20766512172,1475.653796534117,6,23057,443,Infiltration
8259382,955,33,32092.231496536104,23.62144383610188,0,13215,3389,DDoS
2451650,39,29,29315.883201854776,548.3006157494619,17,8674,22,BENIGN
2081652,946,18,73827.25746665124,45.61573084102224,17,6611,3389,DDoS
7311082,13,8,6691.814271974273,1302.466370337278,17,4777,6667,Bot
1178742,78,39,31296.3078503782,490.78544829561594,0,10335,80,BENIGN
5381962,852,43,65371.1146133795,70.38018521688228,17,44516,80,DDoS
7604969,66,94,20877.296833104254,432.4148948570202,0,18084,6667,Bot
7979733,749,58,57227.26352855822,95.88459372016695,17,36846,443,DDoS
4112032,14,90,30216.41416485491,493.20219964446386,6,16928,8080,BENIGN
1734541,872,24,84330.12733502104,39.62814160080441,6,49536,8080,DDoS
1252976,74,70,34998.9332129135,760.6391934093496,17,51439,8080,BENIGN
7937208,63,52,22951.65617309105,1072.0585658666134,0,24411,6667,Bot
2960941,71,47,53010.37770893914,514.0715651824019,17,29594,80,BENIGN
7745173,28,70,13566.051300555937,197.31646128914514,6,37136,80,BENIGN
2592959,776,83,79748.39674050585,33.852000771076206,17,45101,21,DDoS
7992488,46,52,68002.82512726603,1199.978491851641,0,52814,80,BENIGN
49,1,0,77050.89046949158,165.02617336723625,0,45044,21,PortScan
7696224,2,42,39887.819979712454,1201.226802175931,0,15710,21,BENIGN
1918815,17,99,83500.34138549418,334.6914387118509,0,13985,6667,Bot
6854895,59,18,49354.81307371533,1024.0388346793227,6,11522,22,BENIGN
8880221,52,65,9469.903492023723,942.1825073232513,0,64567,8080,Bot
2177990,4,33,22402.924899184905,165.42544640545307,0,49803,6667,Bot
4268005,473,80,71105.28015282194,36.29365044510635,6,16921,443,DDoS
3175701,386,87,89642.22988085027,38.944698947222165,0,62103,21,DDoS
1740684,3,72,9518.559241860868,1066.5996656960733,6,6971,443,BENIGN
3217296,37,53,86421.47910972117,1256.5013254943997,0,51257,6667,Bot
5251308,762,0,79906.98291784976,71.0657244192543,0,57790,21,DDoS
8526113,866,91,35656.105998508545,99.89342814259251,0,16609,21,DDoS
7067363,622,54,68927.68043966564,61.88730248919163,0,40199,3389,DDoS
8509881,173,14,18695.134380153322,41.714462478862835,17,47866,80,DDoS
46738,2,84,81339.32999339457,38.76418892040684,17,59595,6667,Bot
5444655,33,14,65733.90218490106,506.392840842541,0,18888,6667,Bot
1162596,985,22,43882.9379467065,79.75678166554111,0,24089,3389,DDoS
8236943,761,65,86451.7315546703,32.660131248856025,0,52077,3389,DDoS
4151638,77,45,13923.450130090154,778.161799479854,17,28601,8080,BENIGN
7776118,332,99,84578.56324363028,22.401133843663903,0,17829,22,DDoS
97,1,0,2388.640652226781,967.1427439762989,6,20528,3389,PortScan
2064898,62,65,75320.04043267963,1077.646307462556,17,27434,3389,BENIGN
2850518,43,65,57336.407674536786,156.87051477579675,17,19898,22,BENIGN
3119910,69,17,69672.32732206093,61.09194408880438,17,30930,3389,BENIGN
822029,59,16,41234.45257310656,1454.9214786821587,0,54292,80,BENIGN
81,1,0,86444.11258921631,652.0079645924645,6,50572,3389,PortScan
4910773,77,97,31314.902413981326,604.5620656455293,17,40290,21,BENIGN
7846640,60,33,27495.52851985274,71.81836787323488,6,15746,6667,Bot
3772317,995,68,30175.06457478424,68.42119751715504,6,26712,22,DDoS
2027942,473,63,77436.38428425841,36.82364434078569,6,36767,22,DDoS
5212381,23,43,49529.173135071236,1048.3706976311846,0,35604,443,BENIGN
734559,30,28,53708.53258541466,625.6338333670774,0,57869,8080,BENIGN
7718842,43,61,83165.54184088553,1358.636516437859,0,52702,3389,BENIGN
2306748,68,91,83336.55523166117,893.0414089006689,17,12423,8080,BENIGN
2789950,21,15,16173.810456844429,1124.7727119065205,17,17414,22,BENIGN
9864783,43,77,54976.76728883171,658.767354852222,6,5859,21,BENIGN
2704034,73,51,12601.820643380324,658.6615380255582,17,9314,8080,BENIGN
8697418,7,1,86852.84711947579,121.15873967963249,0,2514,8080,BENIGN
4542012,16,60,83700.57020975377,1106.280438371092,0,11962,443,BENIGN
3903969,392,3,84934.88582211324,51.93898014458568,0,38017,443,DDoS
5371259,58,51,70485.85003799667,1151.1157345769057,0,47428,6667,Bot
2452076,87,40,46687.73060424563,302.4699700657487,6,65195,6667,Bot
3197960,638,51,40472.122634454856,38.49093119797611,17,55361,3389,DDoS
4680118,69,30,39522.456391360996,1378.4768382953591,0,29713,3389,BENIGN
2780696,100,25,6621.278860876089,93.44493863090139,6,38606,21,DDoS
4040115,65,26,94887.0286464511,205.35893878310716,17,4239,21,BENIGN
4870907,59,50,45027.56567234685,1359.5206932889885,6,19723,8080,BENIGN
3237455,28,97,93011.48992783793,689.5475884473007,0,28011,21,BENIGN
122872,18,94,87925.75391617267,213.21596639528101,0,64827,443,BENIGN
4077511,88,47,82861.03877920145,598.417997867818,0,40419,21,BENIGN
5472395,77,10,58830.88848308269,892.2072945238127,17,59861,8080,Infiltration
6957138,97,7,10155.588595064059,556.2662032357875,0,59355,6667,Bot
9366177,10,11,32391.144955153617,1388.0033060784792,17,40245,80,BENIGN
5756257,546,98,60358.62092860723,47.03909133106512,6,30759,21,DDoS
9696297,744,44,1345.580841467109,55.925879065028774,17,57002,22,DDoS
9854449,96,33,4263.091366849759,347.0077340235805,6,38389,8080,BENIGN
7356248,45,76,67766.33822005779,143.94992096725585,17,17045,8080,Bot
97,1,0,88820.28515018462,689.3982785550696,0,19459,22,PortScan
2801429,16,71,85516.31293232035,1319.9342134025444,0,38347,22,BENIGN
6525538,88,46,16814.527647741208,471.90261610851525,6,41748,8080,Bot
8680507,110,20,91123.3452592341,38.787438043068754,17,12250,443,DDoS
8577582,11,40,69630.22006512707,1259.3293030862505,17,56726,8080,Bot
7223253,83,74,71632.59543256837,472.87238603777786,6,36009,22,Infiltration
6727997,87,21,30404.12007374149,725.8001297414327,17,40794,8080,BENIGN
5434062,836,20,71599.67756838184,26.788080928852818,17,61224,80,DDoS
473918,60,27,70977.22775838923,444.86618785973496,6,61839,8080,Bot
3035965,13,66,59466.55256131199,213.2287556885405,6,9823,80,BENIGN
3883524,435,70,35728.840325904355,61.004529485315395,6,44579,80,DDoS
9105875,44,13,81101.44376849609,658.4977509930355,17,23161,3389,Infiltration
3231465,28,78,93751.79379802689,430.45193706983827,6,43280,443,BENIGN
16,1,0,86988.84250269964,266.3412108678837,6,40117,21,PortScan
3828395,16,51,24297.919421305804,776.9982000000199,6,28113,80,BENIGN
1724933,50,42,44567.382904965605,1180.3850947579315,6,36186,443,BENIGN
8976079,28,70,34241.435229412156,1107.5915419328326,0,12166,8080,BENIGN
27,1,0,70747.95502096134,391.1291399262701,0,2933,8080,PortScan
5864819,523,18,83149.03376710063,89.4978615373139,0,60840,443,DDoS
9051351,60,26,21579.61324394687,1103.2146851027373,6,34661,21,BENIGN
3764140,12,17,94727.55353525584,844.6094192727678,17,16957,6667,Bot
6110893,16,12,67732.91332995683,1118.7764120476495,0,3701,3389,BENIGN
6553955,577,0,21844.787157687064,48.13453186543063,6,56659,21,DDoS
3660980,54,84,37109.461130742675,148.96441739571142,0,58619,443,BENIGN
8596335,49,33,10460.68580565489,1206.915695645615,0,54072,8080,BENIGN
5782755,639,12,59706.89850296086,82.47748834063495,6,33890,8080,DDoS
3646377,62,50,16919.152279262406,528.2914637978417,6,48622,22,BENIGN
1592310,384,86,69308.99381630414,22.608985864353215,0,51488,3389,DDoS
2918734,26,0,73724.6743224655,466.3227602797538,6,14074,8080,Bot
6562444,56,86,47933.481832343175,1337.6191954744963,0,23065,3389,BENIGN
7401728,90,27,9381.67711441853,644.1294456615317,0,38487,8080,Bot
3884585,22,31,61087.318997155126,851.4768144594672,0,21271,22,BENIGN
1991326,73,71,37220.52521238144,972.0429586107509,0,16670,443,BENIGN
9819068,243,54,94964.74712140464,38.84069166469313,17,16154,80,DDoS
829219,996,25,51320.57067020416,30.519626164665475,17,6192,80,DDoS
1054953,418,13,7226.606886417397,52.23059182550045,6,17992,3389,DDoS
5042696,98,87,63604.90831971792,257.32765466651324,17,47297,6667,Bot
53,1,0,77935.37025264985,832.4220483879832,17,57029,22,PortScan
3386343,53,67,16050.280940560246,691.3900853773079,6,23966,3389,BENIGN
8124997,7,62,44905.73643443864,200.70448189420463,0,65176,21,BENIGN
8675593,77,81,74319.69532378214,1005.3618694786306,17,26639,22,BENIGN
3445183,555,13,2049.3615388880835,91.54663429702164,17,37996,22,DDoS
4977137,94,26,2896.9796097377043,207.04729387231734,17,63877,8080,Bot
1535510,30,40,67691.20668828613,1056.2430468501168,17,21590,8080,BENIGN
349860,75,2,72512.64983250966,801.2260212839523,0,44398,21,BENIGN
7490626,95,93,84586.94373197216,437.26079237497413,6,17016,21,BENIGN
9625372,67,58,39959.981579262734,286.7642733825256,17,56004,3389,BENIGN
5827378,59,99,38977.66650455056,970.5799207338384,17,59024,80,BENIGN
296277,66,22,55236.797272965756,324.2830641953842,17,56328,8080,BENIGN
6074625,103,17,75732.69550349312,49.88095443920408,17,43353,3389,DDoS
3406533,662,73,64099.21969382192,68.26589032016848,6,53693,3389,DDoS
13038,199,75,32732.330384385266,91.85136954051768,0,37132,3389,DDoS
1179518,17,40,34654.72564358447,1291.545793156945,6,22406,6667,Bot
994299,52,7,76300.4935567106,530.6633169278275,17,41711,22,BENIGN
5507398,481,31,53464.66617616034,48.78292409009252,17,8679,3389,DDoS
1919498,5,80,9797.617557980942,231.3799568255031,6,44561,8080,BENIGN
6716587,98,40,15299.495415228981,195.4869171315952,0,24676,22,BENIGN
3615062,97,44,85119.03759383158,1300.9295897721793,0,45100,21,BENIGN
5133883,54,77,99880.34316984919,952.2553167298742,0,9623,21,BENIGN
1185722,61,8,33568.290574125494,701.4822948248337,0,19382,21,BENIGN
4193007,16,89,38670.16615568254,73.52250743277335,6,51487,80,BENIGN
6630164,800,47,15448.802478958623,49.26045004611427,6,4102,22,DDoS
545601,59,23,23571.308406042157,576.6105761562911,0,34067,8080,Bot
5199139,47,86,42462.98457758879,636.6407724837309,6,7916,22,BENIGN
